seedling_id,treatment_1,treatment_2,measurement,leaf_area,amax_corrected,gsw_corrected,obs,time,elapsed,date,hhmmss,averaging,TIME,E,Emm,A,Ca,Ci,Pci,Pca,gsw,gbw,gtw,gtc,Rabs,TleafEB,TleafCnd,SVPleaf,RHcham,VPcham,SVPcham,VPDleaf,LatHFlux,SenHFlux,NetTherm,EBSum,Asty,Esty,Adyn,Crd,Csd,dCsd/dt,αVc,Edyn,Hr,Hs,dHs/dt,αVh,Leak,LeakPct,CorrFact,CorrFactPct,Fan,Qin,Qabs,alpha,convert,S,K,Geometry,Custom,UseDynamic,TIME,CO2_s,CO2_r,H2O_s,H2O_r,CO2_a,H2O_a,Flow,Pa,ΔPcham,Tair,Tleaf,Tleaf2,Offset,Offset2,Fan_speed,Qamb_in,Qamb_out,ΔCO2,CO2_s_d,CO2_r_d,ΔH2O,CO2_b,H2O_b,e_s,e_r,Td_s,Td_r,Q,f_red,f_blue,f_farred,F,Q_modavg,F_dc,Pc,Tled,TDigital,TPreamp,TPwrSpy,TDrive,Q_red,Q_blue,Q_farred,TSPF,state,time,hhmmss,co2_t,h2o_t,count,co2_adj,h2o_adj,co2_match,h2o_match,co2_at,h2o_at,co2_cv,h2o_cv,ΔCO2:MN,ΔCO2:SLP,ΔCO2:SD,ΔCO2:OK,ΔH2O:MN,ΔH2O:SLP,ΔH2O:SD,ΔH2O:OK,Stable,Total,State,Vflow,VPchamber,abs_c_a,abs_c_b,abs_h_a,abs_h_b,Wc_s,Wc_r,Wco_s,Wco_r,Ww_s,Ww_r,Wwo_s,Wwo_r,Flow_s_v,Flow_r_v,Tleaf_mv,Tleaf2_mv,Tleaf_j,Tleaf2_j,Console_RH,Console_T,Console_H2O,Fan_%,Flow_%,Pump,Tchp_pwm,Txchg_pwm,diag_20v,diag_5_4v,diag_12v,diag_5va,diag_3_3vf,AccCO2_soda,AccH2O_des,AccH2O_hum,CO2_hrs,ADC_CH1,ADC_CH2,ADC_CH3,ADC_CH4,ADC_CH5,ADC_CH6,ADC_CH7,ADC_CH8,DAC_1,DAC_2,DAC_3,DAC_4,GPIO,GPIO_dir,excit_5v,power_12v,power_5v,ch1_pullup,AuxPower,MatchValveR,MatchValveS,MatchCO2,MatchH2O,cf_co2_a,cf_co2_b,cf_co2_c,cf_co2_d,cf_h2o_a,cf_h2o_b,cf_h2o_c,cf_h2o_d,co2_fit_low,co2_fit_high,h2o_fit_low,h2o_fit_high,co2_elapsed,h2o_elapsed,CO2_f,CO2_f_s,Pump_f,Pump_f_s,Pump_p,Pump_p_s,Tboard,V_system,DIAG,Flow_s,Flow_r,Txchg,Tirga,Tchopper,Ts,Tr,CO2_%,Desiccant_%,Humidifier_%,Txchg_sp,CO2_r_sp,H2O_r_sp,SS_s,SS_r
1,high,control,06pre,3.986234022,4.797368592,0.248835571,1,1750694863,0,20250623 09:07:43,9:07:43,15,1750694855,0.002788045,2.788044763,7.220903587,392.7577667,355.3687168,36.07416918,39.86960431,0.374542342,3,0.350368635,0.221022162,161.915674,20.69764144,18.21605667,2.099587963,54.02799296,1.305357988,2.416077142,0.794229975,-122.9527741,364.8570077,24.28855342,428.1084611,7.220903587,2.788044763,6.218940229,403.9332932,398.8927818,0.093555875,66.98364949,2.949519143,10.79846302,12.98114182,0.000180183,79.04115285,122,15,1,0,54877.60056,1000.004733,841.2034157,0.841199434,0.161914908,6,0.5,1: Needles,2,FALSE,1750694855,392.7577667,398.9947,12.85915667,10.79501667,390.2277667,12.88715667,800.0018,101.4121667,0.09977706,20.47193667,18.21605667,999.9,0,0,10011.58367,0,0.00152894,-6.337758333,397.8170667,403.3488,2.176267333,398.9947,10.79501667,1.315445667,1.094745333,10.97649667,8.242329,1000.004733,0.9600168,0.03998315,0,1.714333333,0,5710.951667,7947.012,38.53926667,40.2143,39.63946667,40.812,38.0977,960.0236667,39.98133333,0,1750694880,0,1750694892,9:08:12,1750694892,1750694887,1,0.098,-0.065,2.53,-0.028,381,11,0.3,0.03,-6.1443595,-1.704541463,0.442171801,0,2.1715045,0.081905516,0.009514062,1,1,2,2-Jan,3.44597,2.78057,0.0966918,0.0981664,0.077635,0.0675467,27451.7,31172.5,29500.1,35131.9,31459.8,40678.8,36306.4,46522,2.41828,2.39893,0.00320375,0,18.2578,999.9,74.3,18.2,15.3662,60.8482,26.0657,2,-0.666446,0,20.2949,5.214,11.968,4.9924,3.27137,2624.3,9999,9999,999.9,4.97248,1.86203,1.86364,1.86203,1.86218,1.86279,1.85928,1.86217,0,0,0,0,11111111,oooooooo,on,on,on,on,0,100,100,2.53,-0.028,2.706943477,-0.001033731,9.12024E-07,-2.25E-10,0.01143117,-0.018148581,0.00209196,-1.91E-05,2,2210,1,26,1220.1,1220,0.841064,2.34253,2.34863,2.8064,2.39868,2.22412,24.1038,14.3772,18,656.789,703.89,19.1836,18.2928,30.0002,18.1934,18.1503,16.9043,32.9677,98.1261,-999.9,405,10.9221,101.274,101.564
2,high,control,06pre,4.462345448,7.654978874,0.179210116,2,1750695092,228.5,20250623 09:11:31,9:11:31,15,1750695084,0.002399871,2.399871111,10.29276504,394.8108333,317.967621,32.27917847,40.08008523,0.240963123,3,0.23070395,0.145075315,161.9140452,21.21171563,20.28255333,2.387988508,54.52244812,1.351417098,2.478643466,1.036571411,-105.834316,97.75162104,6.590446705,160.4217969,10.29276504,2.399871111,10.29084399,407.9895719,400.1945636,-0.003793414,66.97983997,2.410701389,11.55646287,13.33801273,0.000574434,79.04713762,222,28,1,0,54754.58026,999.9928333,841.1935598,0.841199588,0.161915206,6,0.5,1: Needles,2,FALSE,1750695084,394.8108333,403.241,13.3122,11.53626333,392.2288333,13.28249667,800.0027,101.4171667,0.100020417,20.88694333,20.28255333,999.9,0,0,10002.39633,0,0.00152894,-8.486371333,400.0806,407.9471333,1.775936,403.241,11.53626333,1.350086333,1.169975333,11.36831667,9.224878667,999.9928333,0.960013933,0.03998565,0,3.067166667,0,13367.41,7946.909,39.5248,41.24153333,40.6166,41.8204,39.04546667,960.007,39.986,0,1750695108,0,1750695115,9:11:54,1750695115,1750694887,2,0.059,-0.065,2.582,-0.028,400,11,0.13,0.03,-8.5072955,-0.081167054,0.149677625,1,1.782322,-0.069234822,0.010580783,1,2,2,2-Feb,3.44636,2.78085,0.0968415,0.0988279,0.0794551,0.0710869,27437.4,31137.8,29490.2,35119.5,31387.2,40509.4,36295.4,46505.5,2.23415,2.39193,0.0800565,0,18.9843,999.9,74,18.5,15.5947,61.2082,26.0577,2,-0.647269,0,20.2946,5.21474,11.968,4.99245,3.27198,2631.7,9999,9999,999.9,4.97247,1.86203,1.86371,1.86206,1.86218,1.86279,1.85928,1.86218,0,0,0,0,11111111,oooooooo,on,on,on,on,0,100,100,2.582,0.0304,2.804487163,-0.001033731,9.12024E-07,-2.25E-10,-0.053587328,-0.018148581,0.00209196,-1.91E-05,2,2210,1,26,3.3,3.4,1.13281,2.33276,2.34741,2.80273,2.39868,2.24854,24.4902,14.3597,18,538.861,700.846,19.5306,18.5217,30.0007,18.3889,18.3395,22.7299,29.5958,96.6416,-999.9,405,11.6123,101.242,101.528
3,high,control,06pre,4.516068053,5.213722824,0.120676841,3,1750695418,555,20250623 09:16:58,9:16:58,15,1750695410,0.001701123,1.701122973,6.926896711,399.0036667,321.8494587,32.67502191,40.50792443,0.160329968,3,0.155717333,0.097726706,161.9176103,22.09156734,21.0341,2.501167091,54.62382043,1.413472285,2.587648162,1.087694805,-75.01952313,89.67398608,6.090847525,182.6629208,6.926896711,1.701122973,6.774812963,409.8963955,404.7462909,0.001077331,66.97841959,1.707743165,12.67147679,13.93396788,0.000119955,79.05059161,393,49,1,0,54713.29623,1000.015667,841.2126988,0.84119952,0.161915074,6,0.5,1: Needles,2,FALSE,1750695410,399.0036667,404.708,13.92272333,12.66462333,396.4656667,13.87634,799.9866667,101.4229667,0.09972049,21.58854667,21.0341,999.9,0,0,10018.81867,0,0.00152894,-5.659477333,404.6827333,409.8992333,1.258103,404.708,12.66462333,1.412082,1.284483,12.04800333,10.61849667,1000.015667,0.9600162,0.039984127,0,-1.631166667,0,6508.473333,7947.094667,37.81643333,40.67476667,39.20383333,40.05393333,37.56216667,960.032,39.98466667,0,1750695435,0,1750695434,9:17:14,1750695434,1750694887,3,-0.043,-0.065,2.538,-0.028,404,11,0.33,0.03,-5.65431439,0.059036028,0.047598831,1,1.251460732,0.109520906,0.012161936,0,1,2,2-Jan,3.4471,2.78099,0.097477,0.0989463,0.0818923,0.0759884,27390.6,31105.8,29462.8,35091.1,31274.1,40262.2,36261.5,46467.1,1.87235,2.3768,0.0748411,0,19.8312,999.9,73.3,19.1,16.0365,61.4782,25.9575,2,-0.598356,0,20.2946,5.21489,11.968,4.99235,3.27195,2642.2,9999,9999,999.9,4.97254,1.86213,1.86374,1.86218,1.86232,1.86295,1.85943,1.86218,0,0,0,0,11111111,oooooooo,on,on,on,on,0,100,100,2.538,0.0467,2.863329718,-0.001033731,9.12024E-07,-2.25E-10,-0.053587328,-0.018148581,0.00209196,-1.91E-05,2,2210,1,26,5.1,8.8,1.23169,2.34009,2.34863,2.79907,2.39868,2.2522,25.1839,14.3072,18,359.075,697.252,20.1825,19.2045,30.0008,19.0246,18.9528,24.6955,25.5984,95.9002,-999.9,405,12.7426,101.148,101.445
4,high,control,06pre,4.625044342,5.874160725,0.375252792,4,1750695661,797.5,20250623 09:21:00,9:21:00,15,1750695653,0.005189296,5.18929642,7.620459771,397.5667333,363.609103,36.91134644,40.35851498,0.486809766,3,0.446801576,0.282571051,161.9181126,21.59184302,21.54632333,2.580971413,53.77914858,1.425222125,2.650138879,1.155749288,-228.8479721,70.00796672,4.777002301,7.855109494,7.620459771,5.18929642,7.589353352,409.0685505,403.3158727,0.000590215,66.97850999,5.288623177,10.27639927,14.18040727,0.001512964,79.05168162,14,2,1,0,54605.00213,1000.017,841.2139688,0.841199668,0.16191536,6,0.5,1: Needles,2,FALSE,1750695653,397.5667333,404.8293333,14.03968667,10.20239,395.0027333,14.08468667,800.007,101.4139667,0.099846223,21.97917667,21.54632333,999.9,0,0,10012.89133,0,0.00152894,-7.285946333,403.2441,409.0020333,3.934756333,404.8293333,10.20239,1.433703333,1.034663667,12.27884333,7.413608,1000.017,0.960013,0.0399868,0,1.106666667,0,8829.523,7947.101667,37.47893333,39.7164,38.91646667,39.0248,37.34973333,960.0283333,39.98966667,0,1750695677,0,1750695687,9:21:26,1750695678,1750695687,4,0.027,-0.007,2.564,-0.045,405,10,0.12,0.02,-7.287640488,-0.004489965,0.018260906,1,3.963292439,-0.511472195,0.050932961,0,1,2,2-Jan,3.44586,2.78036,0.0970526,0.0987991,0.0828288,0.0649571,27378.5,31087.4,29437.9,35067.4,31213.9,40717.7,36228.2,46434.8,2.56055,2.3539,0.0808202,0,20.2318,999.9,72.6,19.6,16.3881,61.5182,25.8574,2,-0.560201,0,20.2925,5.21549,11.968,4.9917,3.2719,2650,9999,9999,999.9,4.97252,1.86218,1.86386,1.86225,1.86234,1.86295,1.85944,1.86234,0,0,0,0,11111111,oooooooo,on,on,on,on,0,100,100,2.564,-0.045,2.820570694,-0.001033731,9.12024E-07,-2.25E-10,-0.053587328,-0.018148581,0.00209196,-1.91E-05,2,2210,1,26,3.8,12.9,1.2439,2.34375,2.34741,2.79541,2.39868,2.24854,25.6962,14.2809,18,785.909,686.386,20.7005,19.7947,30.0008,19.5762,19.5194,24.9564,38.2104,91.2279,-999.9,405,10.3982,101.058,101.376
5,high,control,06pre,5.118857143,7.911911367,0.347261023,5,1750695961,1098,20250623 09:26:01,9:26:01,15,1750695953,0.003930577,3.930577268,9.273841187,396.8297667,351.8790664,35.71895652,40.28186538,0.407037368,3,0.378657516,0.239045667,161.9132567,22.4151822,21.11510667,2.513642204,54.18964533,1.480677908,2.732400072,1.032964296,-173.3384575,220.9594102,15.0827051,224.6169145,9.273841187,3.930577268,9.187271543,409.7862329,402.804697,0.00277615,66.97155657,3.949540748,11.76477146,14.64964545,0.008314007,79.07893723,237,30,1,0,54433.43623,999.9793333,841.1829276,0.841200312,0.161916603,6,0.5,1: Needles,2,FALSE,1750695953,396.8297667,404.9550333,14.58664,11.68168667,394.3257667,14.52794,799.9942667,101.4092667,0.099916263,22.48128,21.11510667,999.9,0,0,9998.286333,0,0.00152894,-8.061799,402.7682667,409.7416,2.904961,404.9550333,11.68168667,1.479220333,1.18463,12.75499667,9.409487667,999.9793333,0.959991567,0.040008133,0,3.972166667,0,7594.960333,7946.718667,37.78303333,41.28723333,39.31643333,40.68106667,37.7185,959.9716667,40.00966667,0,1750695978,0,1750695982,9:26:21,1750695982,1750695687,5,-0.06,-0.007,2.504,-0.045,405,10,0.29,0.02,-8.058053,-0.116717448,0.021087092,0,2.952058,-0.816935009,0.083585456,0,0,2,0/2,3.44666,2.78064,0.0967855,0.0986907,0.0847097,0.0717057,27373,31075.6,29424.9,35052,31136.6,40404.6,36213.4,46413.7,2.17703,2.34483,0.0312552,0,20.6417,999.9,71.7,20.2,16.798,61.4182,25.7051,2,-0.530196,0,20.2947,5.21579,11.968,4.9921,3.2719,2659.7,9999,9999,999.9,4.9725,1.86221,1.86389,1.86234,1.86243,1.86304,1.85946,1.86234,0,0,0,0,11111111,oooooooo,on,on,on,on,0,100,100,2.504,0.0606,2.847086322,-0.001033731,9.12024E-07,-2.25E-10,-0.060640808,-0.018148581,0.00209196,-1.91E-05,2,2210,1,26,4.7,4.6,1.25122,2.34497,2.34863,2.79053,2.39868,2.26562,26.3134,14.2546,18,522.572,686.372,21.2582,20.2964,30.0006,20.1119,20.0483,25.1092,32.5533,85.1983,-999.9,405,11.8599,101.015,101.33
6,high,control,06pre,4.774992449,10.02124286,0.230465079,6,1750696260,1397,20250623 09:31:00,9:31:00,15,1750696252,0.003208059,3.208058584,12.59215754,394.5816667,315.2474073,32.00083977,40.05407943,0.289590086,3,0.274908023,0.173074587,161.9179869,22.97159042,22.17622667,2.682160065,54.46239641,1.522110172,2.794791035,1.160049892,-141.4753836,109.5157586,7.530170385,137.4885322,12.59215754,3.208058584,12.60225844,410.1993493,400.6235273,0.000852216,66.972842,3.260703243,12.65994511,15.04722545,0.005286751,79.0738398,302,38,1,0,54381.36193,1000.008833,841.207719,0.841200288,0.161916557,6,0.5,1: Needles,2,FALSE,1750696252,394.5816667,404.9755333,14.99464667,12.62459667,392.0729667,14.92366,799.9717,101.4103333,0.099906037,22.85335333,22.17622667,999.9,0,0,10001.318,0,0.00152894,-10.39384,400.5883667,410.1535667,2.370052,404.9755333,12.62459667,1.520612,1.280264,13.17695667,10.56907,1000.008833,0.959991567,0.040008033,0,2.640666667,0,7194.241,7946.957667,36.38723333,39.77266667,37.8789,38.5643,36.47683333,959.9996667,40.01,0,1750696277,0,1750695982,9:26:21,1750695982,1750695687,5,-0.06,-0.007,2.504,-0.045,405,10,0.29,0.02,-10.3848439,-0.181239721,0.024861676,0,2.378343902,-0.111639721,0.016522594,0,0,2,0/2,3.4469,2.78054,0.0962486,0.0985843,0.0862613,0.0756491,27370.4,31061,29406.1,35033.5,31062.4,40210.9,36188.7,46388.5,2.04725,2.33275,0.0769868,0,20.9068,999.9,70.6,20.8,17.1647,61.5782,25.7973,2,-0.501052,0,20.2939,5.2092,11.968,4.9907,3.27125,2669.1,9999,9999,999.9,4.97257,1.86232,1.86401,1.86245,1.86249,1.8631,1.85957,1.86237,0,0,0,0,11111111,oooooooo,on,on,on,on,0,100,100,2.508,0.0726,2.787340439,-0.001033731,9.12024E-07,-2.25E-10,-0.060640808,-0.018148581,0.00209196,-1.91E-05,2,2210,1,26,4.6,9.6,1.25488,2.35229,2.34741,2.78564,2.39868,2.26807,26.8924,14.2108,18,454.273,682.845,21.7543,20.7567,30.0005,20.5781,20.5107,25.1564,28.774,77.0795,-999.9,405,12.6826,100.948,101.276
7,high,control,06pre,4.695322377,4.815122032,0.17698493,7,1750696517,1653.9,20250623 09:35:17,9:35:17,15,1750696509,0.002885532,2.885531701,6.153088089,399.2804,346.3111323,35.15376891,40.53063735,0.226163295,3,0.217100164,0.136471626,161.9146012,23.22583456,22.69993,2.768914908,51.26505775,1.44775343,2.824055006,1.321161478,-127.251948,52.63590296,3.631972888,90.93052909,6.153088089,2.885531701,5.921875673,409.9612014,405.3855333,0.023146956,66.97053592,3.015198536,12.53184955,14.57075212,0.046549319,79.08596783,74,9,1,0,54322.93956,999.9881,841.1902633,0.841200274,0.161916528,6,0.5,1: Needles,2,FALSE,1750696509,399.2804,404.7592333,14.26228667,12.12903667,396.8794,14.21128667,800.0124,101.4094667,0.099741773,23.02537333,22.69993,999.9,0,0,9996.261333,0,0.00152894,-5.373197,405.1639333,409.7288667,2.131437667,404.7592333,12.12903667,1.446146333,1.229998333,12.4093,9.963967333,999.9881,0.959992833,0.040007167,0,1.682666667,0,7916.1,7946.803,38.56223333,41.88736667,40.02273333,41.66013333,38.5081,959.98,40.00866667,0,1750696534,0,1750696537,9:35:36,1750696534,1750696537,6,-0.104,0.039,2.401,0.051,405,13,0.13,0.04,-5.4246935,0.98185621,0.104015685,0,2.30265,-3.450433171,0.346006123,0,0,2,0/2,3.44714,2.78065,0.0971349,0.0985227,0.0843272,0.0756201,27343.7,31063.7,29406.6,35034.6,31131.5,40214.3,36190.8,46390.7,2.44912,2.32603,0.111319,0,20.9943,999.9,69.6,21.3,17.448,62.0682,25.7131,2,-0.497752,0,20.2941,5.21654,11.9682,4.9918,3.2719,2677.7,9999,9999,999.9,4.97258,1.86234,1.86401,1.86248,1.86251,1.8631,1.85959,1.86247,0,0,0,0,11111111,oooooooo,on,on,on,on,0,100,100,2.401,0.051,2.787340439,-0.001033731,9.12024E-07,-2.25E-10,-0.060640808,-0.018148581,0.00209196,-1.91E-05,2,2210,1,26,8.9,13.8,1.25488,2.34375,2.34741,2.78076,2.39868,2.26318,27.2869,14.1933,18,713.541,679.318,21.9472,20.8583,30,20.7035,20.657,25.1749,28.3378,70.4142,-999.9,405,13.0503,100.952,101.28
8,high,control,06pre,4.496,-21.06869675,-0.045845689,8,1750697098,2234.9,20250623 09:44:58,9:44:58,15,1750697090,-0.000846738,-0.846738072,-28.11658818,426.352,-303.1507753,-30.77505401,43.28211206,-0.061181969,3,-0.061883753,-0.038613627,161.917073,24.72485007,23.34133548,2.87850531,52.05768739,1.519561009,2.918994457,1.358944301,37.34114896,37.4544055,2.600031452,239.3126589,-28.11658818,-0.846738072,-28.19198666,411.3853816,432.8175758,0.014071308,66.95934195,-0.915427369,15.60395403,14.92762848,-1.21E-05,79.09801187,801,100,1,0,54209.64527,1000.002742,841.2026325,0.841200326,0.161916629,6,0.5,1: Needles,2,FALSE,1750697090,426.352,404.992129,14.96849032,15.5940871,423.9599032,14.82349032,799.9373226,101.4201935,0.097125616,23.5729129,23.34133548,999.9,0,0,9992.660645,0,0.00152894,21.35989677,432.8139677,411.4076129,-0.66398371,404.992129,15.5940871,1.514213226,1.581555806,13.11244839,13.78025484,1000.002742,0.959987419,0.040012477,0,2.614032258,0,6663.220968,7946.894516,36.43522581,38.71141935,37.82235484,37.77593548,36.55616129,959.9916129,40.01096774,0,1750697115,0,1750697116,9:45:15,1750696534,1750697116,7,-0.104,0.017,2.401,0.145,405,16,0.13,0.15,21.36395,-0.076007505,0.024433287,1,-0.659565525,-0.123577812,0.011920515,0,1,2,2-Jan,3.44852,2.77896,0.101969,0.0984985,0.0854664,0.0880614,27181.6,31049.2,29390.4,35018.7,31076,39653.9,36171.4,46370,0.292,2.32,0.105962,0,21.6001,999.9,68.1,22.3,18.1456,61.8682,25.7612,2,-0.472973,0,20.2927,5.21504,11.9682,4.9925,3.27195,2694.4,9999,9999,999.9,4.97261,1.86244,1.86417,1.86256,1.86263,1.86322,1.85972,1.86249,0,0,0,0,11111111,oooooooo,on,on,on,on,0,100,100,2.392,0.145,2.683567295,-0.001033731,9.12024E-07,-2.25E-10,-0.021862024,-0.018148581,0.00209196,-1.91E-05,2,2210,1,26,9.4,9.4,1.25977,2.35718,2.34741,2.77222,2.39868,2.2522,28.0384,14.1145,18,-1.49203,678.718,22.474,21.2098,30.0005,21.2381,20.975,25.2695,18.7054,69.6879,-999.9,405,15.5543,100.898,101.234
9,high,control,06pre,4.88665998,5.349133602,0.582244519,9,1750697257,2393.4,20250623 09:47:36,9:47:36,15,1750697249,0.008005772,8.005771983,6.567840149,397.6756129,373.6370275,37.93301055,40.3734965,0.71489875,3,0.632026881,0.401659105,161.9116965,22.2363496,23.05369677,2.828898992,54.56867373,1.570781442,2.878540626,1.258117549,-353.0545445,46.55440328,3.223261225,-141.3651835,6.567840149,8.005771983,6.550112821,408.8901132,403.928097,0.000611117,66.9642026,7.913217514,9.598123452,15.44476182,-0.00085996,79.1300675,88,11,1,0,54297.81891,999.9793548,841.1821355,0.841199502,0.161915039,6,0.5,1: Needles,2,FALSE,1750697249,397.6756129,404.989129,15.47206774,9.560750645,395.2956129,15.3321129,800.0152258,101.4235161,0.100176016,23.34153871,23.05369677,999.9,0,0,10001.12323,0,0.00152894,-7.290006129,403.9490323,408.8985806,5.911322581,404.989129,9.560750645,1.569231613,0.969684677,13.65993226,6.468615806,999.9793548,0.960015387,0.039984932,0,3.757580645,0,5964.943226,7946.802258,36.87670968,40.25977419,38.35258065,39.33241935,36.98558065,959.9967742,39.98258065,0,1750697273,0,1750697276,9:47:55,1750697276,1750697116,8,-0.021,0.017,2.38,0.145,405,16,0.23,0.15,-7.281222683,-0.168822857,0.030442445,0,5.939358049,-0.485285226,0.048999105,0,0,2,0/2,3.44557,2.78054,0.0967152,0.0984129,0.087543,0.0614292,27335.2,31047.5,29385.4,35014.5,30999,40813.1,36165.3,46365.8,2.42022,2.30172,0.0900514,0,21.5893,999.9,67.6,22.5,18.2317,61.9382,26.1538,2,-0.464299,0,20.2944,5.21415,11.9692,4.99145,3.27185,2699.4,9999,9999,999.9,4.97259,1.86246,1.86417,1.8626,1.86264,1.86325,1.85973,1.86249,0,0,0,0,11111111,oooooooo,on,on,on,on,0,100,100,2.38,0.1391,2.683567295,-0.001033731,9.12024E-07,-2.25E-10,-0.004758438,-0.018148581,0.00209196,-1.91E-05,2,2210,1,26,12,2.4,1.25488,2.35962,2.34741,2.76733,2.39868,2.23267,28.2272,14.097,18,697.815,665.574,22.5261,21.3456,30.0003,21.167,21.1091,25.1618,46.4395,65.5266,-999.9,405,9.73124,100.88,101.224
10,high,control,06pre,4.749844042,7.508609978,0.149048714,10,1750697452,2588.4,20250623 09:50:51,9:50:51,15,1750697444,0.002332568,2.332567896,9.484871391,397.178,306.9872905,31.16722809,40.32394076,0.188278242,3,0.181951475,0.114270396,161.9149336,24.04583846,23.3183871,2.87451988,54.43758172,1.601674738,2.942222427,1.272845142,-102.8662442,62.44835652,4.337460452,125.8345063,9.484871391,2.332567896,9.573021788,410.7938212,403.5148909,-0.001002189,66.95994497,2.369621609,14.11520595,15.82745394,0.009071254,79.19179286,108,13,1,0,54223.46372,999.9905161,841.1922653,0.841200243,0.161916469,6,0.5,1: Needles,2,FALSE,1750697444,397.178,404.9867742,15.7759871,14.05409677,394.818,15.62634839,799.9705806,101.4262903,0.099828345,23.7045,23.3183871,999.9,0,0,9999.312903,0,0.00152894,-7.785716774,403.5676452,410.7595806,1.721884516,404.9867742,14.05409677,1.600097419,1.425454194,13.95973548,12.1911,999.9905161,0.959992806,0.040007535,0,2.320645161,0,8698.719032,7946.814839,38.54209677,41.9553871,39.97358065,41.79412903,38.57632258,959.9832258,40.00774194,0,1750697468,0,1750697469,9:51:08,1750697469,1750697116,9,-0.02,0.017,2.36,0.145,405,16,0.13,0.15,-7.767161463,-0.367855192,0.041720981,0,1.717313659,0.038307805,0.01886125,1,1,2,2-Jan,3.44788,2.78093,0.0965859,0.0984209,0.089089,0.0818611,27339.1,31043.2,29385.7,35010.2,30947.7,39915.4,36167.7,46359.1,2.38538,2.30658,0.101604,0,21.6543,999.9,67,22.8,18.4025,61.4582,25.8053,2,-0.456377,0,20.2941,5.21235,11.97,4.9912,3.27155,2705.7,9999,9999,999.9,4.97262,1.86245,1.86417,1.86263,1.86264,1.86325,1.85974,1.86253,0,0,0,0,11111111,oooooooo,on,on,on,on,0,100,100,2.36,0.1514,2.662871827,-0.001033731,9.12024E-07,-2.25E-10,-0.004758438,-0.018148581,0.00209196,-1.91E-05,2,2210,1,26,2.9,5.6,1.25977,2.36694,2.34741,2.76611,2.39868,2.26196,28.4163,14.0795,18,673.629,671.429,22.6443,21.4656,30.0005,21.3017,21.2506,25.266,26.7005,61.2063,-999.9,405,14.195,100.885,101.21
11,high,heat,06pre,3.851517637,6.751357883,0.13079225,11,1750697707,2843.9,20250623 09:55:07,9:55:07,15,1750697699,0.00237675,2.376749599,10.51745081,396.4000667,304.397604,30.9051795,40.24609608,0.203751761,3,0.196364291,0.123369101,161.9173609,23.84755338,22.82890667,2.790653785,54.59385434,1.588270355,2.909247523,1.20238343,-104.8146573,111.3579316,7.708126167,176.1687613,10.51745081,2.376749599,10.40322047,410.7065944,402.7953152,-0.000246617,66.96161397,2.421069642,13.90623489,15.68632909,0.001765675,79.15438302,232,29,1,0,54268.44153,1000.012167,841.209919,0.841199684,0.161915391,6,0.5,1: Needles,2,FALSE,1750697699,396.4000667,404.9945667,15.64351667,13.88888,394.1440667,15.49812667,800.0182333,101.4288667,0.10011746,23.51742333,22.82890667,999.9,0,0,10001.117,0,0.00152894,-8.487352333,402.8086,410.6987333,1.754634333,404.9945667,13.88888,1.586704333,1.408733,13.83024,12.01193667,1000.012167,0.960011233,0.039988953,0,0.895833333,0,8788.827,7947.048333,36.7539,40.1247,38.24976667,39.1956,36.86636667,960.023,39.99,0,1750697724,0,1750697725,9:55:25,1750697725,1750697116,10,-0.103,0.017,2.256,0.145,405,16,0.12,0.15,-8.470192195,-0.276523693,0.033521803,0,1.768608537,-0.14181784,0.032492165,0,0,2,0/2,3.4478,2.78072,0.0964401,0.0984004,0.0884812,0.0809034,27341.9,31044.6,29384.3,35011.4,30968.3,39959.4,36166.9,46361.6,2.16432,2.30378,0.0867844,0,21.4191,999.9,66.3,23.2,18.657,62.0482,25.9615,2,-0.452302,0,20.2945,5.21145,11.9683,4.99165,3.27198,2713.7,9999,9999,999.9,4.97262,1.86249,1.86417,1.86264,1.86264,1.86325,1.85974,1.86257,0,0,0,0,11111111,oooooooo,on,on,on,on,0,100,100,2.256,0.1468,2.642682368,-0.001033731,9.12024E-07,-2.25E-10,-0.004758438,-0.018148581,0.00209196,-1.91E-05,2,2210,1,26,4,9.9,1.26099,2.36694,2.34863,2.76367,2.39868,2.26318,28.6479,14.0445,18,527.765,670.337,22.6568,21.5622,29.9992,21.407,21.3396,25.2761,28.5091,58.9971,-999.9,405,13.9695,100.881,101.215
12,high,heat,06pre,4.093659942,0.161229888,0.067866271,12,1750697832,2968.9,20250623 09:57:12,9:57:12,15,1750697824,0.001142217,1.142216967,0.2363116,404.4318387,393.1287178,39.91168838,41.05921747,0.099470311,3,0.097673732,0.061204795,161.9116676,24.00757995,22.42409677,2.722920193,54.15051458,1.560733626,2.88221384,1.162186568,-50.37176823,151.8001923,10.47777617,273.8178678,0.2363116,1.142216967,0.116755777,410.9373504,410.8360667,0.003607507,66.9623127,1.245816058,14.56602659,15.46982788,0.003962181,79.16527874,168,21,1,0,54225.7663,999.9743871,841.1783584,0.841199904,0.161915815,6,0.5,1: Needles,2,FALSE,1750697824,404.4318387,404.9555484,15.37317097,14.52965484,402.1968387,15.27817097,799.9781613,101.4228387,0.100368774,23.36266452,22.42409677,999.9,0,0,9988.100323,0,0.00152894,-0.502400065,410.7860968,410.9261935,0.886726581,404.9555484,14.52965484,1.563574194,1.473640323,13.60438065,12.6973129,999.9743871,0.960003839,0.039996442,0,1.422903226,0,5104.693871,7946.72129,37.784,40.98167742,39.23367742,40.63480645,37.81416129,959.9793548,39.99580645,0,1750697849,0,1750697855,9:57:34,1750697848,1750697855,11,-0.021,-0.022,2.235,0.095,405,15,0.36,0.12,-0.489198317,-0.134366007,0.034273856,0,0.902315976,-0.199336704,0.028362442,0,0,2,0/2,3.44814,2.78131,0.0980025,0.0984467,0.0876424,0.0838118,27308.9,31056.8,29398.8,35025.8,31013.7,39850,36186.6,46382.3,2.28515,2.30923,0.0873059,0,21.0251,999.9,66,23.3,18.6843,61.6082,26.0938,2,-0.473003,0,20.2938,5.2086,11.9682,4.99055,3.27125,2717.6,9999,9999,999.9,4.97259,1.86249,1.86417,1.86263,1.86264,1.86325,1.85974,1.86249,0,0,0,0,11111111,oooooooo,on,on,on,on,0,100,100,2.235,0.095,2.5392226,-0.001033731,9.12024E-07,-2.25E-10,-0.004758438,-0.018148581,0.00209196,-1.91E-05,2,2210,1,26,1.8,11.9,1.26099,2.37549,2.34863,2.76367,2.39868,2.23633,28.6479,14.027,18,602.175,672.273,22.5146,21.3048,29.9995,21.2005,21.1522,25.2974,25.7438,58.2512,-999.9,405,14.7319,100.934,101.259
13,high,heat,06pre,4.905723106,0.192214169,0.062295352,13,1750697884,3020.4,20250623 09:58:03,9:58:03,15,1750697876,0.000877058,0.877057974,0.235089708,404.536871,392.1154847,39.80738648,41.06839998,0.076191033,3,0.075132143,0.0470515,161.9109263,24.20787295,22.56397097,2.74615972,54.60043867,1.586355252,2.905389207,1.159804468,-38.67825665,150.6476929,10.41260353,284.2929661,0.235089708,0.877057974,0.288620302,411.1488884,410.9467515,-0.005128227,66.95463992,0.902036892,14.98579016,15.6515903,5.81081E-05,79.14862034,157,20,1,0,54218.76126,999.9714516,841.1757513,0.841199766,0.161915549,6,0.5,1: Needles,2,FALSE,1750697876,404.536871,404.9793548,15.62610645,14.97849677,402.281871,15.51910645,799.8827097,101.420129,0.099418203,23.4954129,22.56397097,999.9,0,0,9991.696452,0,0.00152894,-0.462344226,410.9456452,411.1377097,0.664968516,404.9793548,14.97849677,1.586562581,1.51912129,13.82890968,13.16198065,999.9714516,0.96000529,0.039994935,0,2.917258065,0,5029.152903,7946.709355,38.17312903,41.25596774,39.60258065,41.032,38.16906452,959.9780645,39.99096774,0,1750697900,0,1750697903,9:58:22,1750697903,1750697902,12,0.02,0.002,2.255,0.107,405,15,0.37,0.14,-0.465658049,0.124334613,0.031023195,0,0.657199756,0.120534983,0.017037002,0,0,2,0/2,3.44823,2.78053,0.0980289,0.0984707,0.0884804,0.0854841,27311.7,31059.6,29402.3,35029.4,30988.8,39781.1,36191.6,46387.2,2.3059,2.31023,0.082843,0,21.2213,999.9,65.9,23.3,18.6575,61.6082,26.1098,2,-0.478908,0,20.2944,5.21235,11.968,4.99185,3.272,2719.1,9999,9999,999.9,4.97262,1.86249,1.86417,1.86264,1.86264,1.86325,1.85974,1.86253,0,0,0,0,11111111,oooooooo,on,on,on,on,0,100,100,2.255,0.107,2.518079665,-0.001033731,9.12024E-07,-2.25E-10,-0.026466645,-0.018148581,0.00209196,-1.91E-05,2,2210,1,26,0.6,0.5,1.26221,2.36938,2.34741,2.76245,2.39868,2.25708,28.6269,14.0182,18,615.279,672.093,22.5161,21.2149,29.9995,21.1234,21.0783,25.3056,24.4887,58.2512,-999.9,405,14.9805,100.947,101.269
14,high,heat,06pre,4.785665529,4.360951735,0.185900876,14,1750698075,3211.4,20250623 10:01:14,10:01:14,15,1750698067,0.002532072,2.532072339,5.467517579,400.1132581,354.3973522,35.97786518,40.61887248,0.233072129,3,0.223459473,0.140492793,161.9331907,23.4290868,22.13642581,2.675665159,54.48609137,1.549272536,2.843427556,1.126392623,-111.6643901,162.0542547,11.1565471,223.4796024,5.467517579,2.532072339,5.267807695,410.5207146,406.4404667,0.022054146,66.96470166,2.532057831,13.43808519,15.30357818,0.001075643,79.12696819,171,21,1,0,54313.73759,1000.106065,841.2892304,0.841200009,0.161916017,6,0.5,1: Needles,2,FALSE,1750698067,400.1132581,404.9734516,15.26099677,13.39103226,397.9192581,15.14632581,800.0463226,101.4183548,0.100081919,23.13839355,22.13642581,999.9,0,0,9997.560645,0,0.00152894,-4.797439677,406.3778065,410.470129,1.869972258,404.9734516,13.39103226,1.547744839,1.358095806,13.44812903,11.45756774,1000.106065,0.959999484,0.04000079,0,2.465322581,0,4970.226129,7947.757742,39.37880645,41.87667742,40.66287097,41.89903226,39.20154839,960.1009677,40.00451613,0,1750698091,0,1750698095,10:01:34,1750698095,1750697902,13,-0.06,0.002,2.194,0.107,405,15,0.37,0.14,-4.789860732,-0.120859652,0.027659576,0,1.898265122,-0.488447456,0.057315333,0,0,2,0/2,3.44749,2.78023,0.0973001,0.0985259,0.087117,0.0790069,27348.1,31073,29416.8,35045.2,31052,40084.3,36210.9,46411.4,2.28622,2.31187,0.0686571,0,21.0168,999.9,65.8,23.5,18.857,61.1982,26.3221,2,-0.500699,0,20.2921,5.21654,11.968,4.9921,3.27198,2725.1,9999,9999,999.9,4.9726,1.86248,1.86417,1.86263,1.86265,1.86325,1.85974,1.86255,0,0,0,0,11111111,oooooooo,on,on,on,on,0,100,100,2.194,0.116,2.537937669,-0.001033731,9.12024E-07,-2.25E-10,-0.024051888,-0.018148581,0.00209196,-1.91E-05,2,2210,1,26,2.9,2.9,1.26099,2.3645,2.34741,2.76123,2.39868,2.28394,28.6479,14.0007,18,598.458,669.26,22.3297,20.884,29.9995,20.8101,20.7695,25.2854,31.8682,56.633,-999.9,405,13.5451,100.999,101.319
15,high,heat,06pre,3.753982301,2.955949329,0.132811779,15,1750698214,3351,20250623 10:03:34,10:03:34,15,1750698206,0.002426886,2.426885696,4.724501756,400.7218387,356.7550054,36.21645339,40.67980428,0.212273424,3,0.204268147,0.128361681,161.9150276,23.3971413,22.43748387,2.725136932,54.5076891,1.544396513,2.833355327,1.18074042,-107.0256592,103.8720765,7.159808788,165.9212537,4.724501756,2.426885696,4.695830495,410.4650684,406.9056424,-0.003001336,66.96109728,2.39900728,13.4357727,15.20753394,3.09632E-05,79.17885907,162,20,1,0,54339.7262,999.9873548,841.1899199,0.841200557,0.161917075,6,0.5,1: Needles,2,FALSE,1750698206,400.7218387,404.9945806,15.21328387,13.42081613,398.5268387,15.10010323,800.0026129,101.4162581,0.100056613,23.07971613,22.43748387,999.9,0,0,10000.69742,0,0.00152894,-4.27166,406.9134839,410.5039355,1.792466452,404.9945806,13.42081613,1.542876452,1.361090323,13.39980645,11.49095161,999.9873548,0.959982194,0.040017703,0,1.895806452,0,8517.653871,7946.754516,36.48564516,38.92922581,37.95545161,37.60667742,36.50583871,959.9693548,40.01806452,0,1750698231,0,1750698231,10:03:51,1750698231,1750697902,14,0.001,0.002,2.195,0.107,405,15,0.23,0.14,-4.27613725,0.150552608,0.029818908,0,1.803087,-0.228010582,0.022085873,0,0,2,0/2,3.44735,2.78033,0.0974418,0.0985657,0.0867585,0.0791349,27349,31075.9,29421.8,35049.4,31070.2,40084.6,36217.9,46418.5,2.305,2.31313,0.0979081,0,20.8508,999.9,65.7,23.6,18.9385,61.2273,26.4263,2,-0.509858,0,20.2943,5.21325,11.968,4.99135,3.27173,2729.6,9999,9999,999.9,4.97259,1.86247,1.86417,1.86264,1.86264,1.86325,1.85974,1.86251,0,0,0,0,11111111,oooooooo,on,on,on,on,0,100,100,2.195,0.113,2.477466291,-0.001033731,9.12024E-07,-2.25E-10,-0.024051888,-0.018148581,0.00209196,-1.91E-05,2,2210,1,26,2,5.2,1.26099,2.37671,2.34863,2.76001,2.39868,2.26807,28.6269,13.9832,18,609.138,668.168,22.1551,20.7265,30.0001,20.6485,20.614,25.2914,31.9506,54.3735,-999.9,405,13.568,101.017,101.333
16,high,heat,06pre,4.511938873,5.638757063,0.123677792,16,1750698403,3539.5,20250623 10:06:42,10:06:42,15,1750698395,0.001995735,1.995734585,7.498448745,398.7373333,316.7645378,32.15822938,40.48018354,0.164467377,3,0.159617483,0.100184758,161.9116637,23.56084057,22.80539,2.786678982,54.33137106,1.544415521,2.842585216,1.242263461,-88.01189518,53.06612072,3.66562511,130.6315143,7.498448745,1.995734585,7.478032859,410.6352164,404.9486121,1.26737E-05,66.96061104,2.035772753,13.79224519,15.27096182,0.00607883,79.18390084,131,16,1,0,54359.83262,999.9773,841.1805624,0.841199658,0.161915339,6,0.5,1: Needles,2,FALSE,1750698395,398.7373333,404.9579,15.21278,13.73877333,396.5813333,15.09960667,800.0129,101.4210333,0.099893233,23.13349333,22.80539,999.9,0,0,10005.95933,0,0.00152894,-6.178737333,404.9394667,410.5990667,1.474012667,404.9579,13.73877333,1.542894333,1.393398,13.39993667,11.84588667,999.9773,0.960012167,0.039988037,0,2.390666667,0,8490.029667,7946.776333,38.00816667,40.75403333,39.34976667,40.19976667,37.91013333,959.9893333,39.98766667,0,1750698420,0,1750698420,10:06:59,1750698420,1750697902,15,-0.039,0.002,2.156,0.107,405,15,0.24,0.14,-6.176857,-0.083686829,0.02634259,1,1.4960305,-0.355601651,0.039766019,0,1,2,2-Jan,3.44761,2.7805,0.0970948,0.0985902,0.0870359,0.0805531,27357.7,31072.9,29419.9,35046.9,31059.1,40019.9,36216.3,46415.3,2.35928,2.3116,0.101883,0,21.1503,999.9,65.5,23.8,19.1091,61.5073,26.4383,2,-0.507691,0,20.2946,5.21519,11.968,4.9919,3.27198,2735.3,9999,9999,999.9,4.97262,1.86249,1.86418,1.86264,1.86265,1.86325,1.85974,1.86254,0,0,0,0,11111111,oooooooo,on,on,on,on,0,100,100,2.156,0.115,2.478390344,-0.001033731,9.12024E-07,-2.25E-10,-0.024051888,-0.018148581,0.00209196,-1.91E-05,2,2210,1,26,2.9,8.4,1.26221,2.37915,2.34863,2.76245,2.39868,2.2876,28.7323,13.9569,18,646.216,666.402,22.129,20.743,30.0001,20.6187,20.5752,25.3062,31.0562,51.3579,-999.9,405,13.8672,101.012,101.326
17,high,heat,06pre,4.72193574,4.858725955,0.095954888,17,1750698590,3727,20250623 10:09:50,10:09:50,15,1750698582,0.00149443,1.494429853,6.173814582,399.9173333,310.2387474,31.49559643,40.59981238,0.121926549,3,0.119239029,0.074760922,161.9157467,23.71439153,22.91125333,2.804611198,54.7802834,1.559597019,2.847004291,1.245014179,-65.90435653,40.0997456,2.771799398,138.8829352,6.173814582,1.494429853,6.109929832,410.8248885,406.180697,-0.001300877,66.9611422,1.542044031,14.25521653,15.39411818,-4.58E-05,79.17745578,235,29,1,0,54347.40819,1000.000467,841.2002222,0.84119983,0.161915671,6,0.5,1: Needles,2,FALSE,1750698582,399.9173333,404.9958667,15.36238333,14.25879333,397.7993333,15.28038333,800.0100667,101.4205667,0.099945187,23.15918667,22.91125333,999.9,0,0,10004.52767,0,0.00152894,-5.038463,406.2129333,410.8542667,1.140584,404.9958667,14.25879333,1.561813667,1.446134,13.58710333,12.41021333,1000.000467,0.960005433,0.0399943,0,1.327,0,6352.347,7946.937667,39.23313333,41.6124,40.504,41.4958,39.02893333,960.006,39.99433333,0,1750698607,0,1750698610,10:10:09,1750698610,1750698609,16,-0.038,-0.003,2.118,0.082,405,14,0.32,0.04,-5.045766829,0.162254425,0.027836284,0,1.138239268,0.036413728,0.004220898,1,1,2,2-Jan,3.44783,2.78064,0.0973288,0.0986039,0.0875396,0.0825285,27351.8,31073.9,29421,35048.5,31043.5,39935.7,36218.5,46417.8,2.1736,2.31288,0.109181,0,21.1369,999.9,65,23.9,19.0801,61.4873,26.4744,2,-0.510899,0,20.2946,5.2131,11.968,4.99185,3.2718,2741.3,9999,9999,999.9,4.97263,1.86249,1.86423,1.86264,1.86268,1.86325,1.85974,1.86257,0,0,0,0,11111111,oooooooo,on,on,on,on,0,100,100,2.118,0.082,2.439228232,-0.001033731,9.12024E-07,-2.25E-10,-0.024051888,-0.018148581,0.00209196,-1.91E-05,2,2210,1,26,2.8,11.5,1.26221,2.37915,2.34741,2.76001,2.39868,2.27051,28.8379,13.9306,18,525.108,666.692,22.1154,20.6963,30,20.5727,20.5203,25.3221,28.7467,49.1266,-999.9,405,14.2316,101.017,101.331
18,high,heat,06pre,4.744751381,5.636899555,0.078652472,18,1750698763,3899.5,20250623 10:12:42,10:12:42,15,1750698755,0.001162567,1.162567145,7.128170607,399.2649032,276.3718271,28.05994458,40.5372399,0.099460392,3,0.097664168,0.061198787,161.9214688,23.65697335,22.3540129,2.711340899,54.13357431,1.52799163,2.822632071,1.18334927,-51.26921108,107.2361853,7.386217073,225.2746601,7.128170607,1.162567145,7.128871351,410.8489564,405.4261636,-0.000222246,66.96205215,1.264411945,14.27619919,15.16188788,0.01183217,79.16710173,404,50,1,0,54362.32172,1000.036484,841.230463,0.841199773,0.161915561,6,0.5,1: Needles,2,FALSE,1750698755,399.2649032,404.9590968,15.04970323,14.19090968,397.1649032,14.96470323,800.0089355,101.4296452,0.100039958,23.01704516,22.3540129,999.9,0,0,10001.44871,0,0.00152894,-5.673907419,405.3947419,410.7885484,0.879881548,404.9590968,14.19090968,1.528621613,1.439376129,13.25739677,12.33869677,1000.036484,0.960007161,0.039992835,0,1.637903226,0,6175.538387,7947.233548,38.08645161,39.58445161,39.37677419,38.9816129,37.99574194,960.0422581,39.99387097,0,1750698780,0,1750698784,10:13:03,1750698779,1750698784,17,-0.018,0.003,2.1,0.085,405,14,0.34,0.13,-5.67473725,-0.023030206,0.022481432,1,0.92492405,-0.757597328,0.080651659,0,1,2,2-Jan,3.44789,2.78078,0.0972536,0.0986462,0.0866493,0.0826639,27361.5,31081.2,29428.6,35057.7,31083.1,39941,36228.9,46431.1,1.82418,2.31453,0.0993013,0,20.7411,999.9,64.4,24,19.0132,61.7773,26.5264,2,-0.520793,0,20.2924,5.21594,11.968,4.99165,3.27175,2746.9,9999,9999,999.9,4.97265,1.86249,1.86417,1.86264,1.86265,1.86325,1.85974,1.86259,0,0,0,0,11111111,oooooooo,on,on,on,on,0,100,100,2.1,0.085,2.401010854,-0.001033731,9.12024E-07,-2.25E-10,-0.026850357,-0.018148581,0.00209196,-1.91E-05,2,2210,1,26,2.5,2.6,1.26343,2.37671,2.34741,2.75757,2.39868,2.24976,28.7745,13.8956,18,347.359,666.237,21.9523,20.5525,29.9998,20.4463,20.3883,25.3308,28.4161,46.8836,-999.9,405,14.3565,101.045,101.359
19,high,heat,06pre,5.105887427,6.756456503,0.288023237,19,1750698940,4076.5,20250623 10:15:39,10:15:39,15,1750698932,0.003568514,3.568513539,7.939606895,397.9726452,351.7719241,35.7144866,40.40512539,0.338460149,3,0.31858715,0.200805171,161.9174186,22.86220645,21.91629032,2.639990352,54.66319488,1.526108362,2.791838943,1.11388199,-157.3714471,148.7360777,10.21253113,163.4945804,7.939606895,3.568513539,8.17378493,410.0821947,403.8776545,-0.000853262,66.96225957,3.578393852,12.39276161,15.03653455,-6.02E-05,79.1648974,32,4,1,0,54361.25075,1000.007935,841.2067446,0.841200069,0.161916134,6,0.5,1: Needles,2,FALSE,1750698932,397.9726452,404.9927097,15.03149355,12.39525161,395.7616452,14.92412258,799.9736452,101.4274839,0.099909745,22.8359129,21.91629032,999.9,0,0,9995.085161,0,0.00152894,-7.127990323,403.9365161,410.0756452,2.636249355,404.9927097,12.39525161,1.524605806,1.257219032,13.21719355,10.29691613,1000.007935,0.959996452,0.04000331,0,-0.518548387,0,6539.552581,7946.969677,37.38887097,39.74774194,38.7256129,38.90296774,37.25580645,960.0041935,40.00258065,0,1750698957,0,1750698959,10:15:58,1750698959,1750698784,18,0.111,0.003,2.211,0.085,405,14,0.33,0.13,-7.1079915,-0.500576961,0.054342181,0,2.64135225,-0.025631482,0.013822105,1,1,2,2-Jan,3.44688,2.78097,0.0970235,0.0986733,0.0861455,0.0744687,27376.5,31088.2,29436.6,35065.8,31109.7,40310.2,36240,46444.1,2.52052,2.3134,0.0802763,0,20.6102,999.9,63.8,24.1,18.9504,61.6873,26.6667,2,-0.533521,0,20.2946,5.21549,11.968,4.9916,3.27198,2752.5,9999,9999,999.9,4.9726,1.86249,1.86418,1.86264,1.86264,1.86325,1.85974,1.86259,0,0,0,0,11111111,oooooooo,on,on,on,on,0,100,100,2.211,0.1075,2.383274935,-0.001033731,9.12024E-07,-2.25E-10,-0.024272831,-0.018148581,0.00209196,-1.91E-05,2,2210,1,26,2.7,2.6,1.26221,2.37549,2.34741,2.75391,2.39868,2.27417,28.6901,13.8869,18,763.48,662.983,21.8511,20.3567,29.9999,20.2565,20.2157,25.3027,36.5205,43.8439,-999.9,405,12.4385,101.074,101.385
20,mod,heat,06pre,4.954196127,2.870667299,0.273781131,20,1750699090,4227,20250623 10:18:10,10:18:10,15,1750699082,0.003655622,3.655621523,3.476649562,401.2712667,376.3981383,38.21544798,40.74079984,0.331574839,3,0.312477688,0.196922639,161.9175004,22.67035909,22.07428667,2.665552501,54.36162323,1.502157462,2.763268227,1.163395039,-161.2129092,95.74717288,6.573804053,103.0255682,3.476649562,3.655621523,3.451215719,409.9842951,407.3328667,0.009101756,66.96036842,3.68330635,12.11366972,14.83099333,0.001002825,79.18565827,114,14,1,0,54442.38792,1000.013033,841.2106476,0.841199684,0.16191539,6,0.5,1: Needles,2,FALSE,1750699082,401.2712667,404.9788,14.79530667,12.09424667,399.0272667,14.69509667,800.0271333,101.4292667,0.100055837,22.66628333,22.07428667,999.9,0,0,10004.47167,0,0.00152894,-3.738443667,407.2659667,409.9366667,2.701066333,404.9788,12.09424667,1.500677333,1.226709667,12.97502,9.929653667,1000.013033,0.960011267,0.03998848,0,0.613,0,5929.680667,7947.063333,38.40806667,40.69133333,39.6622,40.5164,38.2164,960.0233333,39.99,0,1750699107,0,1750699107,10:18:27,1750699107,1750698784,19,0.032,0.003,2.244,0.085,405,14,0.41,0.13,-3.73646125,-0.095469906,0.016106097,1,2.71757875,-0.219949531,0.034622876,0,1,2,2-Jan,3.44676,2.7802,0.0976736,0.0986911,0.0853039,0.0732519,27357.4,31088.7,29437,35066.8,31139.5,40365,36240.8,46445.9,2.39587,2.31253,0.0979975,0,20.4865,999.9,63.2,24.1,18.7749,61.7373,26.6707,2,-0.536494,0,20.2938,5.21115,11.968,4.9908,3.27128,2757,9999,9999,999.9,4.9726,1.86249,1.86417,1.86264,1.86264,1.86325,1.85974,1.86252,0,0,0,0,11111111,oooooooo,on,on,on,on,0,100,100,2.244,0.1013,2.494571231,-0.001033731,9.12024E-07,-2.25E-10,-0.024272831,-0.018148581,0.00209196,-1.91E-05,2,2210,1,26,2.2,5.1,1.26221,2.38159,2.34741,2.75513,2.39868,2.24976,28.6901,13.8518,18,666.868,661.301,21.7314,20.2846,30.0003,20.1828,20.1438,25.3006,36.7102,40.4701,-999.9,405,12.2724,101.076,101.389
21,mod,heat,06pre,4.632792038,-9.108663542,0.23338166,21,1750699298,4434.5,20250623 10:21:37,10:21:37,15,1750699290,0.002499533,2.499533269,-11.79676981,413.0765,472.3672922,47.93271065,41.91627294,0.302256166,3,0.286299692,0.180300706,161.9250105,23.25103391,19.9865,2.344652058,52.47698739,1.475416331,2.811549223,0.869235727,-110.2294172,479.6367339,32.63122444,563.9635517,-11.79676981,2.499533269,-11.90962306,410.1862735,419.2399212,-0.001860904,66.95944774,2.508399782,12.68888051,14.54284606,3.0147E-06,79.1963657,802,100,1,0,54357.16618,1000.058033,841.2486176,0.8411998,0.161915614,6,0.5,1: Needles,2,FALSE,1750699290,413.0765,405.0031333,14.53993333,12.69250333,410.8715,14.44731,799.9838333,101.4359667,0.03742372,22.95205333,19.9865,999.9,0,0,9997.521,0,0.00152894,8.109271,419.2077,410.2098333,1.847436333,405.0031333,12.69250333,1.474872667,1.287476,12.71014,10.65343667,1000.058033,0.960007,0.03999291,0,0.449833333,0,5460.463667,7947.399,38.6706,40.5977,39.99973333,40.39766667,38.48516667,960.0626667,39.99566667,0,1750699314,0,1750699320,10:21:59,1750699320,1750698784,20,-0.039,0.003,2.205,0.085,405,14,0.16,0.13,8.101371,0.38991985,0.058727739,0,1.8450225,0.049691707,0.005253344,1,1,2,2-Jan,3.44707,2.71799,0.0997759,0.0986627,0.0840328,0.0757942,27281,31075.7,29424,35052,31169.9,40236.1,36224.3,46425.2,0.288,2.3094,-0.0477135,0,20.8781,999.9,62.3,24.2,18.6168,61.1073,22.1595,2,-0.518374,0,20.2926,5.21609,11.968,4.992,3.27192,2763.6,9999,9999,999.9,4.97261,1.86249,1.86419,1.86264,1.86267,1.86325,1.85974,1.86261,0,0,0,0,11111111,oooooooo,on,on,on,on,0,100,100,2.205,0.0927,2.527163309,-0.001033731,9.12024E-07,-2.25E-10,-0.024272831,-0.018148581,0.00209196,-1.91E-05,2,2210,1,26,3.2,8.6,1.26221,2.37793,2.34741,2.75513,2.39868,2.24976,28.8168,13.8168,18,-1.96214,661.07,21.8333,20.5229,30.0005,20.5532,20.3126,25.3176,34.1809,36.3522,-999.9,405,12.7503,101.031,101.345
22,mod,heat,06pre,4.51883746,7.969321281,0.124636408,22,1750699458,4595,20250623 10:24:18,10:24:18,15,1750699450,0.001942419,1.94241948,10.58146661,396.4914333,284.9413224,28.93318039,40.26007203,0.165489123,3,0.160579751,0.1007913,161.9149452,23.18459864,22.39514,2.718130704,54.58697199,1.515468562,2.776245882,1.202662142,-85.66069908,56.3461268,3.87643299,136.4768059,10.58146661,1.94241948,10.41788232,410.5010299,402.5835273,-0.000846915,66.95454629,2.022971346,13.49116725,14.98496606,0.000178076,79.16487553,0,0,1,0,54407.1384,999.9975,841.1975602,0.841199663,0.16191535,6,0.5,1: Needles,2,FALSE,1750699450,396.4914333,405.0053333,14.92472,13.48961667,394.3694333,14.86972,799.9825667,101.4409,0.09993707,22.74352333,22.39514,999.9,0,0,9999.245333,0,0.00152894,-8.427735667,402.6067333,410.5433667,1.485765,405.0053333,13.48961667,1.519113667,1.368397,13.16191333,11.57187667,999.9975,0.9600116,0.039988397,0,-1.496166667,0,8737.147,7946.931,36.8164,39.47473333,38.2206,38.43313333,36.77893333,960.0086667,39.98866667,0,1750699475,0,1750699484,10:24:43,1750699481,1750699484,21,-0.082,-0.008,2.122,0.055,405,13,0.24,0.06,-8.422998,0.059646079,0.030063512,1,1.47932525,0.109978199,0.011390603,0,1,2,2-Jan,3.44752,2.78042,0.0967453,0.0986651,0.0859114,0.0793079,27373.7,31076.5,29425.2,35053.2,31106.2,40084.2,36225.9,46427,2.56885,2.31,0.107866,0,20.6345,999.9,61.9,24.3,18.6069,61.7173,26.5705,2,-0.51768,0,20.2946,5.21504,11.968,4.99155,3.27195,2768.5,9999,9999,999.9,4.9726,1.86249,1.86418,1.86264,1.86264,1.86325,1.85974,1.86261,0,0,0,0,11111111,oooooooo,on,on,on,on,0,100,100,2.122,0.055,2.487754574,-0.001033731,9.12024E-07,-2.25E-10,-0.024272831,-0.018148581,0.00209196,-1.91E-05,2,2210,1,26,2.3,11.2,1.26343,2.37793,2.34741,2.75513,2.39868,2.2876,28.9224,13.8081,18,805.807,662.043,21.8341,20.5656,29.9999,20.4021,20.3488,25.3362,30.4472,35.0045,-999.9,405,13.5078,101.035,101.348
23,mod,heat,06pre,3.950641658,4.971761057,0.223682243,23,1750699612,4748.5,20250623 10:26:51,10:26:51,15,1750699604,0.003896607,3.89660746,7.55081552,398.1529355,353.4156707,35.88660653,40.42932705,0.339715311,3,0.31969932,0.201512084,161.9140473,22.53106139,22.33966129,2.708975041,54.43049468,1.496974822,2.750250261,1.212000219,-171.840389,40.2435689,2.765671264,33.0828985,7.55081552,3.89660746,7.69242266,409.883198,404.0384424,0.001784918,66.95928582,3.890686441,11.94653427,14.78272182,0.009474277,79.19872289,73,9,1,0,54449.35167,999.9841613,841.1869935,0.841200317,0.161916612,6,0.5,1: Needles,2,FALSE,1750699604,398.1529355,404.9796452,14.74239032,11.8630129,395.9499355,14.6515129,799.9983871,101.4421935,0.100011587,22.58848387,22.33966129,999.9,0,0,10001.73161,0,0.00152894,-6.904500323,404.0316129,409.8416774,2.879371613,404.9796452,11.8630129,1.495499677,1.20341,12.92221935,9.643624516,999.9841613,0.959990613,0.040009361,0,0.896774194,0,10091.74323,7946.75129,37.96748387,40.61880645,39.276,40.31029032,37.83029032,959.9758065,40.01,0,1750699629,0,1750699629,10:27:08,1750699629,1750699484,22,0.08,-0.008,2.203,0.055,405,13,0.26,0.06,-6.90643825,-0.027752308,0.024772268,1,2.9036225,-0.527445704,0.052438839,0,1,2,2-Jan,3.4468,2.78134,0.0970556,0.098657,0.0851246,0.0725424,27368,31081,29428.9,35057.6,31138,40386,36231.4,46434.2,2.4575,2.30702,0.117779,0,20.4399,999.9,61.3,24.4,18.5371,61.7173,26.6506,2,-0.523643,0,20.2942,5.21639,11.968,4.9918,3.272,2773.3,9999,9999,999.9,4.97261,1.86249,1.8642,1.86264,1.86265,1.86325,1.85974,1.86261,0,0,0,0,11111111,oooooooo,on,on,on,on,0,100,100,2.203,0.0922,2.405627453,-0.001033731,9.12024E-07,-2.25E-10,-0.03227127,-0.018148581,0.00209196,-1.91E-05,2,2210,1,26,2.2,2.1,1.26221,2.37305,2.34741,2.75391,2.39868,2.24976,28.9224,13.773,18,715.081,659.046,21.7209,20.476,30.0001,20.3501,20.3041,25.3031,36.5255,31.9881,-999.9,405,12.0534,101.049,101.363
24,mod,heat,06pre,4.724612737,3.167305743,0.110043424,24,1750699747,4883.5,20250623 10:29:06,10:29:06,15,1750699739,0.001519693,1.51969321,4.022305217,401.4884194,347.7557293,35.311462,40.76753269,0.139749135,3,0.136230707,0.085452931,161.9148808,23.3418889,21.8396129,2.627662276,54.51675395,1.518066339,2.784586809,1.109595937,-67.01847054,154.1970155,10.58106389,259.6744897,4.022305217,1.51969321,3.941884912,410.6832525,407.6970364,-0.003365634,66.9578924,1.593597239,13.87349473,15.01612,0.008478131,79.21591996,94,12,1,0,54415.75696,1000.000129,841.1995178,0.841199409,0.16191486,6,0.5,1: Needles,2,FALSE,1750699739,401.4884194,404.9627097,14.95028065,13.82756452,399.3844194,14.85313871,800.0099032,101.4409032,0.100089552,22.793,21.8396129,999.9,0,0,10002.64097,0,0.00152894,-3.374162581,407.6835484,410.6409677,1.122715806,404.9627097,13.82756452,1.51657,1.40268129,13.13620323,11.94659032,1000.000129,0.960017581,0.039982019,0,2.876774194,0,4565.956452,7946.972581,38.8506129,41.397,40.11067742,41.45941935,38.66503226,960.02,39.98032258,0,1750699764,0,1750699764,10:29:24,1750699764,1750699484,23,-0.099,-0.008,2.104,0.055,405,13,0.3,0.06,-3.36961775,0.061830056,0.028527285,1,1.11329725,0.113001388,0.017194991,0,1,2,2-Jan,3.44764,2.78039,0.0976846,0.0986597,0.0860803,0.08096,27342.8,31074.9,29422.5,35051.1,31097.9,40010.5,36223.2,46425.3,2.42257,2.3085,0.0788942,0,20.6525,999.9,60.7,24.5,18.4665,61.5073,26.5184,2,-0.515836,0,20.2937,5.20816,11.968,4.9907,3.27117,2777.2,9999,9999,999.9,4.97257,1.86249,1.8642,1.86264,1.86266,1.86325,1.85974,1.86261,0,0,0,0,11111111,oooooooo,on,on,on,on,0,100,100,2.104,0.0992,2.485914393,-0.001033731,9.12024E-07,-2.25E-10,-0.03227127,-0.018148581,0.00209196,-1.91E-05,2,2210,1,26,2,4.4,1.26343,2.38525,2.34741,2.75391,2.39868,2.26318,28.9647,13.7468,18,689.686,661.304,21.7323,20.556,30.0005,20.426,20.3836,25.3402,27.8687,30.1015,-999.9,405,13.8722,101.027,101.344
25,mod,heat,06pre,5.036170213,11.37096827,0.226880895,25,1750699900,5036.4,20250623 10:31:39,10:31:39,15,1750699892,0.003044458,3.044457721,13.54716119,393.9522258,303.7812577,30.84571973,40.00161182,0.2703017,3,0.257463749,0.16201746,161.9134954,23.07015709,22.36054516,2.712418338,54.80104705,1.536860354,2.804436113,1.175557984,-134.2605855,88.9026271,6.120320434,122.6758574,13.54716119,3.044457721,13.65235494,410.3319504,399.9642,-0.001470934,66.95627331,3.051308147,12.88583531,15.13971818,-1.82E-05,79.24400455,137,17,1,0,54408.16214,999.9834516,841.1861701,0.841200091,0.161916175,6,0.5,1: Needles,2,FALSE,1750699892,393.9522258,405.012,15.13562903,12.88687097,391.844129,15.03282258,800.0090323,101.4393226,0.099923032,22.91022258,22.36054516,999.9,0,0,10005.48065,0,0.00152894,-11.05977419,400.0066129,410.2995484,2.24876,405.012,12.88687097,1.535346774,1.307233548,13.32477419,10.88228065,999.9834516,0.959994935,0.040004832,0,0.77516129,0,8856.622581,7946.767419,36.9493871,38.79612903,38.30629032,38.14493548,37.02193548,959.9787097,40.00225806,0,1750699917,0,1750699764,10:29:24,1750699764,1750699484,23,-0.099,-0.008,2.104,0.055,405,13,0.3,0.06,-11.03088537,-0.497326829,0.053124858,0,2.240020488,0.134142648,0.014386845,0,0,2,0/2,3.44719,2.78074,0.0962371,0.0986324,0.0865618,0.0766405,27382.5,31073.2,29418.5,35048.7,31077.2,40196.2,36218.3,46421.7,2.35022,2.30508,0.0931323,0,20.8577,999.9,60.3,24.5,18.3456,61.3873,26.5705,2,-0.510259,0,20.293,5.21519,11.968,4.9914,3.27198,2782.1,9999,9999,999.9,4.97261,1.86249,1.86423,1.86264,1.86265,1.86325,1.85974,1.86259,0,0,0,0,11111111,oooooooo,on,on,on,on,0,100,100,2.108,0.103,2.38667101,-0.001033731,9.12024E-07,-2.25E-10,-0.03227127,-0.018148581,0.00209196,-1.91E-05,2,2210,1,26,2.3,6.9,1.26221,2.38159,2.34863,2.75269,2.39868,2.27051,29.0282,13.7118,18,638.541,659.559,21.8349,20.6589,30.0002,20.5125,20.4587,25.3202,32.7578,28.2231,-999.9,405,12.9049,101.013,101.336
26,mod,heat,06pre,5.042665993,4.557676772,0.32270723,26,1750700036,5172.9,20250623 10:33:56,10:33:56,15,1750700028,0.003954352,3.954352323,5.422937127,399.7436667,369.0591382,37.47362797,40.58928204,0.383972165,3,0.358610096,0.226270243,161.9156392,22.68160643,21.78403,2.618757278,54.78595913,1.521935869,2.777967007,1.096821409,-174.3869375,156.8375557,10.75707629,155.1233337,5.422937127,3.954352323,5.52025318,409.9321644,405.7401879,0.000393874,66.9577231,3.930591791,12.06152357,14.96626121,-0.000248336,79.21822082,46,6,1,0,54447.94372,999.9977667,841.1981217,0.8412,0.161916001,6,0.5,1: Needles,2,FALSE,1750700028,399.7436667,404.9962333,14.98879,12.06758,397.5766667,14.89046667,800.0276667,101.4383667,0.099907537,22.75374333,21.78403,999.9,0,0,10007.68633,0,0.00152894,-5.313877333,405.7641333,409.9432,2.921199667,404.9962333,12.06758,1.520436,1.224115333,13.17523,9.898106,999.9977667,0.9600013,0.03999858,0,1.369833333,0,5367.159333,7946.898333,37.054,39.858,38.4664,38.97886667,37.0164,959.9996667,40,0,1750700053,0,1750700053,10:34:13,1750700053,1750699484,24,0.063,-0.008,2.167,0.055,405,13,0.22,0.06,-5.31091125,-0.034150582,0.019453913,1,2.92748925,-0.117849118,0.011706642,0,1,2,2-Jan,3.44673,2.78066,0.0973077,0.0986043,0.0858279,0.0729377,27349.8,31071.7,29418.2,35046.1,31102.4,40355.6,36217.9,46418.8,2.49493,2.302,0.0571422,0,20.8508,999.9,59.8,24.6,18.3033,61.3973,26.5625,2,-0.507851,0,20.2948,5.2113,11.968,4.9916,3.27198,2786.5,9999,9999,999.9,4.9726,1.86249,1.86421,1.86264,1.86271,1.86325,1.85974,1.86264,0,0,0,0,11111111,oooooooo,on,on,on,on,0,100,100,2.167,0.0976,2.38667101,-0.001033731,9.12024E-07,-2.25E-10,-0.03227127,-0.018148581,0.00209196,-1.91E-05,2,2210,1,26,4.5,9.2,1.26221,2.37793,2.34863,2.75269,2.39868,2.24731,29.1342,13.6942,18,747.273,657.699,21.9005,20.7,30,20.5543,20.5041,25.3052,36.131,25.1699,-999.9,405,12.1097,101.012,101.329
27,mod,heat,06pre,4.784233577,4.368602761,0.101136762,27,1750700158,5294.9,20250623 10:35:58,10:35:58,15,1750700150,0.00144714,1.447140289,5.478749343,400.433,323.1956549,32.81797044,40.66081384,0.126837572,3,0.123931972,0.077712995,161.9140056,23.54848191,22.22864839,2.690735559,54.31121728,1.529679885,2.816508194,1.161055674,-63.81888675,121.7084269,8.376184086,228.1797299,5.478749343,1.447140289,5.428683206,410.7702761,406.6424242,-0.000379539,66.95657448,1.470173101,14.05698335,15.1183497,0.006017571,79.23443068,151,19,1,0,54333.79883,999.9871613,841.1892438,0.841200044,0.161916084,6,0.5,1: Needles,2,FALSE,1750700150,400.433,404.9765161,15.0644871,13.99551935,398.335,14.9814871,800.0278065,101.4420323,0.10008299,22.98116129,22.22864839,999.9,0,0,9993.442258,0,0.00152894,-4.472789032,406.6369032,410.7248387,1.087156452,404.9765161,13.99551935,1.530015806,1.419733226,13.27145484,12.12996452,999.9871613,0.960000194,0.039999958,0,3.737580645,0,6744.855161,7946.812903,38.00990323,40.87277419,39.36477419,40.55225806,37.94325806,959.9867742,40.00096774,0,1750700175,0,1750700175,10:36:15,1750700175,1750700175,25,-0.068,0.009,2.098,0.083,405,14,0.24,0.06,-4.4731265,0.00286379,0.028190422,1,1.09617125,-0.319760938,0.033314828,0,1,2,2-Jan,3.44782,2.78075,0.097446,0.0986177,0.086466,0.0817634,27344,31070,29416.6,35044.7,31078.7,39968.3,36216,46416.8,2.32575,2.30555,0.0840686,0,20.9069,999.9,59.4,24.7,18.2879,61.8873,26.4583,2,-0.506197,0,20.2947,5.21534,11.968,4.99175,3.27195,2790.4,9999,9999,999.9,4.97261,1.86249,1.86427,1.86264,1.86273,1.86325,1.85975,1.86263,0,0,0,0,11111111,oooooooo,on,on,on,on,0,100,100,2.098,0.083,2.45002613,-0.001033731,9.12024E-07,-2.25E-10,-0.03227127,-0.018148581,0.00209196,-1.91E-05,2,2210,1,26,1.8,11.2,1.26343,2.37671,2.34741,2.75146,2.39868,2.25098,29.1766,13.6855,18,622.507,661.032,21.928,20.7201,30.0003,20.5875,20.5398,25.3433,26.1114,24.0342,-999.9,405,14.161,101.007,101.325
28,mod,heat,06pre,4.469208211,8.259478365,0.171834062,28,1750700291,5427.9,20250623 10:38:11,10:38:11,15,1750700283,0.0026434,2.643400322,11.08851229,395.8859677,309.4724109,31.42569356,40.20064687,0.230690611,3,0.221269126,0.139107624,161.913475,23.26647266,22.44035161,2.725612001,54.52875787,1.537955841,2.820449064,1.18765616,-116.5739542,91.20449559,6.284328054,142.8283445,11.08851229,2.643400322,11.23376128,410.4554014,401.9272121,-0.002775348,66.95577842,2.627333694,13.23444217,15.1724097,0.00063445,79.25225239,272,34,1,0,54420.33655,999.9880323,841.1896285,0.841199696,0.161915413,6,0.5,1: Needles,2,FALSE,1750700283,395.8859677,404.987,15.14540645,13.19292903,393.7479677,15.03344194,800.0189677,101.446,0.100026242,23.00426129,22.44035161,999.9,0,0,10010.44484,0,0.00152894,-9.136721613,401.9377097,410.4012581,1.952473548,404.987,13.19292903,1.53643871,1.338369032,13.33569677,11.23677419,999.9880323,0.960010452,0.039989526,0,1.981774194,0,9512.329355,7946.856774,38.95732258,41.71951613,40.24383871,41.79006452,38.82825806,959.9980645,39.98935484,0,1750700308,0,1750700308,10:38:28,1750700308,1750700175,26,0.04,0.009,2.138,0.083,405,14,0.19,0.06,-9.125649512,-0.140069895,0.026121786,0,1.969762439,-0.300236237,0.032968867,0,0,2,0/2,3.44734,2.78062,0.096571,0.098605,0.0866346,0.07818,27367.2,31066.9,29413.3,35041.1,31069.5,40120.8,36211.9,46412.1,2.10403,2.30242,0.0967309,0,20.8619,999.9,58.9,24.7,18.1341,61.8773,26.5905,2,-0.500447,0,20.2946,5.2122,11.968,4.99175,3.272,2794.3,9999,9999,999.9,4.97259,1.86249,1.86429,1.86264,1.86271,1.86326,1.85975,1.86264,0,0,0,0,11111111,oooooooo,on,on,on,on,0,100,100,2.138,0.1128,2.381631824,-0.001033731,9.12024E-07,-2.25E-10,-0.023148424,-0.018148581,0.00209196,-1.91E-05,2,2210,1,26,1.9,1.9,1.26343,2.37915,2.34741,2.75146,2.39868,2.27539,29.2402,13.6592,18,485.86,659.413,21.9667,20.8023,30.0001,20.6639,20.6066,25.329,30.247,22.5309,-999.9,405,13.2726,100.995,101.315
29,mod,control,06pre,4.80441989,2.563889948,0.042806695,29,1750700431,5567.9,20250623 10:40:31,10:40:31,15,1750700423,0.000664091,0.664091048,3.201914079,402.3949032,298.7250516,30.33605823,40.86391533,0.053459143,3,0.052935502,0.033131308,161.9177781,23.78871687,22.81605161,2.788480401,54.6019886,1.541645652,2.823424004,1.246834749,-29.28641522,33.25761716,2.296143879,168.1851239,3.201914079,0.664091048,3.152629055,411.0286705,408.6312424,-0.000678696,66.95698549,0.764374477,14.69970017,15.24835576,0.003895166,79.22879736,317,40,1,0,54399.16516,1000.011129,841.2093494,0.841199988,0.161915976,6,0.5,1: Needles,2,FALSE,1750700423,402.3949032,404.9968065,15.18088387,14.69036774,400.2699032,15.07888387,799.9853871,101.4517419,0.100029726,23.02168065,22.81605161,999.9,0,0,10006.4071,0,0.00152894,-2.587444839,408.6171935,411.0350645,0.501927032,404.9968065,14.69036774,1.541283871,1.490362903,13.38391935,12.86964839,1000.011129,0.960000355,0.039999768,0,1.579516129,0,3847.650323,7947.002903,36.10664516,38.0763871,37.45545161,37.157,36.20945161,960.0103226,40,0,1750700448,0,1750700448,10:40:48,1750700448,1750700448,27,-0.014,0.003,2.125,0.102,405,15,0.26,0.14,-2.58064925,-0.136501801,0.026548021,0,0.463730425,0.789228056,0.081640882,0,0,2,0/2,3.44788,2.78109,0.0977799,0.0985994,0.0869398,0.0844017,27327.6,31064.3,29410.2,35038.1,31055.9,39845.3,36208.3,46407.5,2.0143,2.30373,0.112496,0,20.9883,999.9,58.6,24.8,18.147,61.9173,26.6627,2,-0.495897,0,20.2936,5.21145,11.9682,4.9907,3.2712,2798.9,9999,9999,999.9,4.97259,1.86249,1.86429,1.86266,1.86278,1.86326,1.85978,1.86264,0,0,0,0,11111111,oooooooo,on,on,on,on,0,100,100,2.125,0.102,2.421441866,-0.001033731,9.12024E-07,-2.25E-10,-0.023148424,-0.018148581,0.00209196,-1.91E-05,2,2210,1,26,2,4.3,1.26465,2.38037,2.34863,2.75146,2.39868,2.2583,29.2614,13.6329,18,438.38,661.36,22.0157,20.8688,30.0003,20.7331,20.6737,25.3573,23.288,21.7871,-999.9,405,14.6647,100.985,101.305
30,mod,control,06pre,4.174107143,3.696005532,0.076088984,30,1750700556,5692.9,20250623 10:42:36,10:42:36,15,1750700548,0.001180451,1.180451121,5.312760893,400.67,315.3152145,32.02254457,40.69094146,0.109372829,3,0.107204938,0.067194284,161.9119022,23.61958665,21.89275806,2.636201499,54.70058576,1.540935617,2.817036775,1.095265882,-52.05789442,176.5353657,12.12898526,298.5183588,5.312760893,1.180451121,5.410143167,410.8855139,406.771103,-0.000587987,66.95776252,1.175427304,14.30840316,15.17848061,-0.000464663,79.21933827,259,32,1,0,54379.87304,999.9740645,841.1782357,0.841200053,0.161916102,6,0.5,1: Needles,2,FALSE,1750700548,400.67,405.0092581,15.17307419,14.30117742,398.519,15.09107419,800.0075806,101.4570968,0.100148481,22.98426129,21.89275806,999.9,0,0,10000.83806,0,0.00152894,-4.363885161,406.8323871,410.8854839,0.906526452,405.0092581,14.30117742,1.542928387,1.450955161,13.40031613,12.46089355,999.9740645,0.959996065,0.040004026,0,1.192096774,0,4542.562581,7946.694194,37.11064516,40.15096774,38.50983871,39.30822581,37.10258065,959.9716129,40.00064516,0,1750700573,0,1750700577,10:42:57,1750700577,1750700573,28,0.026,-0.007,2.151,0.082,405,14,0.61,0.06,-4.338892195,-0.481405087,0.048770815,0,0.953259512,-0.809366237,0.085293295,0,0,2,0/2,3.44797,2.78086,0.0974334,0.0985939,0.0866184,0.0827302,27334.2,31060,29406.3,35033.4,31062.9,39913,36203.3,46401.2,2.12643,2.302,0.0591427,0,20.9917,999.9,58.3,24.9,18.1617,61.5973,26.4463,2,-0.491047,0,20.2947,5.21519,11.9682,4.9917,3.27195,2802.8,9999,9999,999.9,4.97261,1.86249,1.86431,1.86264,1.86273,1.86332,1.85979,1.86263,0,0,0,0,11111111,oooooooo,on,on,on,on,0,100,100,2.151,0.082,2.407745994,-0.001033731,9.12024E-07,-2.25E-10,-0.020319293,-0.018148581,0.00209196,-1.91E-05,2,2210,1,26,1.8,1.8,1.26343,2.38892,2.34863,2.75269,2.39868,2.23145,29.3039,13.6154,18,499.727,660.846,22.0443,20.9384,30.0003,20.7957,20.7392,25.3498,25.4186,21.4161,-999.9,405,14.345,100.971,101.292
31,mod,control,06pre,5.144575629,7.640772831,0.517675153,31,1750700730,5866.4,20250623 10:45:29,10:45:29,15,1750700722,0.006823271,6.823270583,8.911257272,396.2490333,362.8729316,36.85367844,40.24338325,0.603752601,3,0.543486427,0.344591008,161.9150393,22.17784909,22.74429333,2.776375523,54.26188077,1.528338924,2.81659777,1.248036599,-300.9062327,38.39504816,2.64933676,-97.94680849,8.911257272,6.823270583,8.933800127,409.0884462,402.3185091,0.000550748,66.95721572,6.790178283,10.06048147,15.07326061,0.000748869,79.22681732,346,43,1,0,54381.30493,999.9939667,841.1949332,0.841200008,0.161916016,6,0.5,1: Needles,2,FALSE,1750700722,396.2490333,404.9602,15.04850667,10.00809967,394.0670333,14.94396,800.0057,101.4608,0.100036403,22.98168667,22.74429333,999.9,0,0,10000.64133,0,0.00152894,-8.738824333,402.2751,409.0541333,5.040409,404.9602,10.00809967,1.526834667,1.015430333,13.23955333,7.139497667,999.9939667,0.959999733,0.040000287,0,1.498166667,0,8227.487,7946.868667,38.4727,41.5476,39.83723333,41.48303333,38.4289,959.993,40,0,1750700746,0,1750700752,10:45:51,1750700752,1750700573,29,0.031,-0.007,2.182,0.082,405,14,0.22,0.06,-8.743561463,0.102758049,0.016455128,0,5.076773171,-0.664655749,0.06853556,0,0,2,0/2,3.4458,2.78065,0.0966003,0.0985246,0.086205,0.0637565,27356.1,31061.4,29403.1,35033,31073.7,40742.7,36199,46401.8,1.95142,2.28892,0.114802,0,20.8515,999.9,57.4,25,17.9889,61.4573,26.7708,2,-0.485577,0,20.2945,5.2107,11.9683,4.9912,3.2717,2808,9999,9999,999.9,4.97259,1.86249,1.8643,1.86268,1.86274,1.86326,1.85977,1.86264,0,0,0,0,11111111,oooooooo,on,on,on,on,0,100,100,2.182,0.1053,2.433768904,-0.001033731,9.12024E-07,-2.25E-10,-0.027709799,-0.018148581,0.00209196,-1.91E-05,2,2210,1,26,2.5,2.6,1.25977,2.37793,2.34741,2.75269,2.39868,2.24487,29.3464,13.5892,18,408.145,651.455,22.0826,21.0187,30.0002,20.8855,20.8213,25.2708,43.2134,17.0815,-999.9,405,10.2114,100.96,101.292
32,mod,control,06pre,5.066556769,7.254761959,0.329910779,32,1750700850,5986.9,20250623 10:47:30,10:47:30,15,1750700842,0.002824942,2.82494244,8.591351827,397.6429333,355.6632908,36.12182476,40.38535527,0.390692291,3,0.36446721,0.230001367,161.919815,23.20184628,19.60611,2.289982895,53.8649168,1.517544735,2.817315658,0.772438159,-124.5799616,546.6331763,37.12387927,621.0969089,8.591351827,2.82494244,8.451326988,410.2667111,403.8447152,0.00031249,66.95449573,2.965858972,12.94383228,15.07583455,0.014405317,79.26330835,37,5,1,0,54420.67959,1000.0239,841.2200763,0.841199972,0.161915945,6,0.5,1: Needles,2,FALSE,1750700842,397.6429333,404.9288,14.94207333,12.85506333,395.5549333,14.84073667,800.0149333,101.4619333,0.099925023,22.98589667,19.60611,999.9,0,0,10008.22367,0,0.00152894,-7.18881,403.7731333,410.2019333,2.086986,404.9288,12.85506333,1.516050333,1.304300333,13.13070333,10.84824,1000.0239,0.9600004,0.03999966,0,1.970666667,0,7300.334,7947.102333,37.3206,39.4664,38.70393333,38.97886667,37.3414,960.0236667,40,0,1750700867,0,1750700874,10:47:53,1750700874,1750700573,30,-0.094,-0.007,2.088,0.082,405,14,0.19,0.06,-7.187235,0.005948668,0.015712475,1,2.0597965,0.49219137,0.052100913,0,1,2,2-Jan,3.44724,2.78061,0.0968709,0.0985462,0.0862281,0.0768985,27348.1,31060.7,29403.3,35032.9,31073.6,40168.1,36199.8,46401.6,2.50268,2.29475,-0.0636727,0,20.7644,999.9,56.8,25,17.8016,61.5973,26.4543,2,-0.485183,0,20.2927,5.21519,11.968,4.9914,3.27198,2811.9,9999,9999,999.9,4.97259,1.86249,1.86431,1.86264,1.8627,1.86326,1.85975,1.86264,0,0,0,0,11111111,oooooooo,on,on,on,on,0,100,100,2.088,0.1055,2.46516329,-0.001033731,9.12024E-07,-2.25E-10,-0.027709799,-0.018148581,0.00209196,-1.91E-05,2,2210,1,26,1.6,4.6,1.26343,2.38892,2.34741,2.75024,2.39868,2.26196,29.3464,13.5629,18,758.579,656.555,22.0853,21.0418,30.0001,20.9031,20.8547,25.3301,29.2455,15.2687,-999.9,405,13.0705,100.961,101.291
33,mod,control,06pre,6,9.705490859,0.348174676,33,1750700997,6133.4,20250623 10:49:56,10:49:56,15,1750700989,0.00260654,2.606540099,9.705490859,396.9364194,345.1949578,35.05982496,40.31496135,0.348174676,3,0.327182477,0.206269559,161.9238342,23.14510518,19.81358065,2.319660153,54.52974367,1.525845449,2.798189292,0.793814704,-114.9484184,494.8845084,33.62550944,575.4854336,9.705490859,2.606540099,9.767210626,410.3826544,402.9656242,-0.0015894,66.95540063,2.645126197,13.14609088,15.07583333,0.005916513,79.25406251,163,20,1,0,54415.62302,1000.046871,841.2395548,0.841200127,0.161916245,6,0.5,1: Needles,2,FALSE,1750700989,396.9364194,404.9913871,15.02329677,13.09779032,394.8334194,14.91951613,800.0122581,101.465129,0.100157965,22.87340968,19.81358065,999.9,0,0,10002.95968,0,0.00152894,-8.066972903,402.9784516,410.3662258,1.925512581,404.9913871,13.09779032,1.524339355,1.328968387,13.21447419,11.13040645,1000.046871,0.959997226,0.040003071,0,2.851451613,0,9737.410968,7947.274516,36.81835484,39.81229032,38.25580645,38.90496774,36.84848387,960.0412903,40.00612903,0,1750701013,0,1750701015,10:50:14,1750701015,1750700573,31,0.016,-0.007,2.103,0.082,405,14,0.29,0.06,-8.036720488,-0.491714007,0.062393285,0,1.948360976,-0.380425714,0.041697868,0,0,2,0/2,3.44741,2.78106,0.0967204,0.0985497,0.0862098,0.0777233,27351.3,31060,29401.9,35032.4,31072.6,40131.4,36197.8,46400.8,2.29895,2.29575,-0.0540093,0,20.7281,999.9,56.3,25,17.6418,61.6973,26.4343,2,-0.483841,0,20.2947,5.214,11.968,4.99145,3.27198,2816.4,9999,9999,999.9,4.97256,1.86249,1.86425,1.86264,1.86274,1.86326,1.85978,1.86263,0,0,0,0,11111111,oooooooo,on,on,on,on,0,100,100,2.103,0.1055,2.370827743,-0.001033731,9.12024E-07,-2.25E-10,-0.027709799,-0.018148581,0.00209196,-1.91E-05,2,2210,1,26,2,7.1,1.26343,2.38892,2.34741,2.75269,2.39868,2.27905,29.3676,13.5541,18,608.346,657.73,22.0842,21.0552,30.0001,20.9314,20.8827,25.335,28.5148,14.1472,-999.9,405,13.2075,100.956,101.29
34,mod,control,06pre,4.842664487,1.26071151,0.079893211,34,1750701118,6254.4,20250623 10:51:57,10:51:57,15,1750701110,0.000817285,0.81728534,1.562005602,403.5549355,372.7034758,37.85430778,40.98779251,0.098986677,3,0.097207357,0.060911799,161.9129498,23.79879159,20.23985806,2.38169577,54.53207664,1.544261613,2.831840833,0.837434157,-36.04228347,457.8777464,31.20991482,614.9583275,1.562005602,0.81728534,1.391227912,410.9652704,409.8325818,0.021404026,66.95515608,0.865518158,14.63538606,15.25215212,0.005505501,79.25918545,225,28,1,0,54427.24547,999.9772581,841.181197,0.841200327,0.161916632,6,0.5,1: Needles,2,FALSE,1750701110,403.5549355,404.9738065,15.20439032,14.60074516,401.4449355,15.10539032,799.9988065,101.4669677,0.099854768,23.07087742,20.23985806,999.9,0,0,10011.96194,0,0.00152894,-1.425050645,409.7836129,410.9743871,0.614348355,404.9738065,14.60074516,1.543827097,1.48149,13.40924516,12.77843548,999.9772581,0.959987419,0.040012871,0,1.796774194,0,3937.465806,7946.693871,37.81822581,40.9776129,39.21341935,40.66916129,37.81829032,959.9670968,40.01,0,1750701135,0,1750701135,10:52:14,1750701134,1750701135,32,0.007,0.007,2.11,0.099,405,15,0.25,0.09,-1.423296829,-0.062905923,0.032232434,1,0.611805707,-0.015587164,0.0139797,1,2,2,2-Feb,3.44809,2.78079,0.0979699,0.0985557,0.0869426,0.0840967,27314.8,31059.5,29403.3,35031.9,31049,39852.6,36200,46400.2,2.18533,2.29985,-0.0304915,0,20.7901,999.9,55.9,25.1,17.6217,61.5073,26.3542,2,-0.484627,0,20.2949,5.21489,11.968,4.99155,3.272,2820,9999,9999,999.9,4.97257,1.86249,1.86426,1.86265,1.86271,1.86329,1.85979,1.86263,0,0,0,0,11111111,oooooooo,on,on,on,on,0,100,100,2.11,0.099,2.386301213,-0.001033731,9.12024E-07,-2.25E-10,-0.027709799,-0.018148581,0.00209196,-1.91E-05,2,2210,1,26,1.7,9.1,1.26465,2.38892,2.34863,2.75146,2.39868,2.23877,29.3464,13.5279,18,535.761,661.056,22.0893,21.0525,30,20.9353,20.8846,25.3679,21.2374,13.7629,-999.9,405,14.7001,100.961,101.289
35,mod,control,06pre,4.906512605,-11.3825693,-0.018966549,35,1750701214,6350.9,20250623 10:53:34,10:53:34,15,1750701206,-0.000297018,-0.297018343,-13.91933972,415.5158333,-539.9047866,-54.82842689,42.19647622,-0.023193519,3,-0.023293602,-0.014549473,161.9112875,24.09819392,22.65774,2.761836064,52.71115791,1.494072727,2.834452488,1.267763338,13.09850894,69.28392856,4.781167653,249.0748927,-13.91933972,-0.297018343,-13.7772773,411.1192932,421.6611758,-0.014373014,66.95628908,-0.313210252,14.93595196,14.70446606,-6.79E-06,79.14476737,801,100,1,0,54376.57972,999.9668333,841.172441,0.841200341,0.161916658,6,0.5,1: Needles,2,FALSE,1750701206,415.5158333,404.9810333,14.71238667,14.93193,413.4100333,14.60238667,799.7924333,101.4673667,0.084662967,23.08611667,22.65774,999.9,0,0,10002.739,0,0.00152894,10.53487333,421.7164,411.1197,-0.2286631,404.9810333,14.93193,1.491901333,1.515104,12.88541667,13.12143333,999.9668333,0.959989167,0.040010653,0,0.280833333,0,4431.958667,7946.616667,38.5248,41.60813333,39.90806667,41.62893333,38.4998,959.956,40.01,0,1750701231,0,1750701231,10:53:51,1750701134,1750701231,33,0.007,0.002,2.11,0.11,405,15,0.25,0.19,10.5332625,0.074815385,0.035922024,1,-0.227773775,-0.024774585,0.002566162,1,2,2,2-Feb,3.44811,2.76748,0.100121,0.0985654,0.0846075,0.0853547,27250.8,31060.4,29404.4,35033.2,31131.4,39799.3,36201.6,46402,0.284,2.3015,0.111751,0,20.8297,999.9,55.8,25.1,17.5911,61.6773,25.7612,2,-0.485346,0,20.2949,5.21714,11.968,4.9931,3.27198,2822.8,9999,9999,999.9,4.97256,1.86249,1.86428,1.86264,1.86271,1.86325,1.85978,1.86263,0,0,0,0,11111111,oooooooo,on,on,on,on,0,100,100,2.105,0.11,2.393064211,-0.001033731,9.12024E-07,-2.25E-10,-0.020736041,-0.018148581,0.00209196,-1.91E-05,2,2210,1,26,1.3,1.3,1.26465,2.37793,2.34741,2.75024,2.39868,2.29248,29.3251,13.5191,18,-2.43058,662.294,22.0999,21.0453,29.9999,21.0872,20.8775,25.3742,19.7838,14.137,-999.9,405,14.8799,100.966,101.292
36,mod,control,06pre,6,12.14490317,0.348359506,36,1750701366,6502.9,20250623 10:56:06,10:56:06,15,1750701358,0.003708788,3.708787604,12.14490317,394.7725806,329.4161152,33.45803568,40.09614126,0.348359506,3,0.327345735,0.206373373,161.9147472,23.13009692,22.17812581,2.682470321,54.70920399,1.555729757,2.843634422,1.126740564,-163.5575333,155.5044684,10.70795837,164.5696407,12.14490317,3.708787604,12.26815731,410.175791,400.8614364,-0.001160606,66.95833777,3.715700424,12.58650671,15.33031697,6.17567E-05,79.21155935,369,46,1,0,54417.44743,999.9921613,841.1934146,0.841200009,0.161916016,6,0.5,1: Needles,2,FALSE,1750701358,394.7725806,404.9793871,15.31717097,12.57817742,392.6584194,15.19562581,799.9973871,101.4678065,0.099889039,23.13959677,22.17812581,999.9,0,0,10012.41903,0,0.00152894,-10.20673226,400.9135161,410.138129,2.73899129,404.9793871,12.57817742,1.554200645,1.276281613,13.51205806,10.52239032,999.9921613,0.960000968,0.039999439,0,1.644677419,0,10819.0871,7946.857742,36.08245161,38.19332258,37.48164516,37.27393548,36.21345161,959.9929032,40,0,1750701383,0,1750701231,10:53:51,1750701134,1750701231,33,0.007,0.002,2.11,0.11,405,15,0.25,0.19,-10.18262195,-0.52083554,0.061595967,0,2.751343902,-0.186088014,0.023769915,0,0,2,0/2,3.44695,2.78046,0.0963107,0.0985478,0.0872215,0.0753528,27365.8,31062.2,29404.1,35034.8,31040.5,40238.6,36201.4,46405,1.90115,2.2953,0.0837594,0,20.8073,999.9,55.9,25.1,17.6224,61.5073,26.6026,2,-0.485803,0,20.2924,5.2092,11.968,4.99075,3.27125,2827.8,9999,9999,999.9,4.9726,1.86249,1.86425,1.86264,1.86275,1.86327,1.85979,1.86264,0,0,0,0,11111111,oooooooo,on,on,on,on,0,100,100,2.114,0.122,2.393064211,-0.001033731,9.12024E-07,-2.25E-10,-0.018743033,-0.018148581,0.00209196,-1.91E-05,2,2210,1,26,3.9,2.2,1.26343,2.38525,2.34863,2.75269,2.39868,2.28394,29.3251,13.4929,18,384.621,657.206,22.1433,21.04,30.0001,20.929,20.8705,25.3288,31.7047,14.497,-999.9,405,12.668,100.965,101.298
37,mod,control,06pre,4.51954023,3.75344393,0.05312421,37,1750701495,6631.5,20250623 10:58:14,10:58:14,15,1750701487,0.000882262,0.882262421,4.982954556,400.9818,279.7830727,28.41732255,40.72737152,0.070526037,3,0.069617744,0.043591722,161.915815,23.77631228,22.92076333,2.80622703,54.63522677,1.546627974,2.830825579,1.259599055,-38.90777279,23.32017472,1.611259419,147.9394764,4.982954556,0.882262421,4.972539941,410.994885,407.2114,-0.000329275,66.95371905,0.961117438,14.5823118,15.28612727,0.001472727,79.28388723,50,6,1,0,54337.87143,999.9984667,841.198743,0.841200033,0.161916063,6,0.5,1: Needles,2,FALSE,1750701487,400.9818,404.9844,15.22734333,14.57571333,398.8768,15.12834333,799.9888667,101.4689,0.100227367,23.06495,22.92076333,999.9,0,0,9994.413,0,0.00152894,-3.996123,407.1971667,410.9747667,0.672023133,404.9844,14.57571333,1.547171,1.478980667,13.44243,12.75257,999.9984667,0.959997033,0.040003047,0,0.8155,0,4402.779,7946.890333,36.94976667,40.12263333,38.39976667,39.2372,36.9789,959.9966667,40.001,0,1750701511,0,1750701515,10:58:34,1750701512,1750701515,34,-0.005,0,2.105,0.099,405,15,0.31,0.12,-3.9748765,-0.257142439,0.03094048,0,0.6503243,0.383293981,0.03754369,0,0,2,0/2,3.44809,2.78103,0.0974899,0.0985729,0.0870493,0.0838843,27331,31062.2,29405.1,35035.5,31048,39866.8,36203.2,46405.9,2.4828,2.29955,0.124373,0,20.8993,999.9,55.5,25.2,17.6018,61.7164,26.2981,2,-0.486481,0,20.2944,5.21415,11.968,4.9911,3.27195,2831.8,9999,9999,999.9,4.97256,1.86249,1.86428,1.86266,1.86274,1.86327,1.85976,1.86264,0,0,0,0,11111111,oooooooo,on,on,on,on,0,100,100,2.105,0.099,2.393064211,-0.001033731,9.12024E-07,-2.25E-10,-0.018743033,-0.018148581,0.00209196,-1.91E-05,2,2210,1,26,6,4.4,1.26465,2.39258,2.34863,2.75146,2.39868,2.25342,29.3251,13.4666,18,742.8,660.631,22.1492,21.0365,30.0001,20.9138,20.8709,25.366,21.4091,13.3764,-999.9,405,14.5582,100.969,101.3
38,control,control,06pre,4.753176044,3.605697625,0.100687312,38,1750701620,6757,20250623 11:00:20,11:00:20,15,1750701612,0.001461265,1.461264594,4.551522087,401.1101667,335.7461955,34.10233878,40.7414737,0.127098989,3,0.124181549,0.077870011,161.9168751,23.70203345,22.39086,2.717423412,54.41696519,1.547303533,2.843421215,1.17011988,-64.44176861,120.8971209,8.33384115,226.7060685,4.551522087,1.461264594,4.430018353,410.7963927,407.4169152,0.002704071,66.95699696,1.453875643,14.21056826,15.27330667,0.002695001,79.23023352,315,39,1,0,54433.96942,1000.001867,841.201867,0.841200297,0.161916573,6,0.5,1: Needles,2,FALSE,1750701612,401.1101667,404.9633333,15.23359667,14.15436333,399.0491667,15.11503,800.0147333,101.4718333,0.099946893,23.13835667,22.39086,999.9,0,0,10015.13133,0,0.00152894,-3.807441333,407.3616,410.7777667,1.079224,404.9633333,14.15436333,1.545779667,1.436268667,13.42864,12.30594,1000.001867,0.959991533,0.0400088,0,1.261833333,0,5450.427667,7946.903667,37.96226667,41.15806667,39.3498,40.94566667,37.9706,959.9926667,40.01,0,1750701637,0,1750701638,11:00:37,1750701638,1750701515,35,-0.044,0,2.061,0.099,405,15,0.45,0.12,-3.823469,0.226312795,0.034062359,0,1.104347,-0.488886979,0.05000386,0,0,2,0/2,3.44783,2.78119,0.0975315,0.0985627,0.0869954,0.0823892,27329.6,31061.6,29404.9,35034.5,31049.9,39931.2,36203.2,46404.9,2.01565,2.29935,0.0890493,0,20.9307,999.9,55.3,25.2,17.5353,61.7764,26.5345,2,-0.485739,0,20.2943,5.21564,11.968,4.99165,3.27198,2835.7,9999,9999,999.9,4.97258,1.86249,1.86426,1.86266,1.86269,1.86328,1.85978,1.86264,0,0,0,0,11111111,oooooooo,on,on,on,on,0,100,100,2.061,0.1198,2.388343417,-0.001033731,9.12024E-07,-2.25E-10,-0.0191485,-0.018148581,0.00209196,-1.91E-05,2,2210,1,26,1.8,1.8,1.26465,2.38892,2.34863,2.75269,2.39868,2.25342,29.3039,13.4403,18,440.644,660.512,22.1614,21.0418,30.0001,20.9293,20.874,25.3611,22.9485,13.5411,-999.9,405,14.3328,100.969,101.298
39,control,control,06pre,5.068599034,6.418131263,0.12773717,39,1750702028,7164.5,20250623 11:07:07,11:07:07,15,1750702020,0.001783684,1.783683656,7.597520995,398.7722581,309.6117562,31.44889414,40.50539516,0.151210031,3,0.147099983,0.092297456,161.9129059,23.71655466,22.71059032,2.77070606,54.72973503,1.565328141,2.860105463,1.205377919,-78.66044925,84.84096658,5.860728791,173.954152,7.597520995,1.783683656,7.571703059,410.7592069,405.002103,-0.000812319,66.95990893,1.77525841,14.08685375,15.39847576,-0.000169754,79.19109167,5,1,1,0,54357.36521,999.9835484,841.1859379,0.841199777,0.16191557,6,0.5,1: Needles,2,FALSE,1750702020,398.7722581,405.0038065,15.41052581,14.09339032,396.7202581,15.28643548,800.0070645,101.4752903,0.099968094,23.23515484,22.71059032,999.9,0,0,10003.4871,0,0.00152894,-6.219839032,405.0254194,410.7932258,1.317128387,405.0038065,14.09339032,1.563786774,1.430130645,13.60650968,12.24092581,999.9835484,0.960007581,0.039992258,0,-0.197258065,0,8466.315161,7946.815161,37.54416129,40.64293548,38.90303226,40.26183871,37.56022581,959.9922581,39.99193548,0,1750702044,0,1750702048,11:07:28,1750702048,1750701515,36,-0.009,0,2.052,0.099,405,15,0.52,0.12,-6.210389268,-0.067936934,0.036235423,1,1.320497317,-0.05938223,0.0063123,1,2,2,2-Feb,3.44786,2.78054,0.0971005,0.0985673,0.0875143,0.0817786,27344.6,31063.2,29406.9,35036.4,31034.8,39961.2,36206.6,46408.9,2.54798,2.29953,0.09574,0,21.1496,999.9,55.8,25.2,17.6951,61.6964,26.3261,2,-0.488979,0,20.2943,5.21519,11.968,4.9916,3.27195,2848.7,9999,9999,999.9,4.97258,1.86252,1.86432,1.86279,1.86279,1.86337,1.85989,1.86264,0,0,0,0,11111111,oooooooo,on,on,on,on,0,100,100,2.052,0.1237,2.344155654,-0.001033731,9.12024E-07,-2.25E-10,-0.0191485,-0.018148581,0.00209196,-1.91E-05,2,2210,1,26,6.5,8.6,1.26465,2.38403,2.34863,2.75146,2.39868,2.26196,29.3676,13.344,18,795.684,660.255,22.2539,21.0008,30,20.8855,20.8442,25.3576,25.4893,21.4962,-999.9,405,14.1852,100.977,101.305
40,control,control,06pre,5.37751916,9.646976847,0.284690255,40,1750702157,7294,20250623 11:09:17,11:09:17,15,1750702149,0.003651139,3.651138909,10.76367361,395.7974839,331.8332409,33.70663376,40.20393133,0.317644899,3,0.300072997,0.189043338,161.9153589,23.32886915,22.64897097,2.760366743,53.92765589,1.55065522,2.875435978,1.209711523,-161.0152259,109.1222357,7.5390857,117.5614545,10.76367361,3.651138909,10.75283312,410.1475444,401.9918545,-0.003370232,66.95779162,3.757518689,12.63826105,15.40492667,0.001978927,79.2180802,583,73,1,0,54283.12685,999.9929355,841.1943178,0.841200261,0.161916503,6,0.5,1: Needles,2,FALSE,1750702149,395.7974839,404.9540968,15.26580645,12.56924839,393.7794839,15.24380645,799.9979032,101.476871,0.10015509,23.32366452,22.64897097,999.9,0,0,9992.193226,0,0.00152894,-9.118908065,402.0127419,410.1087742,2.797257419,404.9540968,12.56924839,1.559345806,1.27548871,13.56280968,10.51295806,999.9929355,0.959992774,0.040007335,0,0.89483871,0,13039.66129,7946.836774,38.52196774,41.5803871,39.86070968,41.66912903,38.50583871,959.9841935,40.0083871,0,1750702174,0,1750702186,11:09:45,1750702181,1750702186,37,-0.033,-0.025,2.018,0.022,405,13,0.24,0.03,-9.08588975,-0.650522814,0.072979992,0,2.83432625,-0.703771295,0.071624761,0,0,2,0/2,3.44706,2.78069,0.0965406,0.0985601,0.0875462,0.0755075,27361.4,31063.3,29406.8,35036.2,31033.6,40235.5,36206.6,46409.3,1.34993,2.29562,0.100002,0,21.0111,999.9,55.7,25.2,17.6621,62.1664,26.6186,2,-0.488509,0,20.2941,5.21355,11.968,4.9915,3.27168,2852.6,9999,9999,999.9,4.9726,1.86257,1.86432,1.86278,1.86279,1.8634,1.85987,1.86264,0,0,0,0,11111111,oooooooo,on,on,on,on,0,100,100,2.018,0.022,2.334994016,-0.001033731,9.12024E-07,-2.25E-10,-0.0191485,-0.018148581,0.00209196,-1.91E-05,2,2210,1,26,1.8,10.7,1.26343,2.39258,2.34863,2.75391,2.39868,2.26562,29.3889,13.3002,18,186.868,657.071,22.2567,21.0061,30,20.9261,20.8406,25.3296,31.6387,20.3105,-999.9,405,12.7912,100.977,101.305
41,control,control,06pre,4.867826087,2.980636768,0.094684042,41,1750702289,7425.5,20250623 11:11:28,11:11:28,15,1750702281,0.001425726,1.425726338,3.673882405,401.8045806,343.0916664,34.85150143,40.81560203,0.116705947,3,0.11424114,0.07161783,161.9151411,23.91933212,22.9524,2.811608238,54.56739756,1.571232359,2.879434294,1.240375879,-62.8745315,63.76937443,4.413015885,167.2229999,3.673882405,1.425726338,3.659344435,410.9008668,408.0923697,0.006936789,66.95414299,1.457884021,14.42435787,15.49801152,0.000684775,79.2791811,40,5,1,0,54342.19365,999.9986129,841.1985045,0.841199671,0.161915366,6,0.5,1: Needles,2,FALSE,1750702281,401.8045806,404.9895806,15.46781935,14.41508387,399.7355806,15.36647097,800.0149032,101.4808387,0.099889813,23.34668065,22.9524,999.9,0,0,10003.93129,0,0.00152894,-3.23422871,408.0673226,410.913,1.052747742,404.9895806,14.41508387,1.569687097,1.462854516,13.6643871,12.58533548,999.9986129,0.960012645,0.039987419,0,0.495,0,5905.87129,7946.949677,36.38487097,38.41706452,37.70541935,37.79212903,36.52796774,960.0106452,39.98903226,0,1750702305,0,1750702306,11:11:45,1750702306,1750702186,38,0.05,-0.025,2.069,0.022,405,13,0.34,0.03,-3.227808,-0.018383415,0.034161575,1,1.043048575,0.239157377,0.023580933,0,1,2,2-Jan,3.44787,2.78087,0.0976674,0.0985734,0.0880289,0.0832287,27324.6,31060.7,29404,35034,31014.2,39895.5,36203.3,46406.1,2.4967,2.29883,0.111688,0,21.1273,999.9,55.8,25.2,17.6924,61.5164,26.3902,2,-0.485168,0,20.2927,5.21459,11.968,4.99165,3.27198,2856.7,9999,9999,999.9,4.97255,1.86254,1.86432,1.86278,1.86279,1.8634,1.85984,1.86264,0,0,0,0,11111111,oooooooo,on,on,on,on,0,100,100,2.069,0.1023,2.301624781,-0.001033731,9.12024E-07,-2.25E-10,-0.044480622,-0.018148581,0.00209196,-1.91E-05,2,2210,1,26,1.8,1.7,1.26465,2.38525,2.34741,2.75269,2.39868,2.27783,29.4314,13.2564,18,753.991,660.117,22.2983,21.0508,30.0001,20.9191,20.8762,25.3626,23.4067,20.3818,-999.9,405,14.488,100.968,101.298
42,control,control,06pre,4.041322314,2.121819433,0.182260707,42,1750702431,7567.5,20250623 11:13:50,11:13:50,15,1750702423,0.0032517,3.251700372,3.150185906,401.6349677,374.4319893,38.03655313,40.79995894,0.270595651,3,0.257730477,0.162186451,161.9165965,23.30613768,22.89521935,2.801888728,54.23036648,1.547666821,2.853874907,1.254221907,-143.3999864,49.14270101,3.397282863,71.05659395,3.150185906,3.251700372,3.091850108,410.2665166,407.9173515,1.98724E-05,66.95470216,3.220992604,12.89606076,15.26961939,0.00131366,79.26937699,12,1,1,0,54341.37313,1000.005903,841.2047796,0.841199814,0.161915641,6,0.5,1: Needles,2,FALSE,1750702423,401.6349677,404.9771935,15.23523871,12.83355484,399.6089677,15.14117742,799.9787097,101.4847097,0.099968484,23.19906452,22.89521935,999.9,0,0,9998.180645,0,0.00152894,-3.29817,407.8933226,410.2419355,2.401681613,404.9771935,12.83355484,1.54614129,1.302408065,13.43225484,10.82657742,1000.005903,0.960005,0.0399946,0,0.900645161,0,8614.563226,7946.977419,37.05222581,40.13474194,38.41509677,39.45741935,37.1106129,960.0080645,39.99387097,0,1750702447,0,1750702452,11:14:11,1750702452,1750702186,39,-0.043,-0.025,2.026,0.022,405,13,0.52,0.03,-3.295273659,0.005220836,0.023303771,1,2.421925122,-0.413067805,0.041379577,0,1,2,2-Jan,3.44728,2.78034,0.0976271,0.0985404,0.087089,0.0767451,27321.9,31057.8,29400,35029.8,31042.2,40173.8,36197.7,46400.3,2.53713,2.2925,0.109717,0,21.1082,999.9,55.8,25.2,17.693,61.8364,26.3742,2,-0.479004,0,20.2939,5.2113,11.9682,4.9904,3.2712,2860.9,9999,9999,999.9,4.97261,1.8625,1.86432,1.86279,1.86279,1.86339,1.85986,1.86267,0,0,0,0,11111111,oooooooo,on,on,on,on,0,100,100,2.026,0.0952,2.351717741,-0.001033731,9.12024E-07,-2.25E-10,-0.044480622,-0.018148581,0.00209196,-1.91E-05,2,2210,1,26,2.1,4.1,1.26343,2.38647,2.34863,2.75269,2.39868,2.25952,29.4527,13.2039,18,788.191,655.95,22.2868,21.1325,30.0002,20.9903,20.9453,25.3302,30.3009,19.1993,-999.9,405,13.0897,100.953,101.286
43,control,control,06pre,6,10.50585679,0.891903171,43,1750702576,7712.5,20250623 11:16:15,11:16:15,15,1750702568,0.008175628,8.175627611,10.50585679,394.6875484,366.836482,37.26452848,40.09373689,0.891903171,3,0.766740755,0.488987568,161.9190304,22.02839259,21.75184839,2.613613511,54.47794565,1.552658029,2.850067142,1.060955482,-360.5451776,230.4941474,15.84046456,47.70846476,10.50585679,8.175627611,10.65282824,408.7685659,400.7543818,-0.014448219,66.95560147,8.161155362,9.310700357,15.32783697,0.002393124,79.24847081,426,53,1,0,54397.2026,1000.013839,841.2120503,0.841200409,0.16191679,6,0.5,1: Needles,2,FALSE,1750702568,394.6875484,404.9868065,15.28455161,9.246697097,392.6573226,15.18895161,800.0192903,101.4834194,0.100066239,23.17697419,21.75184839,999.9,0,0,10008.24581,0,0.00152894,-10.29923871,400.8138065,408.7665161,6.037854516,404.9868065,9.246697097,1.551127097,0.938385258,13.48164194,5.993056452,1000.013839,0.959986323,0.040013823,0,1.724193548,0,9583.317419,7946.977097,38.21748387,41.29809677,39.53609677,41.26990323,38.2316129,959.9996774,40.01419355,0,1750702593,0,1750702452,11:14:11,1750702452,1750702186,39,-0.043,-0.025,2.026,0.022,405,13,0.52,0.03,-10.27811,-0.347110694,0.049501549,0,6.08128575,-0.681606191,0.072207037,0,0,2,0/2,3.4453,2.78077,0.0962881,0.0984944,0.0873135,0.0599766,27359.6,31058.6,29397.3,35029.5,31032.1,40906.7,36195,46400.1,1.7653,2.28258,0.0339262,0,21.2069,999.9,55.6,25.3,17.7352,61.3164,26.6867,2,-0.475109,0,20.2946,5.21639,11.968,4.9918,3.27198,2865.5,9999,9999,999.9,4.97258,1.86255,1.86432,1.86277,1.86279,1.8634,1.85986,1.86264,0,0,0,0,11111111,oooooooo,on,on,on,on,0,100,100,2.03,0.0971,2.309083166,-0.001033731,9.12024E-07,-2.25E-10,-0.044480622,-0.018148581,0.00209196,-1.91E-05,2,2210,1,26,2.1,6.5,1.25977,2.38281,2.34863,2.75024,2.39868,2.27295,29.4739,13.1426,18,326.449,648.746,22.3306,21.1997,30.0002,21.0684,21,25.2545,46.2438,15.2092,-999.9,405,9.38701,100.944,101.285
44,control,control,06pre,3.708516242,2.921754459,0.126984604,44,1750702796,7933,20250623 11:19:56,11:19:56,15,1750702788,0.001711267,1.711266604,4.727099899,400.8118,357.583778,36.32238148,40.71336564,0.205448103,3,0.19793955,0.12436397,161.9099579,23.80605279,20.325,2.394259041,53.37189372,1.533059583,2.872409944,0.861199458,-75.46685722,482.1716762,32.91957277,601.5343496,4.727099899,1.711266604,4.712289634,410.661337,407.0646848,0.003783143,66.95621752,1.941713697,13.9675209,15.30635576,0.023319729,79.24128308,91,11,1,0,54369.53237,999.9682,841.172787,0.841199537,0.161915107,6,0.5,1: Needles,2,FALSE,1750702788,400.8118,404.8713667,15.09254667,13.82852333,398.7518,15.00954667,800.0355,101.4772667,0.099996373,23.30622667,20.325,999.9,0,0,10008.122,0,0.00152894,-4.091931,406.9237667,410.5486667,1.270924,404.8713667,13.82852333,1.53225,1.403281,13.29310667,11.95253667,999.9682,0.9600159,0.03998434,0,2.584833333,0,5471.873667,7946.714,36.10806667,38.5206,37.47893333,37.53726667,36.28726667,959.9856667,39.98333333,0,1750702813,0,1750702820,11:20:20,1750702820,1750702814,40,0.034,0.024,2.06,0.083,405,14,0.11,0.06,-4.079759756,-0.275163763,0.056971599,0,1.298916585,-0.277958467,0.069385186,0,0,2,0/2,3.4477,2.7806,0.0974379,0.0985101,0.0872305,0.0814286,27323.2,31055.2,29395.6,35026.3,31033.1,39965.1,36192.7,46395.3,2.41507,2.29287,-0.0592321,0,21.386,999.9,55.4,25.3,17.6716,61.5364,26.2981,2,-0.471819,0,20.2944,5.21654,11.968,4.9917,3.27192,2872.1,9999,9999,999.9,4.97258,1.86261,1.86434,1.86279,1.86279,1.8634,1.85989,1.86264,0,0,0,0,11111111,oooooooo,on,on,on,on,0,100,100,2.06,0.083,2.309083166,-0.001033731,9.12024E-07,-2.25E-10,-0.044480622,-0.018148581,0.00209196,-1.91E-05,2,2210,1,26,5.7,10.2,1.26343,2.38159,2.34741,2.75269,2.39868,2.25952,29.623,13.0463,18,693.259,657.878,22.3981,21.2549,30.0001,21.116,21.0682,25.3396,25.0475,13.8893,-999.9,405,14.1233,100.938,101.275
45,control,control,06pre,4.687576375,5.126475968,0.889741636,45,1750702987,8123.5,20250623 11:23:06,11:23:06,15,1750702979,0.007250732,7.250731663,6.561782326,397.8612667,382.3164625,38.8345556,40.41355002,1.138850739,3,0.942871414,0.604073999,161.9112467,22.34066388,19.75613667,2.311409635,53.96321716,1.545105544,2.86325691,0.76630409,-319.7572664,565.6306869,38.49596246,446.2806297,6.561782326,7.250731663,6.679561896,409.0185559,403.9617152,-0.00077028,66.95575192,7.16845582,9.989788743,15.25645697,0.006767513,79.24759981,1,0,1,0,54368.491,999.9738333,841.177721,0.841199732,0.161915484,6,0.5,1: Needles,2,FALSE,1750702979,397.8612667,404.9461333,15.21117667,9.855891667,395.7582667,15.09428,800.0066667,101.4772333,0.099756943,23.25338333,19.75613667,999.9,0,0,10006.06433,0,0.00152894,-7.124743,403.9661667,408.9769667,5.355279,404.9461333,9.855891667,1.543586333,1.000148,13.40685333,6.917894667,999.9738333,0.960009167,0.039990653,0,2.759666667,0,6599.495667,7946.735333,37.8435,41.0123,39.2101,40.71016667,37.87056667,959.983,39.99,0,1750703004,0,1750703010,11:23:30,1750703010,1750702814,41,0.043,0.024,2.103,0.083,405,14,0.26,0.06,-7.10143725,-0.318377674,0.046779108,0,5.37851675,-0.714829306,0.073927823,0,0,2,0/2,3.4459,2.78104,0.0968473,0.0984594,0.0868834,0.0633877,27336.6,31056,29391,35025.7,31039.4,40753.2,36185.8,46395.1,2.5489,2.28095,-0.0877939,0,21.2597,999.9,55,25.4,17.6484,61.6164,26.4904,2,-0.468674,0,20.2944,5.2131,11.9683,4.9915,3.272,2877.9,9999,9999,999.9,4.97259,1.86263,1.86435,1.86279,1.86279,1.8634,1.85989,1.86268,0,0,0,0,11111111,oooooooo,on,on,on,on,0,100,100,2.103,0.1183,2.3432526,-0.001033731,9.12024E-07,-2.25E-10,-0.020159021,-0.018148581,0.00209196,-1.91E-05,2,2210,1,26,2.8,2.9,1.25977,2.39746,2.34863,2.75024,2.39868,2.24365,29.7083,12.9675,18,800.724,648.998,22.4333,21.3018,30.0003,21.1623,21.1183,25.258,42.4444,8.56549,-999.9,405,10.1994,100.921,101.274
46,control,control,06pre,4.963249516,8.292812171,0.230849256,46,1750703101,8237.4,20250623 11:25:00,11:25:00,15,1750703093,0.002721378,2.72137806,10.02505977,396.6148387,330.6792119,33.5903124,40.28803702,0.279070301,3,0.265408529,0.167052038,161.9133166,23.52283696,21.4857871,2.571425172,54.08050002,1.551007473,2.867960675,1.020417699,-120.0127724,290.2790772,19.93273751,352.112359,10.02505977,2.72137806,9.916850583,410.4448612,402.9041879,0.000917204,66.95284037,2.830402311,13.363616,15.39121515,0.015317528,79.29016431,33,4,1,0,54380.96304,999.9806129,841.1839277,0.841200236,0.161916456,6,0.5,1: Needles,2,FALSE,1750703093,396.6148387,404.9430645,15.26886452,13.2590129,394.6428387,15.1501871,800.0070323,101.4799355,0.099816681,23.28055806,21.4857871,999.9,0,0,10009.13742,0,0.00152894,-8.194047742,402.901,410.3845161,2.00984871,404.9430645,13.2590129,1.549483871,1.345523548,13.46522258,11.31699677,999.9806129,0.959992419,0.040007252,0,2.281451613,0,9165.090323,7946.737097,38.71748387,41.83848387,40.018,41.89687097,38.70941935,959.9735484,40.00709677,0,1750703118,0,1750703124,11:25:23,1750703124,1750702814,42,-0.131,0.024,1.972,0.083,405,14,0.15,0.06,-8.104603171,-1.359348306,0.146770943,0,2.003802683,0.099647639,0.016184003,1,1,2,2-Jan,3.44756,2.78086,0.0966264,0.098487,0.0874497,0.0787634,27343.5,31051.2,29391.4,35021.3,31021.6,40075.9,36187.9,46388.7,2.50182,2.28717,0.046134,0,21.2588,999.9,54.7,25.4,17.5518,61.7364,26.262,2,-0.464009,0,20.2944,5.21564,11.968,4.99175,3.272,2881.4,9999,9999,999.9,4.97259,1.86261,1.86435,1.86279,1.86279,1.8634,1.85989,1.86265,0,0,0,0,11111111,oooooooo,on,on,on,on,0,100,100,1.972,0.1227,2.38608442,-0.001033731,9.12024E-07,-2.25E-10,-0.020159021,-0.018148581,0.00209196,-1.91E-05,2,2210,1,26,1.5,4.8,1.26221,2.38159,2.34741,2.75269,2.39868,2.26685,29.751,12.915,18,762.523,654.73,22.4401,21.3574,30.0004,21.22,21.1765,25.3225,27.2862,7.50896,-999.9,405,13.4223,100.924,101.261
47,control,control,06pre,4.930424528,7.119912893,0.155792684,47,1750703210,8346.4,20250623 11:26:49,11:26:49,15,1750703202,0.002280339,2.280339186,8.664462283,397.7815161,315.3983596,32.03880175,40.40744902,0.189589375,3,0.183175799,0.115043034,161.913802,23.82287242,22.96919355,2.814468387,54.37522844,1.577218769,2.900620033,1.237249618,-100.5629581,80.7026119,5.588756509,147.6422123,8.664462283,2.280339186,8.870567993,410.6723451,403.9259455,3.60602E-05,66.95246894,2.309289784,13.90564505,15.57858788,0.00785223,79.30783786,0,0,1,0,54299.64017,999.9927742,841.193389,0.841199467,0.161914972,6,0.5,1: Needles,2,FALSE,1750703202,397.7815161,404.960129,15.52655484,13.84286452,395.6985161,15.39979032,800.0046129,101.4821613,0.099856432,23.46817097,22.96919355,999.9,0,0,9999.900323,0,0.00152894,-7.287036129,403.9449677,410.6446129,1.683702903,404.960129,13.84286452,1.575669032,1.404803226,13.72288065,11.96950968,999.9927742,0.960015903,0.039983716,0,1.140322581,0,7943.10129,7946.913226,36.41306452,38.46348387,37.7256129,37.77593548,36.54416129,960.0103226,39.98193548,0,1750703226,0,1750703232,11:27:11,1750703232,1750702814,43,0.111,0.024,2.083,0.083,405,14,0.18,0.06,-7.270044,-0.208915497,0.03372944,0,1.7079295,-0.383421614,0.040777098,0,0,2,0/2,3.4477,2.78061,0.0968196,0.0984805,0.0882,0.0811412,27335.4,31049.8,29389.1,35019.7,30993.4,39970.1,36185.1,46386.3,2.55083,2.28885,0.1017,0,21.2759,999.9,54.6,25.5,17.6224,61.4264,26.23,2,-0.460783,0,20.2921,5.2113,11.968,4.9906,3.2713,2884.5,9999,9999,999.9,4.97258,1.86263,1.86433,1.86279,1.86279,1.8634,1.85989,1.86265,0,0,0,0,11111111,oooooooo,on,on,on,on,0,100,100,2.083,0.1286,2.254837594,-0.001033731,9.12024E-07,-2.25E-10,-0.020159021,-0.018148581,0.00209196,-1.91E-05,2,2210,1,26,1.4,6.6,1.26343,2.3877,2.34741,2.75024,2.39868,2.26196,29.7724,12.8537,18,803.948,656.677,22.4714,21.4043,30.0001,21.2656,21.2223,25.3347,25.0187,7.13231,-999.9,405,14.0245,100.917,101.256
48,control,heat,06pre,3.705705706,-40.02617592,0.044443593,48,1750703332,8468.4,20250623 11:28:51,11:28:51,15,1750703324,0.000875244,0.875243776,-64.80737397,453.3035161,1887.66232,191.6879392,46.03197084,0.071959723,3,0.071014392,0.044467895,161.9128329,24.14913556,22.55133871,2.744053816,52.46095541,1.518758921,2.895027186,1.225294895,-38.59825054,143.1097518,9.887985092,276.3123193,-64.80737397,0.875243776,-64.88519177,410.8597977,460.2383333,-0.001780768,66.95316897,0.908294575,14.31325247,14.98421636,1.89657E-05,79.18451141,801,100,1,0,54326.19628,999.986,841.1877567,0.841199534,0.1619151,6,0.5,1: Needles,2,FALSE,1750703324,453.3035161,404.9935484,14.9561,14.30945806,451.2385484,14.8701,799.966871,101.4878065,0.059984816,23.43617419,22.55133871,999.9,0,0,10003.29355,0,0.00152894,48.30998065,460.1972258,410.8728387,0.670421097,404.9935484,14.30945806,1.520276129,1.452236129,13.17363226,12.47433548,999.986,0.960014742,0.039984929,0,1.616935484,0,6553.703871,7946.861935,36.83848387,39.92922581,38.24367742,39.04609677,36.92716129,960.0016129,39.98387097,0,1750703349,0,1750703352,11:29:12,1750703232,1750703352,44,0.111,-0.004,2.083,0.086,405,14,0.18,0.15,48.289165,0.358158349,0.039328199,0,0.670071225,0.004135689,0.000675385,1,1,2,2-Jan,3.44789,2.74166,0.106839,0.0984668,0.085691,0.0826723,27028.7,31046.5,29385.1,35015.8,31075.9,39898.8,36179.6,46380.9,0.28,2.28855,0.06143,0,21.5563,999.9,54.6,25.5,17.6225,61.6464,23.766,2,-0.453958,0,20.2949,5.21504,11.9686,4.9928,3.272,2888.4,9999,9999,999.9,4.97256,1.86261,1.86435,1.86279,1.86279,1.8634,1.85987,1.86267,0,0,0,0,11111111,oooooooo,on,on,on,on,0,100,100,2.064,0.086,2.366309396,-0.001033731,9.12024E-07,-2.25E-10,-0.020159021,-0.018148581,0.00209196,-1.91E-05,2,2210,1,26,1.7,8.6,1.26343,2.39502,2.34741,2.75024,2.39868,2.25098,29.8364,12.8011,18,-2.8977,657.495,22.5585,21.4918,30.0004,21.5292,21.3027,25.3423,23.8656,7.30506,-999.9,405,14.2816,100.902,101.245
49,control,heat,06pre,5.3587624,4.187511588,0.542123316,49,1750703505,8641.4,20250623 11:31:44,11:31:44,15,1750703497,0.004940126,4.940125878,4.688595547,399.9412667,380.8320642,38.69000369,40.63137151,0.60699461,3,0.546114335,0.346281056,161.9215899,23.12805304,20.84242667,2.47186489,54.22035708,1.571142452,2.897698459,0.900722438,-217.8595512,421.9751543,28.90681178,394.9440047,4.688595547,4.940125878,4.611108044,409.8036987,406.3040303,2.8216E-05,66.9570411,4.94591629,11.88638078,15.51265152,0.006256617,79.2273168,0,0,1,0,54311.43665,1000.0349,841.2293263,0.841199968,0.161915939,6,0.5,1: Needles,2,FALSE,1750703497,399.9412667,404.9393667,15.46501333,11.81734,397.9172667,15.34424333,800.0267,101.4932667,0.100079403,23.45146333,20.84242667,999.9,0,0,10000.43667,0,0.00152894,-4.936921667,406.2856667,409.7819333,3.647691,404.9393667,11.81734,1.569595,1.199378333,13.66347667,9.593619,1000.0349,0.959998033,0.040002023,0,1.115833333,0,5912.556,7947.187,38.26853333,41.54136667,39.59143333,41.4997,38.35183333,960.0343333,40.00033333,0,1750703521,0,1750703528,11:32:07,1750703528,1750703352,45,-0.059,-0.004,2.024,0.086,405,14,0.64,0.15,-4.948238,0.312708743,0.035879785,0,3.692626,-0.746641126,0.07437349,0,0,2,0/2,3.44679,2.78057,0.0971926,0.0984081,0.0879051,0.0722552,27312.2,31041.7,29377.1,35009,30990.4,40346,36169.2,46372,2.54815,2.2778,-0.0497885,0,21.7103,999.9,54.5,25.6,17.6947,61.6264,26.3301,2,-0.44125,0,20.2944,5.21474,11.9695,4.99175,3.272,2893.6,9999,9999,999.9,4.97258,1.86263,1.86436,1.86279,1.86279,1.8634,1.85989,1.86266,0,0,0,0,11111111,oooooooo,on,on,on,on,0,100,100,2.024,0.1224,2.366309396,-0.001033731,9.12024E-07,-2.25E-10,-0.024338439,-0.018148581,0.00209196,-1.91E-05,2,2210,1,26,4.5,2.5,1.26099,2.39746,2.34863,2.74902,2.39868,2.26074,29.9433,12.7048,18,805.269,650.82,22.642,21.6567,30.0004,21.4992,21.4512,25.2958,34.9536,5.62805,-999.9,405,12.016,100.874,101.225
50,control,heat,06pre,4.972435608,3.446617885,1.415920183,50,1750703625,8761.9,20250623 11:33:45,11:33:45,15,1750703617,0.011708681,11.7086808,4.1588688,398.4061333,388.0163162,39.42114102,40.47671118,1.7085231,3,1.304213724,0.84340787,161.9129059,21.48701481,21.06681667,2.50619895,55.36753477,1.612595863,2.912529643,0.893603087,-516.3528233,399.3763222,27.40164856,72.33805332,4.1588688,11.7086808,4.503325436,407.9631272,404.5622727,-0.000350767,66.95169321,11.57061126,7.212591716,15.78544545,-0.007838378,79.26710947,196,25,1,0,54281.52853,999.9768667,841.1808778,0.841200338,0.161916652,6,0.5,1: Needles,2,FALSE,1750703617,398.4061333,405.0238333,15.87253667,7.230488333,396.1821333,15.73872667,800.0071667,101.4965333,0.100073233,23.53612667,21.06681667,999.9,0,0,9997.335667,0,0.00152894,-6.815030333,404.6313,407.9736333,8.642050333,405.0238333,7.230488333,1.611006667,0.733868833,14.06437,2.488601333,999.9768667,0.959987067,0.040013203,0,1.515666667,0,7766.237,7946.679,37.13306667,39.33306667,38.454,38.86226667,37.22473333,959.9666667,40.01033333,0,1750703642,0,1750703642,11:34:02,1750703642,1750703352,46,0.2,-0.004,2.224,0.086,405,14,0.16,0.15,-6.797230244,-0.397634634,0.051280962,0,8.675450244,-0.706834704,0.070450469,0,0,2,0/2,3.44439,2.78099,0.0968456,0.0983601,0.0889565,0.0489622,27320.8,31042.2,29375.3,35008.4,30952,41363.9,36166.7,46371.6,2.22792,2.26632,-0.0381172,0,21.6556,999.9,54.3,25.7,17.7329,61.4664,26.6587,2,-0.43689,0,20.2928,5.2128,11.9694,4.99155,3.272,2897.4,9999,9999,999.9,4.97259,1.86261,1.86436,1.86279,1.8628,1.8634,1.85989,1.86274,0,0,0,0,11111111,oooooooo,on,on,on,on,0,100,100,2.224,0.1309,2.307038287,-0.001033731,9.12024E-07,-2.25E-10,-0.024338439,-0.018148581,0.00209196,-1.91E-05,2,2210,1,26,1.6,4.5,1.25732,2.3877,2.34863,2.75146,2.39868,2.25952,29.9861,12.6348,18,568.928,642.632,22.7197,21.7266,30.0004,21.5802,21.5231,25.2049,55.8055,1.29903,-999.9,405,7.23778,100.867,101.224
51,control,heat,06pre,5.248937677,3.479593129,0.058907731,51,1750703773,8909.4,20250623 11:36:12,11:36:12,15,1750703765,0.000824602,0.824602094,3.977482694,401.7695,299.3100248,30.41118709,40.82151088,0.067336746,3,0.066508223,0.041641229,161.9089174,24.43862551,23.13521,2.842880284,54.71828439,1.610748629,2.943711863,1.232131655,-36.36495233,93.43434808,6.483914388,225.4622276,3.977482694,0.824602094,3.645725022,411.2613925,408.4824485,0.000679758,66.94781273,0.890659589,15.222373,15.87916121,0.000145815,79.39656912,308,38,1,0,54305.9631,999.9557333,841.1628069,0.841200044,0.161916085,6,0.5,1: Needles,2,FALSE,1750703765,401.7695,405.0010667,15.85315333,15.24451,399.7215,15.72315333,800.0050333,101.5042333,0.100071817,23.71290667,23.13521,999.9,0,0,10007.45367,0,0.00152894,-3.054619,408.4226333,411.2707,0.611924133,405.0010667,15.24451,1.609495333,1.547381333,14.04999333,13.44455667,999.9557333,0.959998533,0.040001163,0,0.943333333,0,10073.65533,7946.560333,36.74136667,39.82893333,38.14143333,38.91226667,36.8663,959.9553333,39.99966667,0,1750703790,0,1750703796,11:36:35,1750703796,1750703790,47,-0.176,0.016,2.048,0.13,405,15,0.28,0.07,-3.1023465,0.782178011,0.07778486,0,0.506645085,1.651437652,0.179517247,0,0,2,0/2,3.44843,2.78095,0.0974975,0.098414,0.0893388,0.086417,27296.4,31033.9,29370.7,35001.1,30933.9,39718.6,36160.7,46360.8,2.01942,2.2805,0.0785738,0,21.8099,999.9,54.2,25.8,17.8041,61.4964,26.234,2,-0.428336,0,20.2942,5.21564,11.9695,4.9917,3.272,2901.9,9999,9999,999.9,4.97259,1.86264,1.86437,1.86279,1.8628,1.8634,1.85989,1.86269,0,0,0,0,11111111,oooooooo,on,on,on,on,0,100,100,2.048,0.13,2.506798049,-0.001033731,9.12024E-07,-2.25E-10,-0.024338439,-0.018148581,0.00209196,-1.91E-05,2,2210,1,26,2.2,7,1.26465,2.38647,2.34741,2.75146,2.39868,2.27173,30.0504,12.5385,18,448.814,655.466,22.7962,21.8453,30.0003,21.7019,21.6421,25.3601,18.8665,0.9395,-999.9,405,15.1537,100.851,101.201
52,control,heat,06pre,4.68032057,6.692354964,0.128806432,52,1750703888,9024.4,20250623 11:38:07,11:38:07,15,1750703880,0.002015815,2.015814987,8.579354594,397.969,305.6152406,31.05164178,40.43512622,0.16512514,3,0.160236997,0.10057525,161.9132761,24.17490583,23.25417097,2.86339315,54.67528945,1.613356436,2.950796333,1.250036714,-88.89744092,80.65304764,5.601451036,159.2703339,8.579354594,2.015814987,8.716484173,410.9383735,404.3010182,0.001406155,66.95498763,1.957705258,14.38855339,15.84108909,-0.001861018,79.25922843,68,9,1,0,54333.44099,999.9852581,841.1874245,0.841199825,0.161915663,6,0.5,1: Needles,2,FALSE,1750703880,397.969,405.004871,15.8789129,14.39112581,395.849,15.72921613,800.0362581,101.5037097,0.099998694,23.75284194,23.25417097,999.9,0,0,10014.19387,0,0.00152894,-7.104764516,404.3203871,410.9185484,1.487797097,405.004871,14.39112581,1.61177,1.460753548,14.07176129,12.56343871,999.9852581,0.960005806,0.039993935,0,1.854677419,0,12198.25484,7946.823548,37.75580645,41.03203226,39.13887097,40.64083871,37.83041935,959.9906452,39.99354839,0,1750703904,0,1750703905,11:38:24,1750703905,1750703790,48,0.072,0.016,2.12,0.13,405,15,0.24,0.07,-7.09462,-0.363313798,0.043486964,0,1.517222927,-0.531050174,0.054721698,0,0,2,0/2,3.44785,2.78074,0.0967667,0.0983997,0.0891123,0.0829208,27319.4,31036.4,29371.7,35003.4,30942.7,39873.8,36161.8,46363.9,2.4409,2.28095,0.089705,0,21.8343,999.9,54.1,25.8,17.7724,61.9064,26.1298,2,-0.429466,0,20.2945,5.2119,11.9707,4.9913,3.272,2905.4,9999,9999,999.9,4.97256,1.86263,1.86436,1.86279,1.86279,1.8634,1.85989,1.86266,0,0,0,0,11111111,oooooooo,on,on,on,on,0,100,100,2.12,0.1484,2.331465599,-0.001033731,9.12024E-07,-2.25E-10,-0.00812494,-0.018148581,0.00209196,-1.91E-05,2,2210,1,26,1.5,1.6,1.26343,2.39624,2.34863,2.75146,2.39868,2.24976,30.0932,12.4597,18,720.908,656.041,22.829,21.8504,30.0002,21.7041,21.6585,25.3451,24.1069,1.29325,-999.9,405,14.494,100.854,101.208
53,control,heat,06pre,5.044593088,8.534526198,0.207400843,53,1750704021,9157.9,20250623 11:40:21,11:40:21,15,1750704013,0.002953447,2.953447343,10.15089945,396.4977,320.9505017,32.61158662,40.2878918,0.246680958,3,0.235940791,0.148388987,161.9320057,24.20923026,23.34410667,2.878986906,54.51659037,1.635320586,2.999675099,1.24366632,-130.2470278,110.3044911,7.674868914,149.6643379,10.15089945,2.953447343,10.26619503,410.6995863,402.9076121,-0.004768902,66.95510016,2.93644907,13.97616171,16.12063455,0.005498837,79.25587444,311,39,1,0,54226.52116,1000.099333,841.2835188,0.84119996,0.161915922,6,0.5,1: Needles,2,FALSE,1750704013,396.4977,404.9892333,16.09418667,13.91473,394.3527,15.93745667,799.9922333,101.5091333,0.100262647,24.02611,23.34410667,999.9,0,0,10002.684,0,0.00152894,-8.513267333,402.9613,410.7040667,2.179453333,404.9892333,13.91473,1.633707,1.412471667,14.28046,12.05212,1000.099333,0.960001933,0.039998107,0,0.259,0,9413.304,7947.710667,38.67893333,41.7206,40.02066667,41.6664,38.6456,960.0976667,40.00266667,0,1750704038,0,1750704038,11:40:38,1750704038,1750703790,49,0.026,0.016,2.145,0.13,405,15,0.14,0.07,-8.499536,-0.19185591,0.030948399,0,2.21348475,-0.642605741,0.063257046,0,0,2,0/2,3.44804,2.78115,0.0964528,0.0983645,0.0902348,0.0812301,27322.3,31031.1,29364.9,34996.6,30897,39939.6,36153.6,46354.5,2.01128,2.27667,0.0765808,0,22.1103,999.9,54.1,25.9,17.8771,61.6764,26.27,2,-0.420089,0,20.2924,5.21489,11.9697,4.99185,3.272,2909.6,9999,9999,999.9,4.97251,1.86259,1.86439,1.86279,1.86281,1.8634,1.85989,1.86268,0,0,0,0,11111111,oooooooo,on,on,on,on,0,100,100,2.145,0.1578,2.40280056,-0.001033731,9.12024E-07,-2.25E-10,-0.00812494,-0.018148581,0.00209196,-1.91E-05,2,2210,1,26,1.9,3.9,1.26343,2.38525,2.34741,2.74902,2.39868,2.27051,30.2005,12.3721,18,445.469,653.991,22.9748,21.9562,30.0006,21.8194,21.765,25.3382,26.0774,1.15531,-999.9,405,14.0806,100.831,101.188
54,control,heat,06pre,5.090659717,3.957039369,0.14459685,54,1750704134,9270.9,20250623 11:42:14,11:42:14,15,1750704126,0.002186308,2.186307789,4.663881998,400.8395484,347.9809652,35.35408999,40.72440416,0.170426064,3,0.165224361,0.103719353,161.9169119,24.53136547,23.82516452,2.963664229,54.5827868,1.649809805,3.022582579,1.313854424,-96.41617347,52.9972351,3.69883028,122.1968038,4.663881998,2.186307789,4.50025001,411.020639,407.5751636,0.005887682,66.95411552,2.229753707,14.6648932,16.28629273,0.00581764,79.23346609,317,40,1,0,54218.06344,1000.005226,841.20443,0.841200034,0.161916066,6,0.5,1: Needles,2,FALSE,1750704126,400.8395484,404.9946774,16.23864194,14.62555806,398.7605484,16.07713548,800.0099032,101.4976129,0.100156884,24.15284194,23.82516452,999.9,0,0,10006.69097,0,0.00152894,-4.087145806,407.525129,411.0058065,1.613086774,404.9946774,14.62555806,1.648183871,1.484459677,14.41680323,12.8090129,1000.005226,0.959997,0.0400026,0,0.231290323,0,7850.72129,7946.947742,36.14696774,38.46141935,37.51390323,37.51796774,36.34651613,960.0025806,40.00129032,0,1750704151,0,1750704151,11:42:30,1750704151,1750703790,50,-0.066,0.016,2.079,0.13,405,15,0.31,0.07,-4.07966275,-0.084775722,0.025762378,1,1.598609,0.224250957,0.028198119,0,1,2,2-Jan,3.44822,2.78113,0.0972436,0.0983385,0.0908529,0.0840837,27290.4,31023.1,29356.8,34987.3,30866.5,39803.8,36142.5,46341.1,1.99603,2.27367,0.0910759,0,22.3665,999.9,54.2,26,18.0182,61.4764,26.2139,2,-0.406809,0,20.2925,5.2122,11.9691,4.99165,3.272,2912.9,9999,9999,999.9,4.97254,1.86263,1.86436,1.86279,1.86284,1.8634,1.85989,1.86274,0,0,0,0,11111111,oooooooo,on,on,on,on,0,100,100,2.079,0.1632,2.428344009,-0.001033731,9.12024E-07,-2.25E-10,-0.00812494,-0.018148581,0.00209196,-1.91E-05,2,2210,1,26,1.6,5.7,1.26343,2.3877,2.34741,2.74902,2.39868,2.28882,30.3509,12.2845,18,438.722,653.5,23.1332,22.1248,30.0006,21.972,21.9131,25.3433,23.3664,0.939226,-999.9,405,14.7114,100.801,101.159
55,control,heat,06pre,5.098011364,7.470951731,0.104730576,55,1750704243,9379.4,20250623 11:44:02,11:44:02,15,1750704235,0.001708158,1.708158456,8.792783535,397.8847742,273.9281106,27.83081894,40.42469056,0.123260505,3,0.12051457,0.075563223,161.9190577,24.82281064,24.43161613,3.073511453,54.59521966,1.667056194,3.053483811,1.406455259,-75.32978793,-17.65218008,-1.236831799,67.70025789,8.792783535,1.708158456,8.719369747,411.2295759,404.5898727,-0.000127169,66.95246807,1.76635358,15.15765782,16.45432606,0.001549603,79.30425095,318,40,1,0,54131.80368,1000.019161,841.2160953,0.841199977,0.161915955,6,0.5,1: Needles,2,FALSE,1750704235,397.8847742,404.989129,16.40819677,15.14809355,395.8077742,16.24101935,799.9966774,101.4986774,0.100310994,24.32247419,24.43161613,999.9,0,0,9995.929032,0,0.00152894,-7.098797742,404.5278387,411.2182581,1.260090323,404.989129,15.14809355,1.665409032,1.537512258,14.57767742,13.34639355,1000.019161,0.960001226,0.039998416,0,2.642741935,0,9144.578387,7947.070323,36.46954839,39.80016129,37.93129032,38.69325806,36.69335484,960.0193548,40,0,1750704259,0,1750704260,11:44:19,1750704260,1750703790,51,-0.002,0.016,2.077,0.13,405,15,0.27,0.07,-7.1024205,0.169986867,0.033586416,0,1.24094875,0.374208518,0.038429326,0,0,2,0/2,3.44809,2.78157,0.0966568,0.098299,0.0914753,0.0860515,27300.5,31016.3,29349.2,34978.8,30836.8,39708.2,36132.6,46329.2,1.99093,2.27122,0.117648,0,22.531,999.9,54.2,26.1,18.1259,61.5664,26.258,2,-0.393283,0,20.2941,5.21385,11.9704,4.99135,3.272,2916.5,9999,9999,999.9,4.97258,1.86264,1.86445,1.86281,1.86286,1.8634,1.85989,1.86277,0,0,0,0,11111111,oooooooo,on,on,on,on,0,100,100,2.077,0.1687,2.362622224,-0.001033731,9.12024E-07,-2.25E-10,-0.00812494,-0.018148581,0.00209196,-1.91E-05,2,2210,1,26,1.5,7.5,1.26343,2.38892,2.34863,2.75024,2.39868,2.25464,30.48,12.2057,18,437.397,653.61,23.2815,22.305,30.0007,22.1379,22.0742,25.3541,21.6526,0.731699,-999.9,405,15.1706,100.774,101.134
56,control,heat,06pre,3.519206939,6.154898244,0.235665189,56,1750704419,9555.9,20250623 11:46:59,11:46:59,15,1750704411,0.005093919,5.09391929,10.49366806,395.5813333,343.1767343,34.86448438,40.18844472,0.401792551,3,0.374112697,0.236148263,161.9147594,24.12540205,24.08430667,3.010175542,53.785207,1.658665335,3.083869017,1.351510208,-224.6418407,65.26209336,4.568512277,7.103524355,10.49366806,5.09391929,10.35593169,410.1924224,402.241703,0.024788322,66.95393618,5.261587178,12.65886716,16.51,0.007336939,79.27316134,544,68,1,0,54129.96557,999.9886,841.1907239,0.841200314,0.161916605,6,0.5,1: Needles,2,FALSE,1750704411,395.5813333,404.9626667,16.32651,12.56853,393.4843333,16.29851,800.0181,101.4933,0.100080007,24.48781667,24.08430667,999.9,0,0,10001.923,0,0.00152894,-9.397332667,402.1884,410.1172333,3.899127333,404.9626667,12.56853,1.671356667,1.275621333,14.63290667,10.51441333,999.9886,0.959988067,0.04001191,0,0.901333333,0,8693.036667,7946.780333,38.18726667,41.8706,39.6164,41.5748,38.37053333,959.9786667,40.01,0,1750704436,0,1750704450,11:47:30,1750704439,1750704450,52,0.02,-0.033,2.097,0.028,405,13,0.14,0.02,-9.39449375,-0.105902251,0.028734433,0,3.947099,-0.906844953,0.088210292,0,0,2,0/2,3.44727,2.7808,0.0961446,0.0981977,0.0916369,0.0754745,27304.1,31008.9,29337.3,34967.9,30818.5,40157.1,36117,46314.9,1.45465,2.25907,0.0990182,0,22.4748,999.9,54.3,26.2,18.2686,61.8364,26.2099,2,-0.373791,0,20.2941,5.21489,11.973,4.99135,3.272,2922,9999,9999,999.9,4.97258,1.86264,1.86447,1.86284,1.86293,1.86341,1.85989,1.86278,0,0,0,0,11111111,oooooooo,on,on,on,on,0,100,100,2.097,0.028,2.360213436,-0.001033731,9.12024E-07,-2.25E-10,-0.00812494,-0.018148581,0.00209196,-1.91E-05,2,2210,1,26,2.7,10.5,1.26221,2.39624,2.34741,2.7478,2.39868,2.27417,30.7172,12.0656,18,221.552,647.156,23.5007,22.5765,30.0005,22.4284,22.3301,25.3031,33.6129,0,-999.9,405,12.7962,100.732,101.103
57,control,heat,06pre,4.699088146,10.47970208,0.202001969,57,1750704533,9669.4,20250623 11:48:52,11:48:52,15,1750704525,0.003075461,3.075460834,13.38093913,394.0093667,300.7213226,30.55221975,40.02995415,0.257924894,3,0.246208314,0.154888526,161.9149547,24.8155633,23.64214,2.931194466,54.25963708,1.690991685,3.116481746,1.240202781,-135.6278228,165.2235673,11.55056544,203.0612646,13.38093913,3.075460834,13.27602363,410.8776505,400.7558303,0.005801615,66.95160109,3.178951288,14.41572421,16.72851212,0.00774272,79.31143226,145,18,1,0,54075.65702,999.9926,841.1938543,0.841200079,0.161916153,6,0.5,1: Needles,2,FALSE,1750704525,394.0093667,404.9535333,16.6442,14.37607,391.9080667,16.50103333,800.0261667,101.4964667,0.099986457,24.66370333,23.64214,999.9,0,0,9997.294667,0,0.00152894,-10.94414,400.6784333,410.8600333,2.268133333,404.9535333,14.37607,1.689326,1.459119667,14.79859333,12.54631333,999.9926,0.959996033,0.04000375,0,1.259166667,0,11235.67667,7946.843,36.4956,38.98103333,37.8519,38.2143,36.72886667,959.99,40.00233333,0,1750704549,0,1750704450,11:47:30,1750704439,1750704450,52,0.02,-0.033,2.097,0.028,405,13,0.14,0.02,-10.93370244,-0.064191638,0.032264792,1,2.242252683,0.455271847,0.04651799,0,1,2,2-Jan,3.44801,2.78031,0.0958204,0.09817,0.0926043,0.0829933,27306.7,31002.7,29330.2,34960.6,30777.5,39820.4,36107.7,46304.1,2.30205,2.25905,0.0633895,0,22.7189,999.9,54.3,26.3,18.3758,61.3964,25.9936,2,-0.361209,0,20.2918,5.20905,11.9733,4.99015,3.27125,2925.1,9999,9999,999.9,4.97258,1.86264,1.86447,1.86293,1.86293,1.86346,1.85992,1.86279,0,0,0,0,11111111,oooooooo,on,on,on,on,0,100,100,2.101,0.1461,2.379870135,-0.001033731,9.12024E-07,-2.25E-10,-0.041223723,-0.018148581,0.00209196,-1.91E-05,2,2210,1,26,1.6,1.4,1.26343,2.3938,2.34863,2.7478,2.39868,2.26074,30.8686,11.9693,18,629.374,649.375,23.68,22.7522,30.0007,22.5642,22.5067,25.3387,26.0593,0,-999.9,405,14.5403,100.707,101.08
58,control,heat,06pre,4.985507246,3.822295151,0.15149802,58,1750704647,9783.9,20250623 11:50:47,11:50:47,15,1750704639,0.002517779,2.517779286,4.60008777,400.7629,350.6894478,35.62982498,40.71725589,0.182326106,3,0.176386247,0.110758957,161.9110303,25.07378208,24.70398,3.123992081,54.43350236,1.708226689,3.138189928,1.415765393,-111.0340665,12.27737976,0.863407206,64.01775078,4.60008777,2.517779286,4.467471427,411.147258,407.6768606,0.020130861,66.9503758,2.508214855,15.01259906,16.84094545,0.005185238,79.34410777,225,28,1,0,54075.53774,999.9636667,841.1699096,0.841200473,0.161916913,6,0.5,1: Needles,2,FALSE,1750704639,400.7629,404.9696,16.81336,14.95683667,398.6829,16.66441,800.0266667,101.4992,0.100164347,24.77989,24.70398,999.9,0,0,10001.05933,0,0.00152894,-4.188390667,407.6349667,411.1186,1.856520333,404.9696,14.95683667,1.706541667,1.518106,14.95606,13.15168,999.9636667,0.9599837,0.04001605,0,0.631333333,0,5664.404333,7946.566333,36.02893333,39.29553333,37.454,38.1956,36.383,959.9496667,40.01433333,0,1750704664,0,1750704665,11:51:04,1750704665,1750704450,53,-0.017,-0.033,2.08,0.028,405,13,0.32,0.02,-4.20666925,0.239432983,0.032337918,0,1.88926725,-0.639245291,0.063415536,0,0,2,0/2,3.44842,2.78067,0.097043,0.0981357,0.0929957,0.0853298,27262.4,30996.6,29322.8,34953.2,30756.3,39709.6,36098.1,46293.2,2.15595,2.25675,0.101358,0,23.0521,999.9,54.4,26.5,18.6262,61.6564,25.9455,2,-0.347909,0,20.2938,5.2137,11.9736,4.9912,3.272,2928.8,9999,9999,999.9,4.97255,1.86265,1.86447,1.86294,1.86295,1.86346,1.85994,1.86279,0,0,0,0,11111111,oooooooo,on,on,on,on,0,100,100,2.08,0.1499,2.379870135,-0.001033731,9.12024E-07,-2.25E-10,-0.041223723,-0.018148581,0.00209196,-1.91E-05,2,2210,1,26,3.5,3.3,1.26465,2.39746,2.34863,2.7478,2.39868,2.26929,31.0636,11.8818,18,535.719,649.818,23.8665,22.936,30.0006,22.7488,22.687,25.3498,24.2688,0,-999.9,405,15.0933,100.681,101.058
20,mod,heat,06rec1,1.469,-5.593231606,-0.043252715,1,1750871426,0,20250625 10:10:25,10:10:25,15,1750871418,-0.003972041,-3.972041035,-22.84505762,421.0307,208.9227205,21.08360184,42.48864662,-0.176661873,3,-0.18265347,-0.11360326,161.9170147,29.85424639,27.90789,3.77451021,43.40992418,1.638823016,3.775226627,2.135687194,175.1670096,0.52618112,0.038197328,337.6484027,-22.84505762,-3.972041035,-22.61078666,410.5453829,427.8185091,0.004739655,66.95403846,-4.128836941,19.18154704,16.1349497,2.31226E-06,79.23023206,802,100,1,0,53220.15902,1000.006367,841.2053472,0.841199992,0.161915984,6,0.5,1: Needles,2,FALSE,1750871418,421.0307,402.6431,16.23951,19.17009,418.7647,16.01351,800.0198667,100.8133667,0.1024255,27.91114333,27.90789,999.9,0,0,10014.582,0,0.001589141,18.19611,427.7400333,410.5127333,-3.036815,402.6431,19.17009,1.626449333,1.932600667,14.21170333,16.90268333,1000.006367,0.960003,0.0399973,0,1.6965,0,5250.989667,7946.974,35.937,39,37.12913333,38.437,36.375,960.007,40,0,1750871442,0,1750871452,10:10:52,1750871452,1750871449,1,0.181,-0.006,2.266,0.226,395,19,0.12,0.02,18.1743925,0.398157974,0.042489607,0,-3.03002225,-0.132224353,0.012796993,0,0,2,0/2,3.45105,2.78303,0.0989183,0.0960837,0.0886156,0.100061,27001.5,30885.2,29116.6,34767.9,30667.8,38834.7,35808.3,46008.2,0.297,2.19125,0.0391975,0,27.324,999.9,76.3,24.5,23.3581,61.61,25.1002,2,-0.0115676,0,20.2909,5.20801,11.974,4.98885,3.27125,2952,9999,9999,999.9,4.97265,1.86264,1.86447,1.86292,1.86291,1.86347,1.85992,1.86277,0,0,0,0,11111111,oooooooo,on,on,on,on,0,100,100,2.266,0.226,2.363987067,-0.001033731,9.12024E-07,-2.25E-10,-0.047675173,-0.018148581,0.00209196,-1.91E-05,2,2210,1,26,2779.4,2782.9,1.06323,2.36694,2.34741,2.77344,2.39868,2.25464,30.7604,13.9044,18,-0.90259,646.993,27.1654,27.3116,30.0017,27.3051,26.8161,21.3339,27.3927,77.2345,-999.9,405,19.1274,99.9174,100.473
21,mod,heat,06rec1,1.812,1.336046589,0.012534261,2,1750871565,139.5,20250625 10:12:45,10:12:45,15,1750871557,0.00074188,0.741880365,4.423995329,400.5185806,219.9197296,22.19354693,40.41896528,0.041504177,3,0.041187803,0.0257706,161.9157232,29.48211753,28.57505484,3.923932605,54.55514389,2.161010711,3.961149319,1.762921895,-32.71692409,26.31757757,1.924746731,157.4411234,4.423995329,0.741880365,4.213993523,412.6790333,409.4449636,0.00186813,66.94882131,0.841533764,20.88733556,21.49759636,0.00183366,79.38072121,1,0,1,0,53045.25319,999.9946452,841.1958013,0.841200306,0.16191659,6,0.5,1: Needles,2,FALSE,1750871557,400.5185806,404.0593548,21.41383226,20.86934839,398.2935806,21.14483226,800.0169355,100.816871,0.099708777,28.73777419,28.57505484,999.9,0,0,10008.49161,0,0.0015536,-3.501571613,409.3430645,412.6715806,0.592538097,404.0593548,20.86934839,2.163720323,2.103981935,18.69617742,18.24935806,999.9946452,0.959990355,0.040009632,0,1.898548387,0,7902.801935,7946.84,36.125,39.08435484,37.25,38.562,36.625,959.9851613,40.01,0,1750871582,0,1750871584,10:13:03,1750871584,1750871582,2,-0.038,-0.027,2.225,0.269,402,21,0.49,0.11,-3.569537561,1.271490941,0.130276511,0,0.584332927,0.147799986,0.014981167,0,0,2,0/2,3.45175,2.7803,0.0952148,0.0962113,0.108432,0.106113,27092.3,30859.3,29096.4,34745.9,29973.3,38548.4,35782.2,45977.5,2.47547,2.1815,0.0310168,0,28.1083,999.9,76,25,23.9661,62.13,24.5072,2,0.0269715,0,20.2906,5.20621,11.974,4.9892,3.27125,2956.1,9999,9999,999.9,4.97264,1.86268,1.86447,1.86295,1.86295,1.86355,1.86,1.86279,0,0,0,0,11111111,oooooooo,on,on,on,on,0,100,100,2.225,0.269,2.54537877,-0.001033731,9.12024E-07,-2.25E-10,-0.054062201,-0.018148581,0.00209196,-1.91E-05,2,2210,1,26,1.9,1.9,1.17432,2.37183,2.34741,2.771,2.39868,2.2583,31.3898,13.8781,18,830.504,646.133,27.8768,27.8471,30.0012,27.5017,27.4287,23.5708,22.4004,81.9256,-999.9,405,20.8929,99.8461,100.407
22,mod,heat,06rec1,4.937,7.053394372,0.083317119,3,1750871712,286.5,20250625 10:15:12,10:15:12,15,1750871704,0.001898043,1.898043178,8.572081473,397.2998,249.8165347,25.20928856,40.09200318,0.101256373,3,0.099395347,0.062286449,161.9197186,29.79029245,29.36045667,4.10642567,54.61431486,2.240031392,4.101546265,1.866394278,-83.70370417,-3.3317616,-0.245354748,74.63889805,8.572081473,1.898043178,8.618926965,412.8849178,406.2869333,-0.001072448,66.94846921,1.941137526,20.84270714,22.23724667,0.007277442,79.38214143,228,29,1,0,52910.44011,1000.019667,841.2168204,0.841200277,0.161916534,6,0.5,1: Needles,2,FALSE,1750871704,397.2998,404.2944667,22.19804333,20.80610333,395.0378,21.87453667,799.9958333,100.8111667,0.100042403,29.33985667,29.36045667,999.9,0,0,10003.32967,0,0.001562066,-7.028992333,406.2841,412.885,1.391946,404.2944667,20.80610333,2.237809667,2.097486333,19.23557667,18.20009333,1000.019667,0.959989767,0.040010333,0,1.9485,0,8987.926,7947.033333,36.30993333,39.25,37.3812,38.75,36.875,960.0093333,40.01,0,1750871729,0,1750871734,10:15:34,1750871734,1750871582,3,0.037,-0.027,2.262,0.269,403,21,0.25,0.11,-7.034737805,0.306896446,0.055386165,0,1.390022439,0.003385087,0.006917869,1,1,2,2-Jan,3.45188,2.78031,0.0944638,0.0961144,0.110934,0.105806,27096.1,30841.9,29078,34724.9,29870.7,38538.3,35759.2,45948.8,2.11075,2.16747,0.0458434,0,28.6505,999.9,75.3,25.6,24.6141,61.95,24.5192,2,0.0622459,0,20.2899,5.20606,11.974,4.989,3.2714,2960.6,9999,9999,999.9,4.97264,1.86277,1.86461,1.86298,1.86299,1.86356,1.86005,1.86282,0,0,0,0,11111111,oooooooo,on,on,on,on,0,100,100,2.262,0.3254,2.507521345,-0.001033731,9.12024E-07,-2.25E-10,-0.080711601,-0.018148581,0.00209196,-1.91E-05,2,2210,1,26,2.1,2.2,1.21704,2.36572,2.34741,2.76978,2.39868,2.28027,31.9805,13.8518,18,557.082,641.119,28.5358,28.3631,30.0012,28.0704,27.9903,24.403,23.9959,84.0636,-999.9,405,20.9676,99.7824,100.345
23,mod,heat,06rec1,2.603,2.55306648,0.027450627,4,1750871841,415,20250625 10:17:20,10:17:20,15,1750871833,0.001199941,1.199940878,5.884901606,400.0102667,239.9036154,24.20705713,40.36234035,0.063274592,3,0.062542431,0.039154095,161.9189414,30.36970694,29.62303333,4.169065517,54.67549385,2.295143894,4.197756128,1.873921624,-52.91739272,19.26599232,1.423454834,129.6909959,5.884901606,1.199940878,5.671138618,413.794893,409.4424848,0.001212351,66.9462821,1.299840372,21.88054369,22.83051636,0.000661181,79.51116879,209,26,1,0,52789.26846,1000.018433,841.2154837,0.841199978,0.161915957,6,0.5,1: Needles,2,FALSE,1750871833,400.0102667,404.7838333,22.74598333,21.86651667,397.7942667,22.45598333,800.0169333,100.8031333,0.100127697,29.74215333,29.62303333,999.9,0,0,9994.121333,0,0.001554422,-4.726265667,409.3944333,413.8330667,0.939996367,404.7838333,21.86651667,2.298968,2.204213667,19.66917,18.99296667,1000.018433,0.9600023,0.03999762,0,1.6205,0,6245.502667,7947.072,36.437,39.437,37.5956,38.812,37.062,960.0186667,40,0,1750871858,0,1750871860,10:17:39,1750871858,1750871860,4,-0.045,-0.022,2.216,0.29,404,22,0.28,0.11,-4.770720976,0.950400209,0.114812093,0,0.915129463,0.358820655,0.043986916,0,0,2,0/2,3.45253,2.78065,0.0948727,0.0960879,0.112831,0.109351,27068.3,30827,29062.6,34708.9,29791.4,38368.3,35739.8,45927.5,2.13525,2.15935,0.0392422,0,29.036,999.9,74.8,26,25.0354,61.96,24.395,2,0.0900991,0,20.2902,5.20995,11.974,4.9897,3.272,2964.4,9999,9999,999.9,4.97264,1.86279,1.86462,1.8631,1.86308,1.86359,1.86007,1.86294,0,0,0,0,11111111,oooooooo,on,on,on,on,0,100,100,2.216,0.29,2.544391167,-0.001033731,9.12024E-07,-2.25E-10,-0.080711601,-0.018148581,0.00209196,-1.91E-05,2,2210,1,26,1.8,4.3,1.24268,2.37305,2.34741,2.76611,2.39868,2.29492,32.4433,13.8256,18,577.197,639.305,29.0374,28.7723,30.001,28.4933,28.4168,24.9364,21.1875,87.4152,-999.9,405,21.8058,99.7288,100.299
24,mod,heat,06rec1,1.856,1.102805273,0.010479879,5,1750871964,537.9000001,20250625 10:19:23,10:19:23,15,1750871956,0.00069315,0.693150146,3.565103253,401.9827742,222.4343659,22.44197238,40.55707075,0.033878919,3,0.033667797,0.021061232,161.9193784,30.96887571,30.41758065,4.363713081,54.62112266,2.355713997,4.312826032,2.007999084,-30.56792142,-33.10579401,-2.461368778,95.78429417,3.565103253,0.693150146,3.303211939,414.352928,411.7426727,0.022415641,66.94722798,0.750522927,22.85228029,23.40111879,0.000220622,79.47244369,6,1,1,0,52727.68415,1000.018258,841.2155774,0.841200219,0.161916422,6,0.5,1: Needles,2,FALSE,1750871956,401.9827742,404.8655484,23.34873871,22.84101935,399.8387742,23.02373871,800.0080645,100.7924516,0.100107352,30.21289032,30.41758065,999.9,0,0,9999.252903,0,0.00154836,-2.80971129,411.6803871,414.3291613,0.53790271,404.8655484,22.84101935,2.35641871,2.302200968,20.06735161,19.69180968,1000.018258,0.959994935,0.040005274,0,2.217096774,0,6692.885806,7947.039355,36.375,39.375,37.5,38.875,37.062,960.0112903,40.00806452,0,1750871981,0,1750871982,10:19:41,1750871981,1750871982,5,-0.072,-0.009,2.144,0.325,405,23,0.27,0.15,-2.81260878,0.022391016,0.023329828,1,0.534754439,0.068758362,0.006830249,1,2,2,2-Feb,3.45294,2.78093,0.095184,0.0960405,0.114747,0.112623,27053.2,30822.2,29057.1,34702.7,29721.8,38220.9,35733.1,45919.4,2.44942,2.15535,0.0665076,0,29.3647,999.9,74.2,26.4,25.4346,61.93,24.2628,2,0.103783,0,20.2902,5.2098,11.974,4.98985,3.272,2968.3,9999,9999,999.9,4.97266,1.86281,1.86466,1.86311,1.8631,1.86371,1.86013,1.86295,0,0,0,0,11111111,oooooooo,on,on,on,on,0,100,100,2.144,0.325,2.498917283,-0.001033731,9.12024E-07,-2.25E-10,-0.102959209,-0.018148581,0.00209196,-1.91E-05,2,2210,1,26,1.8,1.7,1.2561,2.37915,2.34741,2.76489,2.39868,2.24487,32.8424,13.7906,18,824.711,639.085,29.4836,29.0279,30.0005,28.7525,28.6891,25.1849,18.4914,94.4569,-999.9,405,22.8778,99.7101,100.281
25,mod,heat,06rec1,4.479,2.775928627,0.100673274,6,1750872073,647.4000001,20250625 10:21:13,10:21:13,15,1750872065,0.002684756,2.684755763,3.718591597,401.2385,344.0557894,34.7118375,40.4810093,0.13486038,3,0.131580701,0.082525961,161.9146245,30.64021188,30.46503667,4.375585314,54.76571268,2.386017223,4.356771977,1.989568091,-118.3977291,-12.17117312,-0.905913705,30.4398085,3.718591597,2.684755763,3.681606238,413.8152777,410.9810364,0.003564519,66.94569705,2.686241972,21.68675554,23.65314121,0.000148331,79.52869696,37,5,1,0,52713.14421,999.9953667,841.1957784,0.841199676,0.161915375,6,0.5,1: Needles,2,FALSE,1750872065,401.2385,404.8352667,23.64965667,21.68376333,399.1095,23.29025,800.0217,100.7902667,0.09987547,30.38978333,30.46503667,999.9,0,0,10002.68467,0,0.001536266,-3.579865667,410.9747,413.8080667,1.965888667,404.8352667,21.68376333,2.383653333,2.185512667,20.25316,18.85650333,999.9953667,0.9600101,0.039989943,0,1.543833333,0,6919.888333,7946.915333,36.29753333,39.25,37.437,38.77686667,37.05786667,960.006,39.989,0,1750872090,0,1750872090,10:21:30,1750872090,1750871982,6,-0.016,-0.009,2.129,0.325,405,23,0.48,0.15,-3.543389,-0.750604953,0.082603369,0,1.97479375,-0.146014897,0.017301407,0,0,2,0/2,3.45235,2.7805,0.0950098,0.0959987,0.115573,0.10854,27057.7,30822.7,29056.7,34702.3,29694.8,38397.1,35733.9,45919.4,2.4043,2.14935,0.0680462,0,29.3761,999.9,73.7,26.7,25.7128,61.61,24.391,2,0.109258,0,20.2905,5.20965,11.974,4.98975,3.272,2971.5,9999,9999,999.9,4.97265,1.86289,1.86476,1.86315,1.86316,1.86371,1.8602,1.86295,0,0,0,0,11111111,oooooooo,on,on,on,on,0,100,100,2.129,0.3596,2.427326076,-0.001033731,9.12024E-07,-2.25E-10,-0.111534913,-0.018148581,0.00209196,-1.91E-05,2,2210,1,26,1.5,1.5,1.25854,2.37305,2.34741,2.76245,2.39868,2.2644,33.1545,13.7818,18,787.058,635.818,29.7919,29.1478,30,28.8973,28.8333,25.2385,24.3633,97.3682,-999.9,405,21.7294,99.7107,100.281
26,mod,heat,06rec1,4.521,0.027009569,0.007987285,7,1750872209,783.4000001,20250625 10:23:29,10:23:29,15,1750872201,0.000218806,0.21880583,0.03584548,404.8709032,386.3634759,38.98100079,40.84825297,0.010600246,3,0.010579481,0.006614038,161.9150972,31.68856408,30.77836774,4.454681123,54.65159556,2.439313487,4.463389335,2.015367636,-9.649337118,5.5313712,0.41320601,158.2103373,0.03584548,0.21880583,-0.0129452,414.9526707,414.9624848,3.99587E-05,66.94593452,0.246684319,24.03074157,24.20951091,0.000443971,79.50725726,106,13,1,0,52655.53514,999.9978065,841.197871,0.841199716,0.161915452,6,0.5,1: Needles,2,FALSE,1750872201,404.8709032,404.9642258,24.17746129,24.01732903,402.7919032,23.81246129,800.0224194,100.7918387,0.100205248,30.81256774,30.77836774,999.9,0,0,10005.64194,0,0.001532947,-0.043880335,414.9614194,414.9297742,0.179915839,404.9642258,24.01732903,2.438883871,2.420749677,20.62429355,20.50325161,999.9978065,0.960006742,0.03999291,0,0.577903226,0,6366.74129,7946.917097,36.32012903,39.25,37.405,38.74187097,37.062,960.0041935,39.99032258,0,1750872226,0,1750872225,10:23:45,1750872221,1750872225,7,-0.049,-0.014,2.079,0.365,405,24,0.38,0.17,-0.051934818,0.119412327,0.027687864,0,0.1825355,-0.057174867,0.012895269,1,1,2,2-Jan,3.45361,2.78096,0.0956535,0.0960064,0.117385,0.116544,27035.4,30819.1,29053.7,34698.9,29631.6,38049.2,35731.2,45915.5,2.29988,2.1486,0.0680089,0,29.7134,999.9,73,27.1,26.0758,61.36,24.2869,2,0.116077,0,20.2901,5.21085,11.974,4.99115,3.272,2975.7,9999,9999,999.9,4.97266,1.86295,1.86478,1.86322,1.86323,1.86371,1.8602,1.86296,0,0,0,0,11111111,oooooooo,on,on,on,on,0,100,100,2.079,0.365,2.411589609,-0.001033731,9.12024E-07,-2.25E-10,-0.111534913,-0.018148581,0.00209196,-1.91E-05,2,2210,1,26,2,3.8,1.26709,2.3877,2.34741,2.76001,2.39868,2.26562,33.513,13.738,18,702.677,636.776,30.1202,29.2556,30.0005,29.0314,28.9759,25.4091,16.1388,100,-999.9,405,24.0089,99.7019,100.271
27,mod,heat,06rec1,3.363,3.338044004,0.051010019,8,1750872347,920.9000001,20250625 10:25:46,10:25:46,15,1750872339,0.001868374,1.868373671,5.955475476,399.9231,282.3445664,28.49017867,40.35452397,0.091008062,3,0.089501666,0.056071808,161.9139377,31.42370518,30.97297667,4.50443182,54.87361735,2.4708004,4.502710992,2.03363142,-82.39527889,-1.0836312,-0.081089015,78.35393863,5.955475476,1.868373671,6.017044814,414.5140784,409.9006545,-0.001862022,66.94509544,1.871955061,23.12640073,24.49445818,0.000387144,79.53917538,200,25,1,0,52596.55392,999.9861,841.1884049,0.841200098,0.161916188,6,0.5,1: Needles,2,FALSE,1750872339,399.9231,404.9501667,24.48623,23.11924667,397.8201,24.10127667,799.9911333,100.8056667,0.10004238,30.96627667,30.97297667,999.9,0,0,9997.798333,0,0.001554422,-5.04857,409.9395,414.5339,1.366990333,404.9501667,23.11924667,2.468350667,2.330552,20.81930667,19.88913333,999.9861,0.9599955,0.040004757,0,2.2685,0,7654.662333,7946.789,36.5662,39.437,37.625,38.9538,37.312,959.9826667,40.00266667,0,1750872363,0,1750872364,10:26:03,1750872364,1750872225,8,0.024,-0.014,2.103,0.365,405,24,0.19,0.17,-5.028934,-0.282425291,0.036762813,0,1.3807495,-0.219763002,0.025257722,0,0,2,0/2,3.45321,2.78019,0.094696,0.0959464,0.118321,0.113437,27052.8,30809.1,29042.5,34686.5,29589.3,38170.2,35717.4,45899.6,2.14037,2.13825,0.0556186,0,30.0884,999.9,72.5,27.5,26.5071,62.03,24.4792,2,0.135694,0,20.2891,5.20696,11.974,4.99,3.2714,2979.9,9999,9999,999.9,4.97267,1.86295,1.86479,1.86325,1.86325,1.86375,1.8602,1.86304,0,0,0,0,11111111,oooooooo,on,on,on,on,0,100,100,2.103,0.3854,2.362422966,-0.001033731,9.12024E-07,-2.25E-10,-0.125583134,-0.018148581,0.00209196,-1.91E-05,2,2210,1,26,2.1,2,1.26709,2.38037,2.34741,2.75879,2.39868,2.30469,33.9187,13.7205,18,588.025,630.971,30.4017,29.5063,30.0008,29.2725,29.2103,25.4271,20.8375,100,-999.9,405,23.0881,99.6634,100.236
28,mod,heat,06rec1,5,5.076276902,0.085390002,9,1750872449,1023.4,20250625 10:27:29,10:27:29,15,1750872441,0.002089301,2.089300601,6.091532282,399.808,291.6849655,29.43448463,40.34538568,0.102468002,3,0.100562624,0.06301988,161.918057,31.60501111,31.06230667,4.527430135,54.86188593,2.503914912,4.564033609,2.023515222,-92.13815649,22.86354008,1.713657553,94.35709818,6.091532282,2.089300601,6.085450883,414.6541491,409.9928303,-0.003444251,66.94356544,2.113191984,23.2955493,24.83904242,0.000505172,79.59191477,470,59,1,0,52606.99845,1000.009267,841.2080835,0.841200288,0.161916557,6,0.5,1: Needles,2,FALSE,1750872441,399.808,405.0030333,24.81288,23.28481667,397.783,24.41248333,800.0162,100.8118333,0.10006857,31.20367,31.06230667,999.9,0,0,10007.37333,0,0.001549007,-5.114636,410.0634,414.6583667,1.528062333,405.0030333,23.28481667,2.501432667,2.347386,21.03581667,20.00531333,1000.009267,0.959991033,0.04000879,0,1.601666667,0,7037.969,7946.962,36.75,39.6103,37.8351,39.125,37.437,959.9996667,40.01,0,1750872466,0,1750872466,10:27:46,1750872466,1750872225,9,-0.078,-0.014,2.025,0.365,405,24,0.21,0.17,-5.0917535,-0.45568075,0.048593599,0,1.5192645,0.149963077,0.02761933,0,0,2,0/2,3.45323,2.78094,0.0946364,0.0959104,0.119399,0.11397,27045.3,30800,29033.1,34675.8,29544,38135.4,35705.8,45885.1,1.60885,2.132,0.0566691,0,30.1829,999.9,72.1,27.8,26.8269,61.75,24.4832,2,0.151095,0,20.2897,5.2107,11.974,4.9894,3.272,2983.1,9999,9999,999.9,4.97265,1.86295,1.86481,1.86325,1.86325,1.86374,1.86021,1.86306,0,0,0,0,11111111,oooooooo,on,on,on,on,0,100,100,2.025,0.4018,2.386520741,-0.001033731,9.12024E-07,-2.25E-10,-0.125583134,-0.018148581,0.00209196,-1.91E-05,2,2210,1,26,1.4,3.7,1.26953,2.38892,2.34741,2.75391,2.39868,2.29004,34.1905,13.6942,18,303.012,628.004,30.5907,29.717,30.0008,29.4911,29.4012,25.4515,21.0267,100,-999.9,405,23.2431,99.6311,100.205
29,mod,control,06rec1,4.139,4.018471664,0.068043062,10,1750872651,1224.9,20250625 10:30:50,10:30:50,15,1750872643,0.002088143,2.088143493,5.825279049,399.9970667,292.1237046,29.48198266,40.36887933,0.098636959,3,0.096870069,0.060699905,161.9155127,31.90229781,31.49321333,4.639811011,54.75690123,2.54170619,4.641800637,2.098104821,-92.08712803,1.22056768,0.091812289,71.14076466,5.825279049,2.088143493,5.952599361,414.7954127,410.2963576,-0.022097771,66.94279047,2.138709102,23.66922741,25.22436727,0.002131162,79.6140785,305,38,1,0,52540.10342,999.9969333,841.1974251,0.841200005,0.161916009,6,0.5,1: Needles,2,FALSE,1750872643,399.9970667,404.9925,25.18462333,23.65794667,397.9580667,24.76646333,799.9943,100.8230333,0.0999051,31.50076,31.49321333,999.9,0,0,10003.12333,0,0.001554422,-5.007316667,410.3189333,414.8058667,1.526662667,404.9925,23.65794667,2.539187667,2.385265333,21.27987667,20.26408,999.9969333,0.9599971,0.040002773,0,3.0975,0,6820.808,7946.877,37,39.8246,38.062,39.3414,37.687,959.996,40,0,1750872668,0,1750872668,10:31:07,1750872668,1750872225,10,0.014,-0.014,2.039,0.365,405,24,0.23,0.17,-5.006943415,0.027441951,0.01177251,1,1.525389756,0.108448014,0.020694473,0,1,2,2-Jan,3.45356,2.78085,0.0946117,0.0958458,0.120567,0.115152,27031.5,30787.6,29018.7,34661,29491.1,38068.3,35687.9,45864.8,1.95245,2.12162,0.071425,0,30.3571,999.9,71.3,28.3,27.3087,61.72,24.4912,2,0.177904,0,20.2897,5.211,11.974,4.98985,3.272,2989.3,9999,9999,999.9,4.97265,1.86298,1.86488,1.8633,1.86326,1.86385,1.86031,1.8631,0,0,0,0,11111111,oooooooo,on,on,on,on,0,100,100,2.039,0.4201,2.308105702,-0.001033731,9.12024E-07,-2.25E-10,-0.125583134,-0.018148581,0.00209196,-1.91E-05,2,2210,1,26,3.1,7.1,1.26953,2.3999,2.34741,2.75513,2.39868,2.29736,34.6235,13.6505,18,474.113,623.413,30.9308,30.0799,30.0005,29.8272,29.7502,25.4757,21.0068,100,-999.9,405,23.6723,99.5814,100.161
30,mod,control,06rec1,6,7.078134469,0.117125631,11,1750872803,1377.4,20250625 10:33:23,10:33:23,15,1750872795,0.002446845,2.446844635,7.078134469,398.9427333,288.7521168,29.14216742,40.26310198,0.117125631,3,0.114643267,0.07187069,161.9136293,32.00948798,31.51693,4.646066247,54.72607366,2.569018734,4.694323129,2.077047513,-107.9058484,29.44188232,2.217069251,85.6667325,7.078134469,2.446844635,7.037467697,414.8093323,409.4030606,9.94612E-05,66.94169544,2.460765335,23.67623512,25.47424182,0.000130958,79.66323599,219,27,1,0,52570.66912,999.9842667,841.1868567,0.841200092,0.161916177,6,0.5,1: Needles,2,FALSE,1750872795,398.9427333,404.9833333,25.45485333,23.66646667,396.9227333,25.02371333,800.0151,100.8244667,0.100048597,31.69896667,31.51693,999.9,0,0,10015.83833,0,0.001554104,-6.019173333,409.3849667,414.8001333,1.788391667,404.9833333,23.66646667,2.566473333,2.386159333,21.45429333,20.27015333,999.9842667,0.959995433,0.040004663,0,0.377166667,0,8683.365,7946.773667,37.062,39.9559,38.1622,39.5,37.80786667,959.9796667,40.00233333,0,1750872820,0,1750872820,10:33:40,1750872820,1750872225,11,-0.019,-0.014,2.02,0.365,405,24,0.21,0.17,-6.01456525,-0.141328143,0.023660829,0,1.78511175,0.057534146,0.005564565,1,1,2,2-Jan,3.45335,2.78097,0.0943891,0.0958,0.121321,0.115128,27032.9,30783.4,29013.6,34655.3,29461.4,38064,35682,45858,2.09805,2.1155,0.061579,0,30.5301,999.9,70.5,28.6,27.4762,61.72,24.5433,2,0.189764,0,20.2895,5.2107,11.974,4.9898,3.272,2994.1,9999,9999,999.9,4.97265,1.86304,1.86493,1.8634,1.86332,1.86386,1.86035,1.8631,0,0,0,0,11111111,oooooooo,on,on,on,on,0,100,100,2.02,0.4321,2.322099947,-0.001033731,9.12024E-07,-2.25E-10,-0.125583134,-0.018148581,0.00209196,-1.91E-05,2,2210,1,26,2.3,9.6,1.27075,2.39502,2.34741,2.75269,2.39868,2.27783,34.9904,13.6242,18,566.234,620.558,31.2057,30.2592,30.0005,30.0102,29.9432,25.4927,21.9665,100,-999.9,405,23.7698,99.5645,100.146
31,mod,control,06rec1,3.79,1.431569212,0.035329696,12,1750872960,1533.9,20250625 10:35:59,10:35:59,15,1750872952,0.001158148,1.158147721,2.266336484,402.9356667,325.3572582,32.83475741,40.66389956,0.055930917,3,0.055358014,0.034649743,161.9160254,32.64034119,31.51049333,4.64436786,54.62601616,2.608907757,4.775943663,2.035460103,-51.0743145,79.68570984,6.009399281,196.53682,2.266336484,1.158147721,2.177386734,415.3749489,413.6960182,0.001217025,66.94120033,1.276007754,25.01401244,25.9457097,0.000115497,79.68510801,31,4,1,0,52438.61216,999.9965667,841.1974131,0.841200301,0.161916581,6,0.5,1: Needles,2,FALSE,1750872952,402.9356667,404.9853667,25.85148,25.00534333,400.9476667,25.48048,800.0182,100.8192333,0.099853573,32.00318333,31.51049333,999.9,0,0,10000.545,0,0.001558563,-2.016673,413.6979667,415.3719,0.929566733,404.9853667,25.00534333,2.614739,2.521020333,21.75888333,21.16285333,999.9965667,0.959992467,0.040007897,0,1.4665,0,6395.648,7946.855667,37.25,40.25,38.37913333,39.68286667,38,959.989,40.01,0,1750872977,0,1750872981,10:36:20,1750872977,1750872981,12,-0.032,-0.043,1.988,0.371,405,25,0.25,0.14,-2.019577561,0.03417784,0.021016437,1,0.928069829,0.023448105,0.007400479,1,2,2,2-Feb,3.45417,2.78079,0.0950687,0.0957555,0.122768,0.119504,27003.7,30774,29004.7,34643.9,29404.4,37863.5,35671.1,45842.9,2.39298,2.11092,0.0436082,0,30.8236,999.9,69.8,29,27.8437,62.0201,24.4231,2,0.207325,0,20.2895,5.21055,11.974,4.9893,3.272,2998.9,9999,9999,999.9,4.97266,1.86307,1.86493,1.8634,1.86337,1.86386,1.86035,1.86311,0,0,0,0,11111111,oooooooo,on,on,on,on,0,100,100,1.988,0.371,2.303332616,-0.001033731,9.12024E-07,-2.25E-10,-0.125583134,-0.018148581,0.00209196,-1.91E-05,2,2210,1,26,2.3,12.2,1.27319,2.39868,2.34741,2.75024,2.39868,2.29736,35.2902,13.5892,18,794.474,619.239,31.4587,30.481,30.0005,30.2227,30.1656,25.5311,18.0896,100,-999.9,405,24.9588,99.534,100.113
32,mod,control,06rec1,5.374,6.897406166,0.096274608,13,1750873092,1666.4,20250625 10:38:12,10:38:12,15,1750873084,0.002286896,2.286895782,7.700862857,398.5259,270.3672726,27.28459128,40.21794573,0.107489328,3,0.10539469,0.066056476,161.9148998,32.49069435,31.87595667,4.741660014,54.68396238,2.631925452,4.812975026,2.109734561,-100.852104,42.65948736,3.225066398,106.9473495,7.700862857,2.286895782,7.633232784,415.1206724,409.2249636,0.008329646,66.94062929,2.29817246,24.42195684,26.09982545,0.000185403,79.76356245,103,13,1,0,52433.35508,999.9931,841.1942045,0.841200009,0.161916017,6,0.5,1: Needles,2,FALSE,1750873084,398.5259,404.9849333,26.08016,24.40976,396.4919,25.65955333,800.0191,100.8164333,0.100334513,32.13971667,31.87595667,999.9,0,0,10004.45667,0,0.00152894,-6.502037333,409.1537667,415.1178667,1.670404333,404.9849333,24.40976,2.629311,2.460906333,21.84988,20.77022333,999.9931,0.959999067,0.040000537,0,-0.1905,0,9300.089333,7946.857333,37.5,40.50413333,38.625,39.9727,38.2374,959.9926667,40,0,1750873109,0,1750873109,10:38:29,1750873109,1750872981,13,0.045,-0.043,2.034,0.371,405,25,0.18,0.14,-6.50843025,0.225004165,0.030486977,0,1.6714075,-0.007943865,0.002647298,1,1,2,2-Jan,3.45391,2.78067,0.0942149,0.0956936,0.123334,0.1175,27020.8,30767.6,28996.3,34635.2,29377.3,37940.5,35660.4,45831.4,2.2843,2.10352,0.0588372,0,30.9248,999.9,69.3,29.3,28.1274,61.8901,24.4271,2,0.223018,0,20.2894,5.20935,11.974,4.98955,3.272,3002.6,9999,9999,999.9,4.97272,1.8631,1.86496,1.8634,1.8634,1.86386,1.86035,1.86315,0,0,0,0,11111111,oooooooo,on,on,on,on,0,100,100,2.034,0.4216,2.271580861,-0.001033731,9.12024E-07,-2.25E-10,-0.168613962,-0.018148581,0.00209196,-1.91E-05,2,2210,1,26,1.9,1.9,1.27319,2.3999,2.34741,2.74536,2.39868,2.28027,35.5683,13.5629,18,706.27,615.359,31.6632,30.6774,30.0006,30.4203,30.3587,25.5317,21.3558,100,-999.9,405,24.4957,99.5046,100.088
33,mod,control,06rec1,5.012,0.378974594,0.015517434,14,1750873214,1788.4,20250625 10:40:14,10:40:14,15,1750873206,0.000422201,0.422200801,0.453680679,404.5087742,351.530675,35.47417297,40.8203757,0.018576338,3,0.018512671,0.011576121,161.9167349,33.33885045,32.46845806,4.90316528,54.68272245,2.688294251,4.916167539,2.21487103,-18.61905531,7.594809523,0.576907386,151.4693965,0.453680679,0.422200801,0.226664228,415.9094366,415.7313515,0.001050547,66.9403241,0.489130366,26.34711752,26.70304485,0.000285403,79.79921525,79,10,1,0,52346.09381,1000.001226,841.2013091,0.841200278,0.161916536,6,0.5,1: Needles,2,FALSE,1750873206,404.5087742,404.977129,26.63960323,26.33138387,402.5787742,26.23360323,799.9890968,100.8133226,0.100126771,32.51541613,32.46845806,999.9,0,0,10000.24032,0,0.001552059,-0.364378839,415.7054516,415.9290968,0.35258371,404.977129,26.33138387,2.690100645,2.654555161,22.22476129,22.00646452,1000.001226,0.959992452,0.040007803,0,1.271612903,0,5414.49129,7946.894839,37.81606452,40.808,38.887,40.31809677,38.518,959.9929032,40.00935484,0,1750873231,0,1750873231,10:40:31,1750873231,1750873231,14,-0.103,-0.031,1.93,0.406,405,26,0.36,0.15,-0.369874475,0.212179869,0.0312856,0,0.354690875,-0.028919921,0.009432744,1,1,2,2-Jan,3.45499,2.78105,0.0952806,0.0956684,0.125192,0.123741,26980.3,30758.9,28987.6,34625.3,29306.4,37661.3,35649.4,45817.8,2.31875,2.10142,0.081785,0,31.1563,999.9,68.9,29.6,28.4541,62.0501,24.3069,2,0.239129,0,20.2886,5.21055,11.974,4.98945,3.272,3006.5,9999,9999,999.9,4.97268,1.8631,1.865,1.86348,1.8634,1.86386,1.86037,1.86322,0,0,0,0,11111111,oooooooo,on,on,on,on,0,100,100,1.93,0.406,2.316827556,-0.001033731,9.12024E-07,-2.25E-10,-0.168613962,-0.018148581,0.00209196,-1.91E-05,2,2210,1,26,1.8,3.9,1.27563,2.41333,2.34863,2.73926,2.39868,2.26318,35.8711,13.5366,18,736.439,615.742,31.8876,30.8855,30.0008,30.618,30.5577,25.5806,15.3605,100,-999.9,405,26.2956,99.4742,100.058
34,mod,control,06rec1,5.37,-14.33376464,-0.224604753,15,1750873616,2189.9,20250625 10:46:55,10:46:55,15,1750873608,-0.007876531,-7.876530501,-16.01537948,419.4868,304.0138612,30.6733632,42.32396156,-0.250955031,3,-0.263235661,-0.16336916,161.9174002,36.12550963,32.80279333,4.996395359,40.77570058,2.083349144,5.109290863,2.913046215,347.3549951,64.317016,4.910064859,578.4994762,-16.01537948,-7.876530501,-16.104319,415.9956481,428.3939455,0.00240503,66.94053978,-7.857199421,26.4428964,20.67160667,4.31578E-05,79.62082655,802,100,1,0,52301.88023,1000.0124,841.2101161,0.841199685,0.161915392,6,0.5,1: Needles,2,FALSE,1750873608,419.4868,404.9971,20.64876333,26.43421667,417.5620667,20.50281667,799.9950333,100.8295,0.065120667,33.20046,32.80279333,999.9,0,0,10013.12,0,0.001536903,14.48975,428.3312333,415.9934333,-5.785450667,404.9971,26.43421667,2.082006,2.665350333,18.08218,22.07305333,1000.0124,0.960010167,0.03998982,0,0.274833333,0,6969.812333,7947.045667,38.312,41.25413333,39.3874,40.8414,39.062,960.0223333,39.99,0,1750873632,0,1750873231,10:40:31,1750873231,1750873231,14,-0.103,-0.031,1.93,0.406,405,26,0.36,0.15,14.47516341,0.280206272,0.032951263,0,-5.802818293,0.267296446,0.033097156,0,0,2,0/2,3.45497,2.74516,0.0977576,0.0955693,0.105082,0.123925,26889,30745.3,28970.8,34608.5,29970,37636.7,35630.9,45796.6,0.304,2.08515,0.0675619,0,31.7225,999.9,67.4,30.6,29.4732,61.1601,22.5521,2,0.274365,0,20.2881,5.2083,11.974,4.9893,3.27132,3018.7,9999,9999,999.9,4.97269,1.86319,1.86508,1.86356,1.8635,1.86401,1.86049,1.86325,0,0,0,0,11111111,oooooooo,on,on,on,on,0,100,100,1.924,0.1469,2.21355266,-0.001033731,9.12024E-07,-2.25E-10,-0.19682741,-0.018148581,0.00209196,-1.91E-05,2,2210,1,26,6.4,6.4,1.27686,2.40845,2.34741,2.73071,2.39868,2.29736,36.7417,13.4929,18,-0.0758143,607.737,32.5822,31.3866,30.0005,31.3642,31.0363,25.6198,18.0485,100,-999.9,405,26.4556,99.4199,100.011
35,mod,control,06rec1,5.76,7.523566059,0.124599942,16,1750873723,2296.9,20250625 10:48:42,10:48:42,15,1750873715,0.002835896,2.835895605,7.837047978,398.2865161,287.4577204,29.01245122,40.19814847,0.129791606,3,0.126750836,0.07948654,161.9187881,33.40040548,32.69984516,4.967525072,54.76465233,2.796242749,5.105926231,2.171282323,-125.0629962,79.06855657,6.03282968,121.9571781,7.837047978,2.835895605,7.73521454,415.6333381,409.6863515,-0.002175682,66.94003539,2.818816744,25.63744494,27.69281394,6.20337E-05,79.80745526,205,26,1,0,52263.13432,1000.015097,841.2128775,0.841200178,0.161916344,6,0.5,1: Needles,2,FALSE,1750873715,398.2865161,405.0115806,27.7054,25.63735806,396.4295161,27.23061935,799.9816452,100.8277742,0.099942019,33.18871935,32.69984516,999.9,0,0,10005.1629,0,0.001592133,-6.649125484,409.7138065,415.6683226,2.068037742,405.0115806,25.63735806,2.79347,2.584953871,22.84555806,21.57152258,1000.015097,0.959994387,0.04000519,0,2.399677419,0,8219.899677,7947.022581,38.5,41.48577419,39.625,40.937,39.25,960.0064516,40.00645161,0,1750873739,0,1750873744,10:49:03,1750873744,1750873231,15,-0.073,-0.031,1.857,0.406,405,26,0.35,0.15,-6.640333171,-0.050148502,0.033323535,1,2.056846585,0.096994704,0.025652318,1,2,2,2-Feb,3.45457,2.78058,0.0940134,0.0955172,0.128188,0.121285,26994.3,30739.5,28964.2,34600.6,29184.6,37741.6,35620.4,45785.9,2.1052,2.0784,0.0468642,0,31.9398,999.9,67,30.8,29.6405,61.65,24.6514,2,0.288171,0,20.2879,5.20606,11.974,4.9879,3.27125,3022,9999,9999,999.9,4.97274,1.86322,1.8651,1.86356,1.86356,1.86401,1.8605,1.86326,0,0,0,0,11111111,oooooooo,on,on,on,on,0,100,100,1.857,0.4741,2.21355266,-0.001033731,9.12024E-07,-2.25E-10,-0.19682741,-0.018148581,0.00209196,-1.91E-05,2,2210,1,26,8.2,8.2,1.27686,2.41455,2.34741,2.72949,2.39868,2.30957,36.9556,13.4753,18,582.408,604.049,32.7742,31.5569,30.0006,31.2701,31.1981,25.6125,21.1664,100,-999.9,405,25.7803,99.3937,99.988
36,mod,control,06rec1,5.433,-29.21113816,-0.253627365,17,1750873917,2490.9,20250625 10:51:56,10:51:56,15,1750873909,-0.009639091,-9.639091333,-32.25967771,432.3115484,238.6012067,24.06789938,43.60762039,-0.280096483,3,-0.295489811,-0.183228072,161.9134664,36.73014905,33.08623871,5.076639105,36.85696862,1.899950704,5.154929379,3.176688401,425.0839278,44.12366772,3.375775489,634.4968373,-32.25967771,-9.639091333,-32.124518,415.759829,440.4945818,6.52761E-06,66.94056478,-9.956293245,25.93764124,18.57737697,0.008034062,79.91365199,802,100,1,0,52200.94538,999.9900968,841.1911875,0.841199518,0.16191507,6,0.5,1: Needles,2,FALSE,1750873909,432.3115484,404.9914194,18.83548387,25.92864839,430.4648065,18.45648387,799.9984516,100.8209355,0.049884542,33.35905161,33.08623871,999.9,0,0,9999.253226,0,0.00152894,27.32013548,440.4678065,415.7717742,-7.411342258,404.9914194,25.92864839,1.866933548,2.614152258,16.35873871,21.75522581,999.9900968,0.960015387,0.039984906,0,1.845,0,6631.766129,7946.893226,38.5,41.437,39.60467742,40.937,39.25,960.0067742,39.98354839,0,1750873934,0,1750873943,10:52:22,1750873744,1750873943,16,-0.073,-0.011,1.857,0.379,405,26,0.35,0.01,27.31496098,0.129838328,0.022664627,0,-7.431117805,0.44365547,0.044682596,0,0,2,0/2,3.45463,2.73098,0.0999229,0.0954721,0.0974936,0.122192,26813.3,30737,28959.9,34596.9,30214.9,37699.2,35617.9,45781.5,0.304,2.07355,0.0689551,0,31.9836,999.9,66.2,31.2,29.9609,61.84,21.5024,2,0.298539,0,20.2884,5.2113,11.974,4.9911,3.272,3028,9999,9999,999.9,4.97267,1.86323,1.86509,1.86358,1.86356,1.86401,1.8605,1.86325,0,0,0,0,11111111,oooooooo,on,on,on,on,0,100,100,1.847,0.379,2.140669416,-0.001033731,9.12024E-07,-2.25E-10,-0.19682741,-0.018148581,0.00209196,-1.91E-05,2,2210,1,26,2.9,11.4,1.2793,2.4231,2.34741,2.72583,2.39868,2.30225,37.1702,13.4403,18,-0.0758141,601.886,32.9683,31.7227,30.0003,31.6957,31.363,25.6471,21.1899,100,-999.9,405,25.9279,99.3832,99.9779
37,mod,control,06rec1,4.416,2.873903916,0.033226496,18,1750874097,2671.5,20250625 10:54:57,10:54:57,15,1750874089,0.001092171,1.092171497,3.904760755,401.7211935,249.6433584,25.19468759,40.54279688,0.045144695,3,0.044770656,0.028015007,161.9129852,34.16450374,33.54137097,5.207833938,54.70303383,2.844055735,5.199082274,2.363778203,-48.16476304,-4.859905935,-0.372924783,108.5153914,3.904760755,1.092171497,3.847940279,416.3594427,413.3919212,9.02766E-05,66.94,1.198700918,27.38803888,28.26150242,4.00092E-05,79.83345213,27,3,1,0,52177.31276,999.9867419,841.1883975,0.84119955,0.161915132,6,0.5,1: Needles,2,FALSE,1750874089,401.7211935,404.9788387,28.18052903,27.38448065,399.8301935,27.75952903,799.9967419,100.8228065,0.099916887,33.51132258,33.54137097,999.9,0,0,9999.519355,0,0.0015536,-3.28983871,413.3673871,416.381129,0.867334097,404.9788387,27.38448065,2.848429032,2.760979677,23.16745161,22.65263548,999.9867419,0.960014968,0.039985377,0,1.320806452,0,5921.517742,7946.862581,38.437,41.375,39.57419355,40.812,39.266,960.0032258,39.98451613,0,1750874114,0,1750874118,10:55:18,1750874113,1750874118,17,0.034,-0.03,1.891,0.421,405,27,0.37,0.08,-3.293600976,0.178322718,0.027024134,0,0.86526039,0.048159073,0.004823906,1,1,2,2-Jan,3.4555,2.78109,0.0945776,0.0954507,0.129891,0.126781,26967.8,30730.4,28954.6,34589.1,29119.6,37493.8,35609.5,45771.1,2.3797,2.07205,0.0966191,0,31.9917,999.9,65.5,31.6,30.326,61.3037,24.5633,2,0.308064,0,20.2882,5.2107,11.974,4.9894,3.27192,3033.2,9999,9999,999.9,4.97271,1.86325,1.86521,1.86369,1.86356,1.8641,1.86052,1.86335,0,0,0,0,11111111,oooooooo,on,on,on,on,0,100,100,1.891,0.421,2.140669416,-0.001033731,9.12024E-07,-2.25E-10,-0.207673122,-0.018148581,0.00209196,-1.91E-05,2,2210,1,26,5.9,2.6,1.28052,2.4231,2.34741,2.72217,2.39868,2.30469,37.3858,13.3965,18,799.905,601.975,33.1133,31.8385,30,31.5552,31.4908,25.6963,17.2256,100,-999.9,405,27.3859,99.3621,99.9552
1,high,control,06rec1,3.692,0.928337463,-0.008501215,1,1750957271,0,20250626 10:01:11,10:01:11,15,1750957263,-0.000161929,-0.161928656,1.5086741,403.8732258,569.1080789,57.66818426,40.92480228,-0.013815626,3,-0.013851071,-0.008653727,161.9095482,22.66436721,21.6765,2.601604741,55.34204186,1.440605131,2.603093565,1.16099961,7.141053725,1.513535923,0.103190539,170.6673284,1.5086741,-0.161928656,1.354580001,410.8429322,409.8146364,-0.000697734,66.94822638,-0.301913358,14.3485525,14.1186503,0.001626359,79.38959499,481,60,1,0,54476.18742,999.9590968,841.1656809,0.841200089,0.161916171,6,0.5,1: Needles,2,FALSE,1750957263,403.8732258,404.9556774,14.21685161,14.33657097,402.1982258,14.15485161,800.0036774,101.2308387,0.099974184,21.68585806,21.6765,999.9,0,0,9996.728387,0,0.00152894,-0.865312032,409.8617097,410.8458387,-0.255491968,404.9556774,14.33657097,1.42543871,1.451303548,12.19098065,12.46455484,999.9590968,0.959996839,0.040003239,0,3.121451613,0,4874.779355,7946.58,33.74770968,37.97351613,35.31025806,38.08445161,34.18532258,959.9570968,40.00129032,0,1750957288,0,1750957290,10:01:29,1750957290,1750957287,1,-0.217,0.13,1.675,0.062,405,14,0.69,0.09,-0.864310537,-0.052688279,0.029992111,1,-0.268121463,0.208464836,0.02071804,0,1,2,2-Jan,3.44811,2.78086,0.0978821,0.0983549,0.0826948,0.0827396,27283,31044.8,29366,35007.3,31154.4,39847.2,36151.5,46325.1,1.65443,2.31785,0.0794977,0,20.3898,999.9,62.7,22.5,16.9431,62.19,26.1538,2,-0.476989,0,20.2961,5.21549,11.9679,4.9921,3.272,3057.7,9999,9999,999.9,4.9726,1.86234,1.86404,1.86249,1.86249,1.86316,1.85962,1.86249,0,0,0,0,11111111,oooooooo,on,on,on,on,0,100,100,1.675,0.062,2.174987067,-0.001033731,9.12024E-07,-2.25E-10,-0.18190241,-0.018148581,0.00209196,-1.91E-05,2,2210,1,26,1386,1385.9,1.24023,2.33398,2.34741,2.76978,2.39868,2.26196,27.4118,16.1371,18,282.655,674.134,20.7402,20.9893,30.0007,20.8529,20.7692,24.8691,22.2794,3.31535,-999.9,405,14.3318,100.829,101.164
2,high,control,06rec1,5.997,4.555745275,0.121386416,2,1750957392,120.5,20250626 10:03:11,10:03:11,15,1750957384,0.00140801,1.40801008,4.558024287,401.0539677,332.9115061,33.73458205,40.63959261,0.12144714,3,0.118780463,0.074472503,161.9130439,22.69686539,21.94415484,2.644482891,54.91026496,1.467677688,2.672865791,1.176805204,-62.09324453,28.31840841,1.937603353,130.0758111,4.558024287,1.40801008,4.66627551,410.3373358,406.8018121,-0.003429993,66.9647921,1.378248779,13.44365323,14.46339515,-0.000248866,79.12618264,30,4,1,0,54434.62718,999.9846452,841.18684,0.841199757,0.16191553,6,0.5,1: Needles,2,FALSE,1750957384,401.0539677,404.8959677,14.48385484,13.44315161,399.3999677,14.41920968,800.007129,101.2319677,0.100012184,22.11924516,21.94415484,999.9,0,0,10003.97742,0,0.00152894,-3.819600968,406.9709355,410.4132581,1.040699032,404.8959677,13.44315161,1.466229355,1.360877419,12.62046452,11.48859355,999.9846452,0.960008742,0.039991513,0,2.046774194,0,13119.97419,7946.823226,34.94735484,38.9816129,36.44735484,39.16516129,35.29809677,959.993871,39.99129032,0,1750957409,0,1750957410,10:03:30,1750957410,1750957287,2,-0.021,0.13,1.654,0.062,405,14,0.27,0.09,-3.779035,-1.041796548,0.10453288,0,1.06433325,-0.470324015,0.04947047,0,0,2,0/2,3.44745,2.78062,0.0972873,0.0982652,0.0835357,0.0788093,27292.9,31039.2,29358.1,34998.6,31117.9,40009.6,36142.4,46314.4,2.52483,2.31052,0.0742637,0,20.7718,999.9,62.4,22.7,17.0689,62.4,26.1218,2,-0.461385,0,20.2951,5.211,11.968,4.9903,3.27132,3061.6,9999,9999,999.9,4.97262,1.86237,1.86412,1.8625,1.86255,1.86322,1.85968,1.86249,0,0,0,0,11111111,oooooooo,on,on,on,on,0,100,100,1.654,0.064,1.958064317,-0.001033731,9.12024E-07,-2.25E-10,-0.051387437,-0.018148581,0.00209196,-1.91E-05,2,2210,1,26,1.7,1.7,1.24023,2.34375,2.34863,2.76611,2.39868,2.24731,27.6829,16.1284,18,779.212,671.632,21.1152,21.2219,30.0007,21.073,21.0264,24.8829,27.9689,3.31535,-999.9,405,13.5285,100.803,101.14
3,high,control,06rec1,3.633,1.389890919,0.020268522,3,1750957582,311,20250626 10:06:22,10:06:22,15,1750957574,0.000409843,0.409842811,2.295443302,403.0859032,286.0002728,28.98060648,40.84497481,0.033474025,3,0.033267903,0.020810853,161.9110093,23.93718523,22.68459355,2.766339849,54.42865134,1.544553715,2.837758564,1.221786135,-18.07406798,68.05798707,4.697665797,216.5925942,2.295443302,0.409842811,2.245018167,411.0574551,409.3493636,-0.000351482,66.96165635,0.501233927,14.95187616,15.31734848,0.001154546,79.15397848,312,39,1,0,54235.6551,999.9711935,841.1755989,0.841199831,0.161915674,6,0.5,1: Needles,2,FALSE,1750957574,403.0859032,404.9313871,15.24270323,14.94000645,401.4669032,15.19270323,800,101.2307097,0.099985545,23.10539032,22.68459355,999.9,0,0,10000.7071,0,0.00152894,-1.809922903,409.3772903,411.0727419,0.341505129,404.9313871,14.94000645,1.546959032,1.512389032,13.44035161,13.09398065,999.9711935,0.96000671,0.039993623,0,3.375806452,0,7802.335484,7946.707419,36.77190323,40.67312903,38.24777419,40.89283871,37.03606452,959.9783871,39.99322581,0,1750957600,0,1750957599,10:06:39,1750957598,1750957599,3,-0.035,-0.031,1.619,0.05,405,15,0.34,0.11,-1.79572439,-0.266577282,0.035438897,0,0.342876829,0.067033129,0.014804848,1,1,2,2-Jan,3.44841,2.78115,0.0975747,0.0981659,0.0869601,0.0850955,27264.6,31020.3,29338.5,34975.6,30979.9,39710.2,36118.6,46283.9,2.02775,2.3014,0.054948,0,21.8179,999.9,62.1,23,17.2979,62.02,26.0337,2,-0.424459,0,20.2957,5.21474,11.968,4.99155,3.27175,3067.5,9999,9999,999.9,4.97263,1.86246,1.86417,1.86263,1.86264,1.86325,1.85973,1.86251,0,0,0,0,11111111,oooooooo,on,on,on,on,0,100,100,1.619,0.05,1.937131491,-0.001033731,9.12024E-07,-2.25E-10,-0.051387437,-0.018148581,0.00209196,-1.91E-05,2,2210,1,26,2.9,4.9,1.25122,2.33521,2.34741,2.75879,2.39868,2.26196,28.1223,16.1109,18,452.256,670.885,21.8778,21.7337,30.0011,21.584,21.526,25.1044,20.8394,4.87524,-999.9,405,15.0381,100.736,101.074
4,high,control,06rec1,5.069,3.321694566,0.02911593,4,1750957768,496.5,20250626 10:09:27,10:09:27,15,1750957760,0.000445344,0.44534449,3.931774985,401.8741333,211.9605259,21.4778953,40.72178309,0.03446352,3,0.034245075,0.021422683,161.9132937,24.59955132,23.47100667,2.901116151,54.57350948,1.612711399,2.955117628,1.288404753,-19.63969203,49.51601552,3.443142416,195.2327596,3.931774985,0.44534449,3.818929261,411.3854919,408.4734727,0.000709277,66.96230085,0.514977486,15.61100084,15.97555939,0.003822823,79.1479604,204,26,1,0,54088.45872,999.9869,841.1886771,0.841199697,0.161915415,6,0.5,1: Needles,2,FALSE,1750957760,401.8741333,404.9572333,15.91548667,15.58679,400.3281333,15.85348667,799.9897667,101.2297,0.099994323,23.77716,23.47100667,999.9,0,0,9996.103667,0,0.00152894,-3.008770667,408.4565333,411.3692333,0.346515333,404.9572333,15.58679,1.612924333,1.577846667,14.08281667,13.74411667,999.9869,0.960010333,0.039989383,0,0.8635,0,7123.545667,7946.848,37.21016667,40.01433333,38.57063333,39.8185,37.32053333,959.9966667,39.98933333,0,1750957785,0,1750957785,10:09:44,1750957784,1750957785,4,-0.073,-0.008,1.546,0.062,405,16,0.25,0.18,-2.9986255,-0.186380938,0.032501433,0,0.348590275,-0.039773797,0.011852526,1,1,2,2-Jan,3.44872,2.78079,0.0972565,0.0980608,0.0896449,0.0877139,27256.1,31005,29320.7,34956.6,30869.6,39574.3,36097,46257.5,2.21945,2.29198,0.0743009,0,22.2679,999.9,61.6,23.4,17.5768,62.3,25.7933,2,-0.389741,0,20.2935,5.2107,11.968,4.9907,3.27163,3073.1,9999,9999,999.9,4.97261,1.86249,1.86421,1.86264,1.86264,1.86325,1.85974,1.86255,0,0,0,0,11111111,oooooooo,on,on,on,on,0,100,100,1.546,0.062,1.902409742,-0.001033731,9.12024E-07,-2.25E-10,-0.082193795,-0.018148581,0.00209196,-1.91E-05,2,2210,1,26,2.8,2.8,1.2561,2.34009,2.34741,2.75269,2.39868,2.25586,28.5215,16.0934,18,568.58,669.498,22.5148,22.2313,30.0007,22.062,22.002,25.1841,18.2455,10.2556,-999.9,405,15.6469,100.676,101.017
5,high,control,06rec1,4.632,4.67829677,0.075656672,5,1750957944,673,20250626 10:12:24,10:12:24,15,1750957936,0.001193665,1.193665131,6.05996991,400.0684333,292.7398967,29.66281853,40.53823025,0.09800087,3,0.096256478,0.060314439,161.914788,24.61704629,23.23798,2.860593694,54.53511225,1.631889617,2.99236501,1.228704077,-52.6406323,120.8992774,8.405805474,238.5792385,6.05996991,1.193665131,5.992913871,411.2021993,406.6392,-0.0003403,66.96321935,1.232251731,15.22660856,16.1357903,2.3094E-05,79.15504844,679,85,1,0,54075.08841,999.9960333,841.196368,0.841199705,0.16191543,6,0.5,1: Needles,2,FALSE,1750957936,400.0684333,404.9715667,16.10498333,15.22415333,398.5514333,16.06098333,800.0008,101.2282,0.10004005,23.98549,23.23798,999.9,0,0,10000.996,0,0.00152894,-4.872498333,406.6624667,411.2323,0.915227033,404.9715667,15.22415333,1.63376,1.541112333,14.28096,13.38228333,999.9960333,0.960008067,0.0399921,0,1.613,0,6116.728333,7946.904,36.22466667,39.71226667,37.68733333,38.6164,36.46226667,960.006,39.99,0,1750957961,0,1750957966,10:12:46,1750957965,1750957966,5,-0.028,-0.005,1.517,0.044,405,15,0.48,0.08,-4.86428725,-0.132400638,0.020045853,0,0.920688675,-0.101804747,0.010098076,0,0,2,0/2,3.44869,2.78099,0.0968105,0.0979613,0.0902108,0.0860374,27257,30995.6,29308.4,34943.7,30838.3,39633.6,36082.4,46241,0.986475,2.28253,0.0413507,0,22.5735,999.9,61.4,23.7,17.8428,62.03,25.8293,2,-0.364909,0,20.296,5.2113,11.968,4.9916,3.27195,3078.8,9999,9999,999.9,4.97263,1.86249,1.86427,1.86264,1.86272,1.86333,1.85975,1.86263,0,0,0,0,11111111,oooooooo,on,on,on,on,0,100,100,1.517,0.044,1.829047749,-0.001033731,9.12024E-07,-2.25E-10,-0.090658807,-0.018148581,0.00209196,-1.91E-05,2,2210,1,26,2.7,2.7,1.25732,2.33521,2.34741,2.74536,2.39868,2.27783,28.8379,16.1021,18,104.617,666.566,22.9948,22.5967,30.0006,22.5138,22.3672,25.207,21.7249,14.6355,-999.9,405,15.2983,100.634,100.981
6,high,control,06rec1,4.521,3.956323816,0.044143171,6,1750958099,828,20250626 10:14:59,10:14:59,15,1750958091,0.000777146,0.777145826,5.250595641,400.8020968,249.1101376,25.24221345,40.61308854,0.058584168,3,0.057955949,0.03627835,161.9159341,24.96435575,23.98803871,2.992823224,54.85159918,1.66530116,3.036012049,1.327522064,-34.27213091,38.60794839,2.697783694,168.9495353,5.250595641,0.777145826,5.176398258,411.5075354,407.5634848,-0.000271797,66.9604429,0.821310977,15.86261301,16.46797515,0.000121997,79.18636074,341,43,1,0,54029.15812,999.9969032,841.1976207,0.841200226,0.161916436,6,0.5,1: Needles,2,FALSE,1750958091,400.8020968,404.9737742,16.43450968,15.8612129,399.3500968,16.37250968,799.9770968,101.2295484,0.099982745,24.22674839,23.98803871,999.9,0,0,10000.46387,0,0.00152894,-4.104728387,407.5764194,411.5007097,0.595331677,404.9737742,15.8612129,1.665889032,1.605623548,14.58217097,14.01286774,999.9969032,0.959993613,0.04000611,0,0.740806452,0,5840.642581,7946.869355,37.72758065,41.62270968,39.17312903,41.15909677,37.93119355,959.99,40.00741935,0,1750958116,0,1750958119,10:15:19,1750958119,1750958117,6,-0.065,-0.002,1.452,0.062,405,16,0.32,0.12,-4.091332927,-0.198097631,0.029304705,0,0.588021439,0.12932216,0.012978729,0,0,2,0/2,3.44884,2.78081,0.0969314,0.0979314,0.0915264,0.0886059,27250.9,30994,29306.3,34941.6,30791.8,39520.2,36080.7,46238.7,1.95368,2.27968,0.0858679,0,22.5833,999.9,61.2,23.9,17.997,61.92,25.8133,2,-0.355506,0,20.2956,5.2116,11.968,4.99085,3.2715,3083.7,9999,9999,999.9,4.97261,1.86251,1.86429,1.86269,1.86275,1.86333,1.85975,1.86264,0,0,0,0,11111111,oooooooo,on,on,on,on,0,100,100,1.452,0.062,1.80066356,-0.001033731,9.12024E-07,-2.25E-10,-0.095824767,-0.018148581,0.00209196,-1.91E-05,2,2210,1,26,2.2,2.2,1.25977,2.34253,2.34741,2.74292,2.39868,2.28271,29.0282,16.0846,18,422.015,666.766,23.2583,22.7685,30.0003,22.6273,22.5611,25.2515,19.0984,20.1379,-999.9,405,15.8011,100.629,100.975
7,high,control,06rec1,3.812,2.245577263,0.03338456,7,1750958214,943,20250626 10:16:54,10:16:54,15,1750958206,0.000698186,0.698185538,3.534486772,402.1060968,286.2102168,29.0026484,40.74676955,0.052546527,3,0.05204052,0.032570381,161.914444,25.20657094,24.05715161,3.005271955,54.51203131,1.677174315,3.076704857,1.32809764,-30.78998224,63.36972999,4.434564591,198.9287563,3.534486772,0.698185538,3.562437566,411.5757646,408.8812242,-0.006090544,66.9619677,0.73133608,16.04168914,16.58067455,0.000105559,79.16797617,285,36,1,0,53971.61159,999.9844194,841.1873945,0.841200501,0.161916967,6,0.5,1: Needles,2,FALSE,1750958206,402.1060968,404.9675484,16.55105484,16.03607742,400.6940968,16.48005484,799.9921613,101.2333548,0.100024277,24.44896129,24.05715161,999.9,0,0,9996.753548,0,0.00152894,-2.820391935,408.9214839,411.5674194,0.530073226,404.9675484,16.03607742,1.677045806,1.623386452,14.68558065,14.18259355,999.9844194,0.959984129,0.040015632,0,0.061612903,0,5949.627097,7946.736129,36.81622581,39.46545161,38.17306452,38.84248387,37.01383871,959.9696774,40.01612903,0,1750958231,0,1750958235,10:17:15,1750958235,1750958233,7,-0.039,0.001,1.412,0.071,405,16,0.26,0.16,-2.8157445,-0.168886604,0.022297896,0,0.52547285,0.088428653,0.009040405,1,1,2,2-Jan,3.44898,2.78041,0.0971577,0.0978951,0.0919641,0.0893121,27242.7,30993.5,29305,34940,30776.4,39488.1,36080.2,46237,2.06463,2.2773,0.0875071,0,22.6453,999.9,61,24,18.0477,62.15,25.8213,2,-0.350948,0,20.2935,5.2104,11.968,4.9906,3.27132,3087.2,9999,9999,999.9,4.97261,1.86251,1.86431,1.86271,1.86275,1.86335,1.85977,1.86264,0,0,0,0,11111111,oooooooo,on,on,on,on,0,100,100,1.412,0.071,1.735244016,-0.001033731,9.12024E-07,-2.25E-10,-0.097536749,-0.018148581,0.00209196,-1.91E-05,2,2210,1,26,1.6,1.6,1.26099,2.34009,2.34741,2.74048,2.39868,2.27539,29.1554,16.0758,18,481.859,666.12,23.4285,22.8514,30.0002,22.719,22.6608,25.2748,18.1172,24.4731,-999.9,405,16.1634,100.626,100.971
8,high,control,06rec1,5.181,6.848734936,0.119016537,8,1750958343,1071.5,20250626 10:19:02,10:19:02,15,1750958335,0.001828081,1.828081418,7.931366457,398.4878333,296.8689023,30.0830009,40.38048363,0.137830385,3,0.134406635,0.084304674,161.9108788,25.03295545,24.24036667,3.038492296,54.63197056,1.692404664,3.097828336,1.346087632,-80.61839052,52.2299456,3.660501413,137.1829353,7.931366457,1.828081418,8.017381522,411.2919524,405.1917333,-0.001890623,66.96234875,1.842657939,15.35969788,16.71814424,0.000103739,79.16395678,63,8,1,0,53985.4093,999.9684,841.1734157,0.841199998,0.161915995,6,0.5,1: Needles,2,FALSE,1750958335,398.4878333,404.9826,16.70120333,15.35306333,397.0628333,16.60955667,800.0134667,101.2343,0.099994933,24.5633,24.24036667,999.9,0,0,10003.32833,0,0.00152894,-6.504896333,405.2457333,411.2973,1.348134,404.9826,15.35306333,1.690734667,1.554257333,14.81161667,13.51262,999.9684,0.9600006,0.039999413,0,2.127333333,0,8378.051667,7946.666667,36.17686667,39.49566667,37.60603333,38.40186667,36.45816667,959.97,39.99866667,0,1750958360,0,1750958360,10:19:19,1750958360,1750958233,8,0.012,0.001,1.425,0.071,405,16,0.21,0.16,-6.478371,-0.572702589,0.060443915,0,1.351311,-0.019273396,0.008238065,1,1,2,2-Jan,3.44862,2.78075,0.0964678,0.0978794,0.0924816,0.0865109,27262.8,30993.3,29304.5,34939.4,30758.9,39610.3,36080.4,46237.3,2.44575,2.2732,0.088606,0,22.8189,999.9,60.8,24.2,18.2052,62.04,25.6771,2,-0.347012,0,20.2958,5.21205,11.968,4.9915,3.27198,3091.1,9999,9999,999.9,4.97261,1.86254,1.86432,1.86274,1.86277,1.8634,1.85979,1.86264,0,0,0,0,11111111,oooooooo,on,on,on,on,0,100,100,1.425,0.0922,1.695660412,-0.001033731,9.12024E-07,-2.25E-10,-0.096588601,-0.018148581,0.00209196,-1.91E-05,2,2210,1,26,1.8,1.8,1.25977,2.34741,2.34741,2.74536,2.39868,2.27173,29.3251,16.0671,18,739.637,663.911,23.6323,22.9251,30.0003,22.7933,22.7489,25.2742,22.4276,26.0598,-999.9,405,15.4258,100.625,100.971
9,high,control,06rec1,4.241,1.707928534,0.03362564,9,1750958477,1206,20250626 10:21:17,10:21:17,15,1750958469,0.000621712,0.621712281,2.416310116,402.9888333,313.5602306,31.77415262,40.83626508,0.047572233,3,0.047157086,0.029510176,161.9146917,25.54003171,24.13467333,3.019289144,54.6891142,1.714527867,3.135044134,1.304761278,-27.41751161,101.6386762,7.126667118,243.2625234,2.416310116,0.621712281,2.383244117,411.7454361,409.9295576,-0.000428083,66.95791213,0.676278859,16.47429823,16.96856,0.001072118,79.21858363,188,24,1,0,53979.70769,999.9876667,841.189982,0.841200357,0.161916689,6,0.5,1: Needles,2,FALSE,1750958469,402.9888333,404.9889667,16.91965667,16.46126333,401.5868333,16.83565667,800.0026333,101.2334333,0.100057073,24.76309667,24.13467333,999.9,0,0,10009.31933,0,0.00152894,-1.976728333,409.955,411.7671667,0.4741305,404.9889667,16.46126333,1.714427667,1.666430333,15.02767,14.58720667,999.9876667,0.9599859,0.040014197,0,1.346833333,0,5307.814333,7946.763667,37.554,41.43313333,39.01226667,40.81646667,37.81646667,959.9746667,40.01133333,0,1750958494,0,1750958495,10:21:34,1750958493,1750958495,9,-0.023,0,1.402,0.084,405,17,0.3,0.15,-1.968066098,-0.062716307,0.02552302,1,0.455450878,0.285354272,0.029757096,0,1,2,2-Jan,3.44919,2.78051,0.0972787,0.097856,0.0934373,0.0910013,27234.8,30989.9,29301,34935.1,30722.7,39410.7,36076.3,46231.9,2.2356,2.272,0.0699237,0,23.0358,999.9,60.7,24.4,18.3959,61.95,25.6851,2,-0.339192,0,20.2958,5.21355,11.968,4.9918,3.272,3095.4,9999,9999,999.9,4.97263,1.86252,1.86432,1.86278,1.86279,1.8634,1.85984,1.86264,0,0,0,0,11111111,oooooooo,on,on,on,on,0,100,100,1.402,0.084,1.707954811,-0.001033731,9.12024E-07,-2.25E-10,-0.096588601,-0.018148581,0.00209196,-1.91E-05,2,2210,1,26,2,4.1,1.26221,2.34863,2.34741,2.7417,2.39868,2.28271,29.4952,16.0583,18,588.029,664.35,23.8214,23.0343,30.0005,22.9062,22.8589,25.3112,17.47,29.2478,-999.9,405,16.4392,100.614,100.959
10,high,control,06rec1,4.886,1.502518934,0.013665844,10,1750958596,1324.5,20250626 10:23:15,10:23:15,15,1750958588,0.000240018,0.240018295,1.845090791,403.5269677,219.9904835,22.29110385,40.8884121,0.016781634,3,0.016729656,0.010460692,161.9169811,25.78837378,24.85730968,3.152728193,54.81488941,1.73404899,3.163463447,1.418679203,-10.5848068,9.21373471,0.648895909,161.1948049,1.845090791,0.240018295,1.843313459,412.0001631,410.5936606,6.03742E-05,66.95671704,0.280729329,16.95026853,17.15342545,0.000933642,79.23829255,0,0,1,0,53897.82979,1000.003,841.2027802,0.841200257,0.161916495,6,0.5,1: Needles,2,FALSE,1750958588,403.5269677,404.9834194,17.11329677,16.93636452,402.1399677,17.01329677,800.0037742,101.2278065,0.099776,24.91427742,24.85730968,999.9,0,0,9999.359032,0,0.00152894,-1.440697742,410.5713871,411.9605161,0.182719065,404.9834194,16.93636452,1.732927742,1.71443,15.19455161,15.02770645,1000.003,0.959994,0.040006274,0,1.185645161,0,4710.182903,7946.912258,37.08241935,39.83841935,38.43122581,39.30819355,37.29609677,959.9951613,40.00870968,0,1750958613,0,1750958613,10:23:32,1750958613,1750958613,10,-0.015,0.001,1.387,0.1,405,17,0.39,0.13,-1.424838293,-0.288406829,0.036979379,0,0.168624902,0.249848153,0.025814368,0,0,2,0/2,3.44935,2.78048,0.0973627,0.0978311,0.0941364,0.0928503,27227.7,30985.9,29296.5,34930.2,30694.6,39325.3,36071.3,46225.7,2.5346,2.27005,0.102054,0,23.2054,999.9,60.9,24.5,18.5677,61.9101,25.605,2,-0.331387,0,20.2937,5.21025,11.968,4.991,3.27163,3098.9,9999,9999,999.9,4.97262,1.86262,1.86432,1.86279,1.86278,1.8634,1.85987,1.86264,0,0,0,0,11111111,oooooooo,on,on,on,on,0,100,100,1.387,0.1,1.685585725,-0.001033731,9.12024E-07,-2.25E-10,-0.096983474,-0.018148581,0.00209196,-1.91E-05,2,2210,1,26,1.7,1.7,1.26221,2.35229,2.34741,2.73926,2.39868,2.2522,29.6657,16.0496,18,816.613,664.087,23.9886,23.1522,30.0003,23.0048,22.9622,25.3251,16.6435,35.2345,-999.9,405,16.8773,100.599,100.945
11,high,heat,06rec1,4.152,4.664854179,0.087274754,11,1750958791,1519.5,20250626 10:26:30,10:26:30,15,1750958783,0.001727604,1.727603827,6.741118756,399.4285484,304.3344715,30.83701471,40.47252341,0.126119587,3,0.123246388,0.077281686,161.9163537,25.46738506,24.70606452,3.124381208,54.75414369,1.738125108,3.174417479,1.386256101,-76.18732878,43.04890591,3.03038287,131.8083137,6.741118756,1.727603827,6.65148181,411.5231561,406.4560545,-0.000581047,66.96006015,1.735768324,15.88043441,17.1598497,1.63487E-05,79.18921319,472,59,1,0,53886.38449,1000.009226,841.20717,0.841199409,0.16191486,6,0.5,1: Needles,2,FALSE,1750958783,399.4285484,405.0019032,17.15378065,15.88030968,398.1015484,17.04606452,800.0035806,101.2260645,0.100001371,24.97223226,24.70606452,999.9,0,0,9999.352258,0,0.00152894,-5.510751613,406.4634516,411.537129,1.273477742,405.0019032,15.88030968,1.736408065,1.607499355,15.2257871,14.03087742,1000.009226,0.960019065,0.039981168,0,1.893387097,0,5822.383548,7947.051613,36.47754839,40.22958065,37.91509677,39.22151613,36.82435484,960.0277419,39.98064516,0,1750958808,0,1750958817,10:26:56,1750958817,1750958613,11,-0.06,0.001,1.327,0.1,405,17,0.17,0.13,-5.49226125,-0.251661726,0.035895775,0,1.26794075,0.098461576,0.009997789,1,1,2,2-Jan,3.44894,2.78057,0.0965704,0.0977837,0.0941107,0.0885431,27248.8,30984.4,29294,34927.4,30693.9,39510.2,36069.1,46223,1.64678,2.26288,0.0877678,0,23.2682,999.9,61.2,24.8,18.9971,61.8801,25.8614,2,-0.322693,0,20.296,5.21325,11.968,4.99145,3.27198,3105.2,9999,9999,999.9,4.97263,1.86263,1.8644,1.86279,1.86279,1.8634,1.85989,1.86265,0,0,0,0,11111111,oooooooo,on,on,on,on,0,100,100,1.327,0.1079,1.670728659,-0.001033731,9.12024E-07,-2.25E-10,-0.096243169,-0.018148581,0.00209196,-1.91E-05,2,2210,1,26,3,3,1.26221,2.34253,2.34741,2.73682,2.39868,2.27417,29.9006,16.0496,18,290.32,659.882,24.1755,23.2891,30.0004,23.1593,23.0903,25.3179,23.409,40.0325,-999.9,405,15.9074,100.592,100.938
12,high,heat,06rec1,5.024,-0.174103585,0.0121105,12,1750958927,1656.1,20250626 10:28:47,10:28:47,15,1750958919,0.000201663,0.201663222,-0.207926256,405.0837097,418.9259012,42.44725091,41.0447046,0.014463177,3,0.014424551,0.009018806,161.9160127,26.049726,24.80820323,3.143499921,54.84469436,1.761219445,3.211285002,1.382280476,-8.893348111,57.87070599,4.079822948,214.9731935,-0.207926256,0.201663222,-0.228181661,412.1118541,412.2865455,-0.000161904,66.95653602,0.237972242,17.24713487,17.41866909,0.000949248,79.23616111,192,24,1,0,53857.00128,999.9964516,841.1973194,0.841200304,0.161916587,6,0.5,1: Needles,2,FALSE,1750958919,405.0837097,404.9890323,17.38205484,17.23343548,403.7707097,17.27005484,799.995,101.2240968,0.099910135,25.1660129,24.80820323,999.9,0,0,10000.64645,0,0.0015536,0.109163426,412.2656774,412.0905484,0.152576194,404.9890323,17.23343548,1.759886129,1.744441613,15.43497097,15.29764194,999.9964516,0.959989387,0.040010613,0,1.415483871,0,4068.46,7946.850645,37.84045161,41.92925806,39.30625806,41.46351613,38.16106452,959.9864516,40.01,0,1750958944,0,1750958944,10:29:04,1750958943,1750958944,12,-0.015,0,1.313,0.112,405,17,0.53,0.17,0.107449476,0.06826014,0.019493288,1,0.142401593,0.205384523,0.020564638,0,1,2,2-Jan,3.44967,2.7808,0.097609,0.0977872,0.095101,0.0939648,27214.9,30981.2,29291.4,34924.1,30657.8,39271.1,36066.5,46218.6,2.2234,2.26327,0.0914633,0,23.325,999.9,61.1,24.9,19.0793,61.8246,25.7252,2,-0.318028,0,20.2954,5.20816,11.968,4.9895,3.27132,3109.3,9999,9999,999.9,4.9726,1.86263,1.86433,1.86279,1.86279,1.8634,1.85989,1.86264,0,0,0,0,11111111,oooooooo,on,on,on,on,0,100,100,1.313,0.112,1.610776566,-0.001033731,9.12024E-07,-2.25E-10,-0.096243169,-0.018148581,0.00209196,-1.91E-05,2,2210,1,26,1.8,5.2,1.26343,2.36694,2.34741,2.7356,2.39868,2.26685,29.9861,16.0321,18,583.294,661.189,24.273,23.3604,30.0002,23.2186,23.1674,25.3534,17.1192,44.2797,-999.9,405,17.1763,100.584,100.928
13,high,heat,06rec1,2.962,1.389208969,0.018252058,13,1750959055,1783.6,20250626 10:30:54,10:30:54,15,1750959047,0.000532852,0.532851576,2.814062733,402.7193667,272.3963349,27.60048327,40.80542842,0.036972434,3,0.03672115,0.022973153,161.9211635,25.93972957,25.06818,3.192625416,54.83599097,1.758247732,3.206375413,1.434377684,-23.49875451,11.66763504,0.823525969,150.91357,2.814062733,0.532851576,2.820975099,411.9517823,409.8050545,-0.001605198,66.95889373,0.556429068,16.96709542,17.37684182,7.90863E-05,79.20314376,70,9,1,0,53862.21723,1000.0286,841.2243343,0.841200276,0.161916533,6,0.5,1: Needles,2,FALSE,1750959047,402.7193667,404.9908333,17.35260333,16.95990333,401.3703667,17.25660333,800.0079667,101.225,0.09972335,25.14032,25.06818,999.9,0,0,10000.66467,0,0.00152894,-2.306762,409.8031667,411.9777667,0.412395667,404.9908333,16.95990333,1.758508667,1.716764667,15.42278333,15.04884667,1000.0286,0.9599892,0.040010673,0,2.146,0,3504.944333,7947.108333,35.87886667,38.52266667,37.21226667,37.73516667,36.23516667,960.018,40.01033333,0,1750959072,0,1750959076,10:31:15,1750959076,1750959072,13,0.036,-0.006,1.349,0.096,405,17,0.39,0.13,-2.304768537,0.017902787,0.021254369,1,0.419457049,-0.110345895,0.01197247,0,1,2,2-Jan,3.4494,2.78065,0.0971502,0.0977546,0.0949187,0.0928339,27227.4,30980.4,29290.1,34922.3,30663.2,39318.7,36065.4,46216.7,2.42615,2.26098,0.0990368,0,23.4605,999.9,61.3,25,19.255,61.7846,25.6651,2,-0.313887,0,20.294,5.21085,11.968,4.9908,3.272,3113.2,9999,9999,999.9,4.97261,1.86264,1.86436,1.86279,1.86279,1.8634,1.85989,1.86266,0,0,0,0,11111111,oooooooo,on,on,on,on,0,100,100,1.349,0.096,1.596160952,-0.001033731,9.12024E-07,-2.25E-10,-0.096006601,-0.018148581,0.00209196,-1.91E-05,2,2210,1,26,1.9,1.8,1.26465,2.36206,2.34741,2.73682,2.39868,2.2644,30.0718,16.0233,18,730.705,660.219,24.3694,23.4269,30.0001,23.283,23.2382,25.3568,19.5264,48.4571,-999.9,405,16.9358,100.58,100.924
14,high,heat,06rec1,4.625,1.19810708,0.020372562,14,1750959176,1904.6,20250626 10:32:55,10:32:55,15,1750959168,0.000377114,0.377114043,1.554301076,403.7017097,301.1323533,30.51199233,40.90474947,0.02642927,3,0.026300597,0.016449382,161.9136361,26.12501327,25.03598387,3.186505432,54.70053014,1.769186087,3.234312505,1.417319345,-16.63072928,40.44704323,2.856468396,188.5864184,1.554301076,0.377114043,1.498513213,412.0438213,410.9006667,-0.000118551,66.95793661,0.407541334,17.19105816,17.48924303,0.000527789,79.21525194,68,8,1,0,53849.51284,999.9896129,841.190909,0.841199647,0.161915318,6,0.5,1: Needles,2,FALSE,1750959168,403.7017097,404.9816452,17.46064839,17.18274516,402.3937097,17.35264839,799.9821935,101.2243871,0.099804726,25.28606452,25.03598387,999.9,0,0,10003.36452,0,0.00152894,-1.238970968,410.9198387,412.0620968,0.283115419,404.9816452,17.18274516,1.767970968,1.739313226,15.50644516,15.25181613,999.9896129,0.960009742,0.039990061,0,1.385,0,6175.856129,7946.866452,36.35254839,40.02196774,37.79016129,38.95132258,36.69535484,960.0003226,39.98774194,0,1750959193,0,1750959193,10:33:12,1750959192,1750959193,14,-0.041,0.004,1.308,0.108,405,17,0.21,0.14,-1.23831675,-0.070575647,0.02801709,1,0.272921825,0.175958735,0.017501233,0,1,2,2-Jan,3.44969,2.78091,0.0973286,0.0977506,0.0953722,0.0937008,27221.4,30979.6,29289.5,34921.4,30647.7,39280.8,36065.4,46216.3,2.4294,2.25952,0.100452,0,23.4119,999.9,61.4,25.2,19.5166,61.8646,25.6571,2,-0.311987,0,20.2961,5.2098,11.968,4.9906,3.2717,3116.8,9999,9999,999.9,4.97261,1.86264,1.86435,1.86279,1.86279,1.8634,1.85989,1.8627,0,0,0,0,11111111,oooooooo,on,on,on,on,0,100,100,1.308,0.108,1.632001505,-0.001033731,9.12024E-07,-2.25E-10,-0.102040287,-0.018148581,0.00209196,-1.91E-05,2,2210,1,26,1.7,1.7,1.26465,2.35474,2.34741,2.73438,2.39868,2.29858,30.0932,16.0233,18,733.827,659.556,24.4248,23.4614,30.0002,23.3235,23.2788,25.3698,18.9274,52.0824,-999.9,405,17.2336,100.579,100.922
15,high,heat,06rec1,4.856,4.021160784,0.048288152,15,1750959302,2030.6,20250626 10:35:01,10:35:01,15,1750959294,0.000844996,0.844996257,4.968485318,401.0138387,258.9671215,26.23994515,40.63288448,0.059664109,3,0.059012655,0.036940847,161.911868,26.27090307,25.14643871,3.207544026,54.55395536,1.792473317,3.285689012,1.415070709,-37.26433493,65.47125453,4.632483466,194.751271,4.968485318,0.844996257,5.050945515,412.0265178,408.1772788,-0.001367755,66.9530085,0.861658076,17.07610222,17.71038303,0.000124872,79.18712271,583,73,1,0,53833.06923,999.9736452,841.1779004,0.84120007,0.161916135,6,0.5,1: Needles,2,FALSE,1750959294,401.0138387,404.9942581,17.69026774,17.06774516,399.6728387,17.58926774,800.0172903,101.2252903,0.100101858,25.55124194,25.14643871,999.9,0,0,10009.35677,0,0.00152894,-4.012167419,408.2136774,412.0266129,0.647753452,404.9942581,17.06774516,1.793256774,1.727687097,15.72811935,15.14746129,999.9736452,0.959997935,0.040002497,0,0.729193548,0,8350.228065,7946.694516,37.70741935,41.73154839,39.17722581,41.21751613,38.04416129,959.9725806,40.00129032,0,1750959319,0,1750959325,10:35:25,1750959325,1750959319,15,0.033,-0.003,1.341,0.101,405,17,0.52,0.15,-4.00204825,-0.193405216,0.031085632,0,0.662704475,-0.327091553,0.03343661,0,0,2,0/2,3.44931,2.78017,0.0967946,0.0977395,0.0961708,0.0932533,27234,30975.9,29286.1,34917.2,30617.2,39295.5,36061.7,46210.6,1.33267,2.25738,0.0885502,0,23.7281,999.9,61.7,25.3,19.7297,61.6846,25.8534,2,-0.306202,0,20.2953,5.2098,11.968,4.98985,3.27132,3120.7,9999,9999,999.9,4.9726,1.86264,1.8644,1.86279,1.86279,1.8634,1.85989,1.86268,0,0,0,0,11111111,oooooooo,on,on,on,on,0,100,100,1.341,0.101,1.590954681,-0.001033731,9.12024E-07,-2.25E-10,-0.097890596,-0.018148581,0.00209196,-1.91E-05,2,2210,1,26,1.8,1.8,1.26587,2.3584,2.34741,2.73071,2.39868,2.26929,30.179,16.0058,18,188.399,658.754,24.5818,23.5473,30.0004,23.4411,23.3537,25.3805,20.7157,56.1427,-999.9,405,17.2129,100.568,100.91
16,high,heat,06rec1,3.814,3.215786406,0.037092267,16,1750959430,2159.1,20250626 10:37:10,10:37:10,15,1750959422,0.000848647,0.848646895,5.05891936,400.9498065,253.2699981,25.66153496,40.6245807,0.058351757,3,0.057728485,0.036135747,161.9203813,26.58056112,25.51890968,3.279386911,54.60279548,1.827440094,3.346788526,1.451946817,-37.42532808,55.47857837,3.938939388,183.912571,5.05891936,0.848646895,5.074891615,412.1802169,408.3076667,-0.000284394,66.95478622,0.897294812,17.41841357,18.07866485,0.000133227,79.26435559,178,22,1,0,53667.23026,1000.031194,841.2258932,0.841199653,0.161915331,6,0.5,1: Needles,2,FALSE,1750959422,400.9498065,404.9990968,18.03616774,17.41117742,399.6068065,17.92616774,800.0193226,101.2205161,0.100347597,25.86192903,25.51890968,999.9,0,0,9988.527097,0,0.00152894,-4.049764516,408.3244194,412.1755161,0.650608903,404.9990968,17.41117742,1.828223871,1.762368065,16.03021613,15.45694839,1000.031194,0.960011968,0.039987852,0,2.627903226,0,7644.482258,7947.204516,36.35458065,39.2276129,37.73770968,38.45132258,36.78603226,960.0412903,39.98967742,0,1750959448,0,1750959452,10:37:32,1750959452,1750959447,16,0.002,-0.003,1.343,0.11,405,17,0.3,0.11,-4.033080732,-0.344638328,0.038120929,0,0.650961659,0.005283491,0.002759984,1,1,2,2-Jan,3.44973,2.78086,0.0967461,0.0976834,0.097553,0.0945503,27225.9,30968.2,29276.5,34907.3,30559.6,39227.9,36049.2,46196.9,2.24312,2.25213,0.0723451,0,24.3644,999.9,62.1,25.4,19.9778,62.1046,25.653,2,-0.289566,0,20.2939,5.2131,11.968,4.99105,3.272,3124.9,9999,9999,999.9,4.97261,1.86264,1.86444,1.86284,1.86285,1.86342,1.8599,1.86275,0,0,0,0,11111111,oooooooo,on,on,on,on,0,100,100,1.343,0.11,1.624222038,-0.001033731,9.12024E-07,-2.25E-10,-0.101333486,-0.018148581,0.00209196,-1.91E-05,2,2210,1,26,1.8,1.9,1.26587,2.3645,2.34741,2.73071,2.39868,2.25708,30.3939,15.9795,18,600.445,656.881,24.905,23.7757,30.0006,23.5941,23.5431,25.3911,20.3666,59.919,-999.9,405,17.4039,100.534,100.881
17,high,heat,06rec1,3.382,1.730531516,0.031226441,17,1750959558,2286.6,20250626 10:39:17,10:39:17,15,1750959550,0.000879816,0.879815954,3.07013279,402.4216333,303.9202175,30.7883363,40.76692457,0.055398772,3,0.054836659,0.03432294,161.9124785,26.84249735,26.34608333,3.443980606,54.72955016,1.861187298,3.40069906,1.582793309,-38.79988358,-34.62929496,-2.472227118,86.0110728,3.07013279,0.879815954,2.911090847,412.3079326,410.0642061,0.006157757,66.95463986,0.926450936,17.73534423,18.41654182,0.000213254,79.26481761,75,9,1,0,53645.03246,999.9795,841.1826506,0.841199895,0.161915798,6,0.5,1: Needles,2,FALSE,1750959550,402.4216333,404.9898333,18.37229667,17.72454333,401.1116333,18.25129667,799.9820333,101.2039333,0.100075177,26.13197333,26.34608333,999.9,0,0,9995.331667,0,0.00152894,-2.534617,409.9977333,412.2976333,0.6719699,404.9898333,17.72454333,1.861800667,1.793794667,16.31555667,15.73281667,999.9795,0.960003033,0.03999691,0,2.082333333,0,6859.571333,7946.763,35.3164,38.78313333,36.77686667,37.57056667,35.87053333,959.9833333,39.99566667,0,1750959575,0,1750959576,10:39:35,1750959575,1750959576,17,-0.033,0,1.31,0.121,405,18,0.23,0.07,-2.543776341,0.126727944,0.028792985,0,0.667478805,0.069056195,0.007332669,1,1,2,2-Jan,3.4499,2.78116,0.0969769,0.0976239,0.098779,0.0956938,27211.8,30962.6,29269.6,34899.6,30510.3,39170,36040.4,46186.9,2.41062,2.24835,0.107959,0,24.6107,999.9,62.4,25.5,20.198,62.0947,25.5889,2,-0.275732,0,20.2955,5.2107,11.968,4.99095,3.2717,3128.8,9999,9999,999.9,4.97263,1.86265,1.86447,1.86293,1.86295,1.86354,1.85994,1.86279,0,0,0,0,11111111,oooooooo,on,on,on,on,0,100,100,1.31,0.121,1.626006514,-0.001033731,9.12024E-07,-2.25E-10,-0.104348983,-0.018148581,0.00209196,-1.91E-05,2,2210,1,26,1.8,1.8,1.26587,2.36694,2.34863,2.72827,2.39868,2.25464,30.674,15.9708,18,725.099,656.226,25.2029,23.9873,30.0008,23.7839,23.7353,25.3977,19.8149,63.7307,-999.9,405,17.693,100.51,100.859
18,high,heat,06rec1,2.868,1.034361457,0.008323292,18,1750959711,2439.6,20250626 10:41:50,10:41:50,15,1750959703,0.000267681,0.267681342,2.163936102,403.300871,196.5179574,19.90849005,40.85688393,0.017412745,3,0.017356791,0.010853006,161.9174005,27.2913452,26.18756452,3.411890703,54.63457702,1.890404326,3.460087785,1.521486377,-11.8047472,38.4284736,2.745307595,191.2864345,2.163936102,0.267681342,2.03656006,412.5993522,411.0356788,0.002216032,66.9549764,0.276752246,18.48002446,18.68253697,0.00029112,79.25697654,15,2,1,0,53615.70915,1000.005161,841.2046343,0.841200293,0.161916565,6,0.5,1: Needles,2,FALSE,1750959703,403.300871,405.0047742,18.6603,18.4632871,402.051871,18.5103,800.0074839,101.2061613,0.10005169,26.42516452,26.18756452,999.9,0,0,9999.614194,0,0.00152894,-1.642589032,411.0342903,412.623129,0.202031548,405.0047742,18.4632871,1.889046129,1.868598387,16.54377419,16.37275806,1000.005161,0.959992387,0.040007784,0,1.890806452,0,6723.975161,7946.921613,37.24767742,41.91509677,38.90296774,40.87883871,37.75174194,959.996129,40.01,0,1750959728,0,1750959730,10:42:09,1750959728,1750959730,18,-0.061,0.001,1.249,0.15,405,19,0.22,0.17,-1.642582,0.013092833,0.014177918,1,0.207475475,-0.100411914,0.011112091,0,1,2,2-Jan,3.45032,2.78059,0.0970728,0.0975559,0.0997101,0.0984795,27194.9,30950.3,29255.4,34884.5,30463.8,39032.1,36022.4,46166.1,2.49478,2.2426,0.0819005,0,24.8649,999.9,62.9,25.7,20.6024,61.9447,25.4768,2,-0.252315,0,20.2957,5.2113,11.968,4.9911,3.272,3133.3,9999,9999,999.9,4.97263,1.86273,1.86447,1.86295,1.86295,1.86355,1.86004,1.86279,0,0,0,0,11111111,oooooooo,on,on,on,on,0,100,100,1.249,0.15,1.593078683,-0.001033731,9.12024E-07,-2.25E-10,-0.104754234,-0.018148581,0.00209196,-1.91E-05,2,2210,1,26,2.3,2.2,1.26709,2.36694,2.34741,2.72949,2.39868,2.25586,31.0202,15.962,18,798.175,655.109,25.5201,24.2989,30.0007,24.0723,24.0198,25.4131,18.207,70.6807,-999.9,405,18.5491,100.46,100.814
19,high,heat,06rec1,4.906,0.33744873,-0.003147438,19,1750959839,2567.6,20250626 10:43:58,10:43:58,15,1750959831,-6.18E-05,-0.061845858,0.412697183,404.6888065,563.6868072,57.10847533,41.00000288,-0.003849292,3,-0.003852038,-0.002407277,161.9144287,27.41912778,26.5398871,3.48357129,54.77494588,1.900182767,3.469072833,1.583388523,2.727402328,-11.44256114,-0.819074325,152.3801956,0.412697183,-0.061845858,0.595956265,412.7609317,412.3051758,7.04115E-05,66.95173536,0.040294982,18.81690464,18.81685455,0.007372902,79.32196868,19,2,1,0,53619.46829,999.9933548,841.1941534,0.841199743,0.161915505,6,0.5,1: Needles,2,FALSE,1750959831,404.6888065,404.9795484,18.75567419,18.8011871,403.4818065,18.59267419,800.0267097,101.2122258,0.100195565,26.46913871,26.5398871,999.9,0,0,10001.25161,0,0.00152894,-0.248581384,412.4654839,412.7395484,-0.049556062,404.9795484,18.8011871,1.897895161,1.902909677,16.61722258,16.6588,999.9933548,0.960005452,0.039994171,0,1.79516129,0,5949.915161,7946.877742,35.86464516,38.89283871,37.18532258,38.04616129,36.33445161,959.9970968,39.99096774,0,1750959856,0,1750959861,10:44:20,1750959861,1750959851,19,-0.042,0.001,1.207,0.163,405,19,0.42,0.19,0.015728678,-5.168984788,0.558571567,0,-0.066804698,0.450201759,0.0439016,0,0,2,0/2,3.45039,2.7804,0.0972712,0.0975392,0.100181,0.0997243,27183.9,30946.5,29250.5,34880.2,30442.6,38973.7,36015.9,46160.5,2.48598,2.2393,0.11012,0,24.7607,999.9,63.3,25.9,20.9795,62.2247,25.3966,2,-0.243044,0,20.2933,5.20726,11.968,4.99,3.27122,3137.5,9999,9999,999.9,4.97263,1.86278,1.86449,1.86295,1.86295,1.86355,1.86004,1.86279,0,0,0,0,11111111,oooooooo,on,on,on,on,0,100,100,1.207,0.163,1.532542545,-0.001033731,9.12024E-07,-2.25E-10,-0.104094865,-0.018148581,0.00209196,-1.91E-05,2,2210,1,26,1.9,1.8,1.26709,2.36572,2.34741,2.72949,2.39868,2.29614,31.2374,15.9533,18,792.977,654.404,25.6737,24.4478,30.0005,24.2317,24.179,25.4208,17.9525,76.6302,-999.9,405,18.7898,100.443,100.802
20,mod,heat,06rec2,3.015,-5.564078671,-0.131399286,20,1750960004,2733.1,20250626 10:46:44,10:46:44,15,1750959996,-0.004935262,-4.935262085,-11.07279338,414.844,339.0025032,34.32978981,42.01003589,-0.261491116,3,-0.274854381,-0.170526809,161.9143146,28.6525738,25.69991667,3.3148046,44.41105713,1.540048316,3.467713708,1.774756284,217.6450579,123.3360998,8.791201508,511.6866738,-11.07279338,-4.935262085,-10.9967544,412.7983989,421.2044667,0.0001231,66.95335281,-4.874389044,18.85860626,15.23806424,0.005032727,79.28329673,799,100,1,0,53590.57974,999.9894333,841.1911245,0.841200013,0.161916025,6,0.5,1: Needles,2,FALSE,1750959996,414.844,405.0033667,15.20779,18.85313667,413.607,15.17134333,799.9581,101.2235333,0.04353546,26.46249333,25.69991667,999.9,0,0,9994.238667,0,0.001534992,9.8071,421.2163667,412.7858333,-3.645335667,405.0033667,18.85313667,1.539388,1.908382667,13.36508667,16.70400667,999.9894333,0.959998933,0.040000713,0,1.619666667,0,4996.664667,7946.827,35.9914,40.05386667,37.47893333,38.88306667,36.5498,959.989,40,0,1750960021,0,1750960029,10:47:09,1750960029,1750959851,20,0.029,0.001,1.237,0.163,405,19,0.1,0.19,9.81043625,-0.157053546,0.034710067,0,-3.662497,0.29526439,0.029676603,0,0,2,0/2,3.45049,2.72542,0.0990259,0.0974912,0.0861839,0.099839,27121.9,30939.1,29241.3,34871,30915,38958.6,36005.5,46148.2,0.289,2.23353,0.0509992,0,24.9008,999.9,63.9,26.1,21.4273,61.8847,21.8069,2,-0.227119,0,20.296,5.21684,11.968,4.9918,3.272,3142.4,9999,9999,999.9,4.97265,1.86279,1.86453,1.86298,1.86296,1.86356,1.86005,1.86282,0,0,0,0,11111111,oooooooo,on,on,on,on,0,100,100,1.237,0.0375,1.49093707,-0.001033731,9.12024E-07,-2.25E-10,-0.103059554,-0.018148581,0.00209196,-1.91E-05,2,2210,1,26,2.4,2.6,1.26709,2.36206,2.34741,2.72827,2.39868,2.29126,31.477,15.9358,18,-1.84305,652.274,25.7913,24.6606,30.0004,24.6669,24.386,25.4251,19.6363,83.133,-999.9,405,18.7924,100.413,100.775
21,mod,heat,06rec2,2.496,1.561019038,0.017191795,21,1750960119,2848.1,20250626 10:48:39,10:48:39,15,1750960111,0.000651148,0.651148051,3.752449612,402.001129,247.5283141,25.0823405,40.73525583,0.04132643,3,0.041012749,0.025660952,161.9113172,27.37467002,26.49814194,3.475010075,54.58475464,1.908942475,3.497208126,1.5660676,-28.71562903,17.47635739,1.25157907,151.9236246,3.752449612,0.651148051,3.789279818,412.5922514,409.6936121,0.001013942,66.95042144,0.669604549,18.37653174,18.86785515,0.000351985,79.34525684,0,0,1,0,53550.83215,999.9744194,841.1782013,0.84119972,0.161915459,6,0.5,1: Needles,2,FALSE,1750960111,402.001129,405.011871,18.83864516,18.35947097,400.744129,18.69764516,799.9779355,101.2313548,0.099842745,26.60619677,26.49814194,999.9,0,0,9990.702581,0,0.00152894,-3.029608387,409.7100323,412.5866774,0.502355871,405.011871,18.35947097,1.90940871,1.858554194,16.71246129,16.28815484,999.9744194,0.960010161,0.039989642,0,2.551451613,0,5921.172258,7946.745484,37.36664516,41.92516129,38.9473871,41.10864516,37.88477419,959.9858065,39.98967742,0,1750960136,0,1750960136,10:48:56,1750960136,1750960136,21,0.021,-0.008,1.257,0.141,405,18,0.23,0.18,-3.025240976,-0.11045331,0.024847438,0,0.510066878,-0.136902397,0.01633814,0,0,2,0/2,3.45026,2.78093,0.0967347,0.0974663,0.100302,0.0980189,27186.5,30935.6,29236.9,34866.6,30425,39033,35999,46142.8,2.53207,2.22968,0.0943989,0,24.9856,999.9,64.1,26.2,21.6212,61.8147,25.4888,2,-0.220234,0,20.2953,5.2113,11.968,4.9908,3.272,3145.9,9999,9999,999.9,4.97262,1.86279,1.8646,1.86299,1.86297,1.86356,1.86005,1.86286,0,0,0,0,11111111,oooooooo,on,on,on,on,0,100,100,1.257,0.141,1.520196717,-0.001033731,9.12024E-07,-2.25E-10,-0.103059554,-0.018148581,0.00209196,-1.91E-05,2,2210,1,26,1.5,4.5,1.26709,2.3645,2.34741,2.72583,2.39868,2.29248,31.6298,15.927,18,837.743,650.489,25.8855,24.7624,30.0004,24.5474,24.4945,25.4205,22.1864,84.6509,-999.9,405,18.476,100.396,100.763
22,mod,heat,06rec2,5.034,6.489439055,0.084378208,22,1750960235,2964.1,20250626 10:50:35,10:50:35,15,1750960227,0.001491957,1.49195685,7.734730697,398.7743548,265.7480181,26.92855053,40.40826133,0.100569974,3,0.098733848,0.061870831,161.9120103,27.17060353,26.17395484,3.409147828,54.81743297,1.918193968,3.499240779,1.490953859,-65.79529707,71.50452906,5.112783526,172.7340258,7.734730697,1.49195685,7.82591951,412.3616555,406.4250242,-0.011590548,66.94981471,1.46872344,17.83198941,18.913,-7.37E-05,79.36039858,109,14,1,0,53498.18825,999.968129,841.1737967,0.841200607,0.161917171,6,0.5,1: Needles,2,FALSE,1750960227,398.7743548,405.0216452,18.92995484,17.83216452,397.5193548,18.77075161,799.9965806,101.2308387,0.100304687,26.61606129,26.17395484,999.9,0,0,9980.861935,0,0.00152894,-6.24219871,406.4740323,412.375129,1.097784839,405.0216452,17.83216452,1.916296129,1.805165806,16.76914839,15.83159032,999.968129,0.959982161,0.040017539,0,2.508225806,0,7772.789032,7946.602581,36.11264516,39.09048387,37.42322581,38.35058065,36.59848387,959.9512903,40.01903226,0,1750960252,0,1750960252,10:50:52,1750960252,1750960136,22,-0.002,-0.008,1.255,0.141,405,18,0.23,0.18,-6.24012625,-0.092607467,0.023133719,1,1.11199275,-0.286213396,0.028570082,0,1,2,2-Jan,3.44998,2.78066,0.0961159,0.0974427,0.100473,0.0958865,27203.6,30934.1,29235.5,34864.3,30417.9,39123.4,35997.4,46140.3,2.34302,2.2264,0.0802055,0,24.8737,999.9,64.2,26.3,21.7817,62.0347,25.5329,2,-0.216329,0,20.2937,5.21085,11.968,4.991,3.272,3149.5,9999,9999,999.9,4.97262,1.86279,1.86461,1.86304,1.86298,1.86356,1.86005,1.86291,0,0,0,0,11111111,oooooooo,on,on,on,on,0,100,100,1.255,0.1585,1.54093941,-0.001033731,9.12024E-07,-2.25E-10,-0.11097184,-0.018148581,0.00209196,-1.91E-05,2,2210,1,26,1.6,1.6,1.26709,2.37305,2.34741,2.72705,2.39868,2.26562,31.7611,15.9007,18,683.663,648.756,25.9377,24.8239,30.0001,24.6282,24.5693,25.413,25.621,85.7112,-999.9,405,17.9035,100.391,100.757
23,mod,heat,06rec2,4.005,1.484946275,0.023025638,23,1750960335,3063.6,20250626 10:52:14,10:52:14,15,1750960327,0.00053249,0.532490026,2.224638614,403.1473667,290.7812638,29.46462055,40.85058311,0.034495338,3,0.03427649,0.021442353,161.9067939,27.25757334,26.27351667,3.429257945,54.70088504,1.896463344,3.466970127,1.532794602,-23.48281015,29.97615024,2.142762748,170.5428967,2.224638614,0.532490026,2.192054536,412.5522309,410.8739273,0.001046599,66.94903897,0.612604961,18.32923047,18.76818606,0.002946011,79.3777404,124,15,1,0,53639.37341,999.9470333,841.155118,0.841199674,0.16191537,6,0.5,1: Needles,2,FALSE,1750960327,403.1473667,404.9768667,18.71587,18.32397333,401.9183667,18.57487,799.9925333,101.2291333,0.100024413,26.45885667,26.27351667,999.9,0,0,10003.02233,0,0.00152894,-1.802723667,410.8682333,412.5361667,0.402276467,404.9768667,18.32397333,1.895641,1.854919667,16.59855667,16.25744333,999.9470333,0.960009533,0.039990227,0,1.257666667,0,4860.644667,7946.529333,35.25393333,38.38306667,36.60603333,37.39556667,35.83516667,959.96,39.987,0,1750960352,0,1750960355,10:52:34,1750960351,1750960355,23,-0.026,0.004,1.229,0.141,405,18,0.25,0.19,-1.761512,-0.600261388,0.068485239,0,0.374126775,0.463903441,0.045523484,0,0,2,0/2,3.45041,2.78126,0.0969269,0.0974502,0.0999375,0.0977928,27180.5,30935.7,29236.8,34866.3,30438.1,39043.2,35999.6,46143.1,2.31842,2.2262,0.100601,0,24.6283,999.9,64.2,26.4,21.9121,61.4047,25.5048,2,-0.21765,0,20.2961,5.2122,11.968,4.99115,3.272,3152.7,9999,9999,999.9,4.97263,1.86279,1.86462,1.86309,1.86299,1.86356,1.86005,1.86285,0,0,0,0,11111111,oooooooo,on,on,on,on,0,100,100,1.229,0.141,1.538650096,-0.001033731,9.12024E-07,-2.25E-10,-0.11097184,-0.018148581,0.00209196,-1.91E-05,2,2210,1,26,1.4,3.3,1.26831,2.37183,2.34741,2.72461,2.39868,2.2583,31.8488,15.892,18,665.456,648.747,25.9208,24.8194,29.9999,24.6406,24.5817,25.4258,23.6836,85.7806,-999.9,405,18.3299,100.397,100.763
24,mod,heat,06rec2,2.942,2.116310136,0.021937636,24,1750960467,3196.1,20250626 10:54:27,10:54:27,15,1750960459,0.000725337,0.725336857,4.316064179,401.5307667,237.7354703,24.08840864,40.68487206,0.04474025,3,0.044372852,0.02776579,161.9171938,27.15796354,26.64234,3.504660725,54.74928128,1.892482127,3.456633735,1.612178599,-31.98735541,-37.86347584,-2.710884262,89.35547829,4.316064179,0.725336857,4.278069942,412.5021846,409.2314,0.000850525,66.9523351,0.760802061,18.14789649,18.70760121,5.72301E-05,79.29769031,48,6,1,0,53631.19719,1000.0024,841.2024361,0.841200417,0.161916805,6,0.5,1: Needles,2,FALSE,1750960459,401.5307667,404.9863,18.67745333,18.14360333,400.3237667,18.54445333,799.9881,101.2243667,0.100053363,26.40823333,26.64234,999.9,0,0,10000.16067,0,0.00152894,-3.432133333,409.2057,412.4699333,0.5549891,404.9863,18.14360333,1.892752667,1.836575,16.57459667,16.10159333,1000.0024,0.959987233,0.040013027,0,0.650166667,0,5451.363,7946.890667,36.8622,41.1122,38.32066667,40.27893333,37.37886667,959.9883333,40.014,0,1750960484,0,1750960489,10:54:49,1750960484,1750960489,24,-0.022,-0.001,1.207,0.133,405,18,0.27,0.21,-3.43574,-0.00538662,0.024170375,1,0.552834976,0.034062857,0.003533028,1,2,2,2-Feb,3.45009,2.78044,0.096643,0.0974502,0.0996978,0.0970997,27194.3,30940.7,29242.2,34871.6,30452.2,39079.9,36006.8,46151.1,2.43727,2.2268,0.132062,0,24.4882,999.9,64.2,26.5,22.0429,61.7547,25.5569,2,-0.224062,0,20.2956,5.20935,11.968,4.9903,3.27132,3156.6,9999,9999,999.9,4.97263,1.86279,1.86461,1.86306,1.86301,1.86357,1.86005,1.86286,0,0,0,0,11111111,oooooooo,on,on,on,on,0,100,100,1.207,0.133,1.512442016,-0.001033731,9.12024E-07,-2.25E-10,-0.107004574,-0.018148581,0.00209196,-1.91E-05,2,2210,1,26,1.9,1.9,1.26831,2.37549,2.34741,2.72095,2.39868,2.27295,31.8707,15.8745,18,757.32,648.706,25.8617,24.7489,29.9997,24.5896,24.5385,25.4296,24.9906,85.7806,-999.9,405,18.1059,100.416,100.779
25,mod,heat,06rec2,5.3,2.953133564,0.107071687,25,1750960570,3298.6,20250626 10:56:09,10:56:09,15,1750960562,0.001767066,1.767065814,3.343170072,401.9752333,348.0834466,35.26770394,40.7280026,0.12121323,3,0.118556695,0.074331765,161.9188191,26.82713662,25.94783,3.363855897,54.97372493,1.892879957,3.443244858,1.47097594,-77.92760238,63.8264168,4.552358857,152.3699924,3.343170072,1.767065814,3.408004197,412.1708883,409.571,-0.000386699,66.95197169,1.748351497,17.37978463,18.66676061,-4.86E-05,79.30436502,22,3,1,0,53644.31439,1000.016467,841.213931,0.841200079,0.161916153,6,0.5,1: Needles,2,FALSE,1750960562,401.9752333,405.0153333,18.68225333,17.38172,400.7362333,18.53009667,800.0039667,101.2195667,0.100114807,26.34246333,25.94783,999.9,0,0,10000.91433,0,0.00152894,-3.071131,409.5964333,412.1797,1.300529,405.0153333,17.38172,1.891009,1.759370667,16.56009333,15.43041333,1000.016467,0.959996833,0.040003197,0,1.9035,0,5401.444667,7947.039333,37.50393333,41.17896667,38.9435,40.6831,37.8456,960.014,40.00333333,0,1750960587,0,1750960587,10:56:26,1750960587,1750960489,25,0.032,-0.001,1.239,0.133,405,18,0.4,0.21,-3.05425122,-0.310649686,0.034669572,0,1.325353171,-0.390962927,0.041281251,0,0,2,0/2,3.44978,2.78144,0.0967212,0.0974502,0.0995563,0.0941486,27195.1,30943.9,29245.5,34875,30461,39212.7,36011.7,46157,2.47633,2.22525,0.0867844,0,24.5755,999.9,64.1,26.6,22.1371,61.5447,25.641,2,-0.229634,0,20.2943,5.2116,11.968,4.99125,3.272,3159.8,9999,9999,999.9,4.97264,1.86279,1.86461,1.86307,1.86305,1.86356,1.86005,1.86286,0,0,0,0,11111111,oooooooo,on,on,on,on,0,100,100,1.239,0.1515,1.490302457,-0.001033731,9.12024E-07,-2.25E-10,-0.108407828,-0.018148581,0.00209196,-1.91E-05,2,2210,1,26,1.4,1.3,1.26709,2.37183,2.34741,2.71729,2.39868,2.29004,31.8927,15.8569,18,789.105,646.88,25.8399,24.6733,30.0001,24.5339,24.4911,25.418,28.2212,85.4077,-999.9,405,17.3861,100.429,100.791
26,mod,heat,06rec2,2.782,-0.158019454,-0.001114029,26,1750960707,3435.6,20250626 10:58:26,10:58:26,15,1750960699,-3.76E-05,-0.037618404,-0.340803999,405.2571613,171.1741057,17.34303216,41.05987849,-0.00240265,3,-0.002403719,-0.001502228,161.9106658,27.48101753,26.40770645,3.456526297,54.92071906,1.912905988,3.483031578,1.543620309,1.658971615,20.95315966,1.499374992,186.0221721,-0.340803999,-0.037618404,-0.458488346,412.8309769,413.1878242,-0.001870784,66.9505425,0.012992931,18.91813454,18.91532303,0.003071188,79.33052507,29,4,1,0,53651.34539,999.9701935,841.1746636,0.841199737,0.161915492,6,0.5,1: Needles,2,FALSE,1750960699,405.2571613,404.990129,18.88020323,18.90788387,404.0751613,18.71320323,800.0137419,101.2182903,0.099792161,26.53725806,26.40770645,999.9,0,0,10009.2,0,0.00152894,0.323702032,413.1104194,412.7951935,-0.035221274,404.990129,18.90788387,1.910259032,1.913823548,16.71946129,16.74883871,999.9701935,0.960007742,0.039992461,0,1.521774194,0,4229.508387,7946.704194,35.62064516,38.31032258,36.89283871,37.49970968,36.07645161,959.9793548,39.99,0,1750960724,0,1750960722,10:58:42,1750960722,1750960722,26,-0.056,0.005,1.182,0.167,405,19,0.38,0.2,0.321818625,0.136875501,0.029190357,0,-0.053671198,0.403162461,0.04049715,0,0,2,0/2,3.45047,2.7802,0.0973502,0.0974588,0.100488,0.10002,27174.8,30941.2,29244,34872.2,30427.9,38955.7,36010.3,46154,2.46665,2.22652,0.104651,0,24.7703,999.9,64.1,26.7,22.2685,61.5547,25.5649,2,-0.227205,0,20.2938,5.20756,11.968,4.98895,3.27125,3164,9999,9999,999.9,4.97264,1.86279,1.86462,1.86308,1.86309,1.86359,1.86005,1.86291,0,0,0,0,11111111,oooooooo,on,on,on,on,0,100,100,1.182,0.167,1.522293298,-0.001033731,9.12024E-07,-2.25E-10,-0.108407828,-0.018148581,0.00209196,-1.91E-05,2,2210,1,26,2,3.6,1.26953,2.37183,2.34741,2.71606,2.39868,2.28027,32.0024,15.8307,18,781.079,648.063,25.8625,24.6847,30.0002,24.5441,24.504,25.4548,22.1649,85.041,-999.9,405,18.8493,100.424,100.784
27,mod,heat,06rec2,2.803,2.392267191,0.036654128,27,1750960830,3558.6,20250626 11:00:29,11:00:29,15,1750960822,0.001212242,1.212242014,5.120800267,400.7902,286.4665008,29.02503566,40.60841256,0.078460496,3,0.077338086,0.04843581,161.9171634,27.15725622,26.40621333,3.456221846,54.85933258,1.91011729,3.48184566,1.546104555,-53.4598728,20.2601296,1.449730051,130.1671502,5.120800267,1.212242014,5.128068483,412.38491,408.4707576,-0.000660612,66.94868867,1.272236723,17.95605535,18.89227818,-1.73E-05,79.38531131,3,0,1,0,53604.90751,1000.000167,841.200729,0.841200589,0.161917136,6,0.5,1: Needles,2,FALSE,1750960822,400.7902,404.9952,18.85216,17.96011667,399.5872,18.73016,799.9983333,101.2209667,0.099905343,26.53148,26.40621333,999.9,0,0,9999.689667,0,0.00152894,-4.223852,408.49,412.4020667,0.935379333,404.9952,17.96011667,1.912618333,1.817938,16.73891333,15.94189,1000.000167,0.9599815,0.040018217,0,3.146166667,0,6740.108667,7946.851667,36.43736667,40.32466667,37.8747,39.32056667,36.9477,959.9813333,40.01966667,0,1750960847,0,1750960848,11:00:48,1750960848,1750960847,27,0.021,-0.007,1.203,0.122,405,18,0.41,0.09,-4.20733775,-0.286061651,0.032196745,0,0.93674605,-0.024393051,0.003395062,1,1,2,2-Jan,3.45004,2.78085,0.0965042,0.0974438,0.100373,0.0963549,27198.1,30939.5,29241.8,34870,30429.6,39112.7,36007.5,46151.7,2.5028,2.22272,0.097096,0,24.8235,999.9,64.1,26.8,22.4003,61.8547,25.5889,2,-0.223999,0,20.2962,5.2131,11.968,4.9909,3.272,3167.9,9999,9999,999.9,4.9726,1.86279,1.86462,1.86309,1.8631,1.86357,1.86006,1.86292,0,0,0,0,11111111,oooooooo,on,on,on,on,0,100,100,1.203,0.122,1.465944456,-0.001033731,9.12024E-07,-2.25E-10,-0.103219108,-0.018148581,0.00209196,-1.91E-05,2,2210,1,26,1.8,1.8,1.26831,2.36816,2.34741,2.71606,2.39868,2.28149,32.0684,15.8219,18,812.425,645.328,25.9028,24.7303,30.0001,24.5759,24.5305,25.4418,26.7995,85.0409,-999.9,405,17.9017,100.417,100.778
28,mod,heat,06rec2,4.335,4.034770172,0.04890724,28,1750961011,3740,20250626 11:03:31,11:03:31,15,1750961003,0.001006666,1.006666123,5.584456986,400.4949333,259.149858,26.25624052,40.57687462,0.067691681,3,0.066854459,0.041858395,161.9126346,27.21858434,26.07055667,3.388371917,54.61489437,1.902620868,3.483703282,1.485751049,-44.39397605,76.01160704,5.430182381,198.960448,5.584456986,1.006666123,5.551889277,412.4456114,408.2057939,-0.000159304,66.95020694,1.066728993,18.06522007,18.83459152,0.0038741,79.2913667,316,39,1,0,53605.26426,999.9785667,841.1820247,0.841200054,0.161916105,6,0.5,1: Needles,2,FALSE,1750961003,400.4949333,404.9856,18.77892333,18.03811,399.3329333,18.64592333,800.0088333,101.2166667,0.1001572,26.54053,26.07055667,999.9,0,0,10000.517,0,0.001535629,-4.447380667,408.2128667,412.4250333,0.762426733,404.9856,18.03811,1.902930333,1.825760667,16.65897333,16.00908333,999.9785667,0.959998067,0.04000198,0,0.518333333,0,5308.969,7946.743667,36.97893333,40.00393333,38.32053333,39.45806667,37.3622,959.9786667,40.001,0,1750961029,0,1750961032,11:03:51,1750961032,1750961030,28,-0.041,0.006,1.162,0.133,405,18,0.47,0.08,-4.4407765,-0.183198574,0.029515469,0,0.7647788,-0.071911024,0.010888391,1,1,2,2-Jan,3.45021,2.78088,0.0964655,0.0974491,0.100196,0.0968009,27202.8,30942.6,29245.4,34873.4,30440.2,39098.1,36013.1,46157.5,1.9778,2.2236,0.0943057,0,24.5441,999.9,63.7,26.9,22.3925,62.0448,25.7572,2,-0.229093,0,20.2945,5.211,11.968,4.99115,3.272,3173.4,9999,9999,999.9,4.97262,1.86279,1.86461,1.86305,1.86304,1.86356,1.86005,1.86292,0,0,0,0,11111111,oooooooo,on,on,on,on,0,100,100,1.162,0.133,1.486923076,-0.001033731,9.12024E-07,-2.25E-10,-0.1105523,-0.018148581,0.00209196,-1.91E-05,2,2210,1,26,2.7,2.7,1.26953,2.37549,2.34741,2.71851,2.39868,2.28027,31.9365,15.7869,18,448.872,645.511,25.838,24.6705,30,24.5424,24.4876,25.4579,26.0776,84.6688,-999.9,405,18.1118,100.431,100.789
29,mod,control,06rec2,2.779,1.832165587,0.009652515,29,1750961165,3893.5,20250626 11:06:04,11:06:04,15,1750961157,0.000288652,0.288651587,3.955737143,401.9339032,91.74270733,9.292679736,40.71215192,0.020840262,3,0.020760167,0.012982275,161.9120201,26.96586863,25.31553226,3.239986815,54.99250817,1.867135572,3.395254434,1.372851243,-12.729535,127.6644855,9.065901071,285.9128717,3.955737143,0.288651587,3.842583917,412.4920321,409.5506242,0.001605491,66.95280814,0.269843868,18.21833388,18.41726061,-5.86E-05,79.24560463,799,100,1,0,53672.17838,999.9750645,841.1790541,0.84120003,0.161916058,6,0.5,1: Needles,2,FALSE,1750961157,401.9339032,404.9882581,18.43344194,18.22090645,400.7919032,18.29244194,799.859129,101.2105806,0.08008329,26.10487097,25.31553226,999.9,0,0,9998.975484,0,0.00152894,-3.032758065,409.5062581,412.5044516,0.217805,404.9882581,18.22090645,1.866193871,1.84415,16.35253871,16.1661129,999.9750645,0.959998935,0.040000958,0,1.953870968,0,5570.934516,7946.714839,35.74367742,39.09051613,37.12077419,37.90096774,36.22348387,959.9751613,40,0,1750961182,0,1750961185,11:06:24,1750961185,1750961183,29,-0.021,0.003,1.142,0.141,405,18,0.25,0.25,-3.073316341,0.73455324,0.07682079,0,0.226326854,-0.144669178,0.014293841,0,0,2,0/2,3.45016,2.76195,0.096724,0.0974669,0.0985785,0.097382,27199.4,30946.5,29249.9,34878,30501,39078.6,36019.4,46164.4,0.288125,2.2257,0.0702292,0,24.2232,999.9,63.5,26.9,22.3251,61.7448,24.7957,2,-0.236118,0,20.2968,5.21519,11.968,4.9914,3.272,3178.3,9999,9999,999.9,4.97261,1.86278,1.86455,1.86297,1.86301,1.86356,1.86005,1.86287,0,0,0,0,11111111,oooooooo,on,on,on,on,0,100,100,1.142,0.141,1.445857706,-0.001033731,9.12024E-07,-2.25E-10,-0.10491186,-0.018148581,0.00209196,-1.91E-05,2,2210,1,26,2.2,2.2,1.26953,2.37427,2.34741,2.71362,2.39868,2.28149,31.7611,15.7694,18,-1.94559,646.158,25.6866,24.5816,29.9997,24.6082,24.4018,25.4693,25.404,84.2981,-999.9,405,18.2769,100.447,100.804
30,mod,control,06rec2,6,9.979423451,0.287224931,30,1750961305,4033.5,20250626 11:08:24,11:08:24,15,1750961297,0.003750867,3.750867227,9.979423451,396.4005806,330.3497411,33.46557758,40.15675732,0.287224931,3,0.272775285,0.171722199,161.9123596,26.2581359,25.29669355,3.23635823,54.76375605,1.878525284,3.430234556,1.357832946,-165.4132447,158.7673618,11.28339254,166.5498693,9.979423451,3.750867227,10.06762878,411.4634165,403.7895091,0.00061676,66.95069523,3.7663613,15.7770197,18.54917939,5.37198E-05,79.32898953,312,39,1,0,53658.92877,999.9804516,841.1833097,0.841199754,0.161915525,6,0.5,1: Needles,2,FALSE,1750961297,396.4005806,405.0002903,18.54354194,15.78255484,395.1535806,18.39037097,799.9992903,101.2034516,0.100025935,26.27833871,25.29669355,999.9,0,0,10003.18129,0,0.0015536,-8.701327097,403.7865484,411.4947097,2.76098,405.0002903,15.78255484,1.876667419,1.597248387,16.44045484,13.93227742,999.9804516,0.960006645,0.039993519,0,1.644193548,0,10875.11613,7946.784839,37.30629032,41.40303226,38.76990323,40.70741935,37.75167742,959.9883871,39.99096774,0,1750961322,0,1750961324,11:08:43,1750961324,1750961183,30,0.106,0.003,1.247,0.141,405,18,0.17,0.25,-8.68290575,-0.248515835,0.040618366,0,2.75837075,0.076871707,0.011664286,1,1,2,2-Jan,3.44903,2.78083,0.0957228,0.097459,0.0991256,0.0879142,27235.4,30954,29255.8,34885.8,30488.9,39499.6,36027.8,46176.8,1.98765,2.2217,0.0680909,0,24.2283,999.9,63.6,26.9,22.3603,61.7848,26.0256,2,-0.245086,0,20.2963,5.21175,11.968,4.9908,3.27163,3182.4,9999,9999,999.9,4.97263,1.86276,1.86455,1.86298,1.86298,1.86356,1.86005,1.8629,0,0,0,0,11111111,oooooooo,on,on,on,on,0,100,100,1.247,0.1534,1.425286806,-0.001033731,9.12024E-07,-2.25E-10,-0.101855471,-0.018148581,0.00209196,-1.91E-05,2,2210,1,26,2,2,1.26831,2.37915,2.34863,2.71851,2.39868,2.28271,31.6298,15.7431,18,452.686,641.712,25.6288,24.4594,30,24.3475,24.2993,25.4326,34.4302,82.574,-999.9,405,15.8974,100.469,100.829
31,mod,control,06rec2,3.715,2.145148176,0.025525809,31,1750961428,4156.5,20250626 11:10:27,11:10:27,15,1750961420,0.00064079,0.64079002,3.464573098,402.1945161,258.5843148,26.19585691,40.7442733,0.041226071,3,0.040913905,0.02559904,161.9190289,27.16361192,26.30658065,3.435959288,54.75903903,1.891046387,3.453395861,1.544912901,-28.25883987,13.87173151,0.991416387,148.5233369,3.464573098,0.64079002,3.376260707,412.5120891,409.9270606,0.001739606,66.94881721,0.664930638,18.20283832,18.69164061,0.000141918,79.36401776,62,8,1,0,53638.53954,1000.017581,841.2148833,0.841200094,0.161916182,6,0.5,1: Needles,2,FALSE,1750961420,402.1945161,404.9862258,18.66688065,18.19526129,401.0005161,18.52288065,800.0033871,101.205,0.099895187,26.39234839,26.30658065,999.9,0,0,10003.03032,0,0.00152894,-2.737136774,409.9067097,412.4916129,0.486044387,404.9862258,18.19526129,1.890639355,1.841449677,16.55703871,16.14315484,1000.017581,0.959997452,0.040002681,0,2.12983871,0,5329.245161,7947.040645,36.87477419,39.73967742,38.17716129,39.14693548,37.24970968,960.0141935,40.00387097,0,1750961445,0,1750961447,11:10:47,1750961445,1750961447,31,-0.054,0.004,1.194,0.144,405,18,0.38,0.16,-2.747903902,0.005316167,0.038913567,1,0.47934361,0.096884718,0.014387937,1,2,2,2-Feb,3.45013,2.78107,0.0968164,0.0974887,0.0996638,0.0973539,27200,30949.4,29253.2,34881.6,30467.7,39085.2,36024.5,46170.9,2.42158,2.22675,0.1017,0,24.6438,999.9,63.7,26.9,22.396,61.7848,25.7532,2,-0.243333,0,20.2945,5.2113,11.968,4.9909,3.27192,3186.3,9999,9999,999.9,4.97258,1.86277,1.86455,1.86297,1.86298,1.86356,1.86005,1.86282,0,0,0,0,11111111,oooooooo,on,on,on,on,0,100,100,1.194,0.144,1.530947348,-0.001033731,9.12024E-07,-2.25E-10,-0.101855471,-0.018148581,0.00209196,-1.91E-05,2,2210,1,26,1.7,4.1,1.27075,2.37427,2.34863,2.7124,2.39868,2.24976,31.6736,15.7169,18,741.14,645.7,25.6782,24.4676,30.0002,24.3353,24.2948,25.4836,25.6666,81.4546,-999.9,405,18.133,100.46,100.816
32,mod,control,06rec2,5.648,8.130851906,0.151696991,32,1750961588,4317,20250626 11:13:08,11:13:08,15,1750961580,0.002162977,2.16297679,8.637590552,397.8784194,302.2234072,30.61591532,40.30598459,0.161151194,3,0.156491924,0.098214849,161.9170239,26.52122216,25.28907742,3.234892271,54.97171766,1.870006785,3.401761604,1.364885486,-95.38727645,137.1813448,9.742019325,213.4531116,8.637590552,2.16297679,8.509670436,411.941822,405.4333818,0.004790435,66.94949289,2.156726353,16.86875453,18.45664909,-2.74E-05,79.35592609,350,44,1,0,53669.21919,1000.012613,841.2100824,0.841199472,0.161914982,6,0.5,1: Needles,2,FALSE,1750961580,397.8784194,405.0024839,18.45967419,16.86729355,396.7194194,18.30575161,799.9528065,101.2020645,0.100199271,26.13725806,25.28907742,999.9,0,0,10000.40677,0,0.00152894,-7.085876452,405.4000968,411.9508065,1.59238,405.0024839,16.86729355,1.868157097,1.707005484,16.36905806,14.96027419,1000.012613,0.960016032,0.039983523,0,0.750806452,0,7728.710645,7947.065806,36.08445161,39.62883871,37.51390323,38.33045161,36.54203226,960.0293548,39.98290323,0,1750961605,0,1750961605,11:13:25,1750961605,1750961447,32,-0.035,0.004,1.159,0.144,405,18,0.16,0.16,-7.08042375,0.00960349,0.027179561,1,1.59054025,0.011751782,0.004385454,1,2,2,2-Feb,3.44939,2.78167,0.0960464,0.097502,0.0987854,0.0922135,27229,30956.5,29259.1,34889.8,30504.8,39318.3,36033,46183.1,1.91085,2.22555,0.0625737,0,24.233,999.9,63.8,27,22.5638,61.9148,26.0016,2,-0.252152,0,20.2963,5.2125,11.968,4.991,3.272,3191.1,9999,9999,999.9,4.97261,1.86279,1.86459,1.86301,1.863,1.86356,1.86005,1.8629,0,0,0,0,11111111,oooooooo,on,on,on,on,0,100,100,1.159,0.1538,1.477682249,-0.001033731,9.12024E-07,-2.25E-10,-0.097784018,-0.018148581,0.00209196,-1.91E-05,2,2210,1,26,2.4,2.4,1.26953,2.38281,2.34741,2.7124,2.39868,2.29614,31.8049,15.6993,18,412.012,643.472,25.5321,24.3637,29.9996,24.248,24.1906,25.4526,30.77,79.9494,-999.9,405,16.9058,100.483,100.842
33,mod,control,06rec2,4.733,0.286645054,0.045343562,33,1750961746,4474.5,20250626 11:15:45,11:15:45,15,1750961738,0.000843014,0.843014194,0.363378476,404.4820667,384.9291334,38.99200162,40.97264673,0.057481803,3,0.056876873,0.035601866,161.9104502,26.83275146,25.76942,3.328492857,54.92115002,1.865594158,3.396859238,1.462898699,-37.17692594,55.54715096,3.953747692,184.2344229,0.363378476,0.843014194,0.390069243,412.3699938,412.0706242,0.000446519,66.94931727,0.866474316,17.79527544,18.43317818,-8.00E-06,79.35399243,541,68,1,0,53701.39027,999.9616,841.1680439,0.841200346,0.161916668,6,0.5,1: Needles,2,FALSE,1750961738,404.4820667,405.0103333,18.41715,17.79654,403.3000667,18.28715,800.008,101.1965667,0.100005177,26.11286333,25.76942,999.9,0,0,10006.37333,0,0.00152894,-0.551278733,412.0577,412.3487667,0.6438117,405.0103333,17.79654,1.866098333,1.800947,16.35173333,15.79500667,999.9616,0.959988267,0.04001201,0,3.639166667,0,5483.434,7946.568667,37.74136667,41.73303333,39.14143333,41.0935,38.11436667,959.9516667,40.01,0,1750961763,0,1750961763,11:16:03,1750961763,1750961763,33,0.024,0,1.182,0.13,405,18,0.33,0.15,-0.559967098,0.10370931,0.025563208,0,0.62353422,0.257028774,0.041443032,0,0,2,0/2,3.45,2.78078,0.0972709,0.0975302,0.0987119,0.0958217,27196.8,30958.2,29263.7,34892.2,30512.6,39165,36039.5,46187,1.45425,2.2287,0.106327,0,24.0463,999.9,63.7,27,22.5295,62.1448,26.0296,2,-0.260066,0,20.2963,5.21325,11.968,4.99155,3.272,3196,9999,9999,999.9,4.97262,1.86279,1.8646,1.86297,1.86298,1.86356,1.86005,1.86287,0,0,0,0,11111111,oooooooo,on,on,on,on,0,100,100,1.182,0.13,1.44232999,-0.001033731,9.12024E-07,-2.25E-10,-0.097784018,-0.018148581,0.00209196,-1.91E-05,2,2210,1,26,2.3,5,1.26953,2.38159,2.34741,2.71118,2.39868,2.24854,31.783,15.6643,18,226.902,644.776,25.3964,24.2413,30,24.1566,24.0906,25.4659,27.2937,78.077,-999.9,405,17.7884,100.5,100.849
34,mod,control,06rec2,3.876,0.084440185,0.018453744,34,1750961907,4635.5,20250626 11:18:26,11:18:26,15,1750961899,0.000420674,0.42067424,0.130712361,404.7761667,388.0392867,39.30726697,41.00266492,0.028566167,3,0.028415909,0.017773377,161.9133467,26.95146558,25.70213,3.315239743,54.54016944,1.853881026,3.399111233,1.461358717,-18.551734,68.24342696,4.856080193,216.4611199,0.130712361,0.42067424,0.025524711,412.4055399,412.3845818,0.000429434,66.95261585,0.422869778,17.99202798,18.30347333,-1.64E-05,79.2478274,799,100,1,0,53657.77807,999.9883333,841.18979,0.841199604,0.161915236,6,0.5,1: Needles,2,FALSE,1750961899,404.7761667,405.0019333,18.30141667,17.99165333,403.6331667,18.16241667,799.9177333,101.1904667,0.106665667,26.12407333,25.70213,999.9,0,0,9998.919333,0,0.00152894,-0.1860799,412.3667667,412.4220667,0.3195454,405.0019333,17.99165333,1.852920333,1.820585667,16.24051667,15.96465,999.9883333,0.960012667,0.039987333,0,1.443166667,0,4583.105667,7946.864,35.76226667,38.3435,37.04973333,37.54973333,36.20806667,960.002,39.98633333,0,1750961924,0,1750961925,11:18:45,1750961925,1750961923,34,-0.04,0.002,1.143,0.139,405,18,0.27,0.16,-0.205423725,0.341329902,0.039481919,0,0.32426875,-0.093523475,0.009127223,1,1,2,2-Jan,3.44995,2.7883,0.0973114,0.0975423,0.0981936,0.0965717,27196.1,30957.9,29264.1,34892.2,30531,39133.1,36040.3,46187.8,0.288,2.2295,0.092186,0,24.1719,999.9,63.5,27.1,22.5931,62.0948,26.4904,2,-0.261458,0,20.2944,5.21444,11.968,4.9914,3.272,3201.2,9999,9999,999.9,4.97261,1.86279,1.8646,1.86296,1.86296,1.86356,1.86005,1.8628,0,0,0,0,11111111,oooooooo,on,on,on,on,0,100,100,1.143,0.139,1.466007094,-0.001033731,9.12024E-07,-2.25E-10,-0.09731381,-0.018148581,0.00209196,-1.91E-05,2,2210,1,26,2.4,2.4,1.26953,2.37183,2.34741,2.7124,2.39868,2.29126,31.7611,15.6381,18,-1.96041,644.846,25.3815,24.21,30.0001,24.2357,24.0438,25.4735,26.7093,76.9492,-999.9,405,17.9394,100.501,100.85
35,mod,control,06rec2,6,8.304375783,0.141828947,35,1750962025,4754,20250626 11:20:25,11:20:25,15,1750962017,0.001926448,1.926448327,8.304375783,398.1930968,294.7083713,29.85190865,40.33419173,0.141828947,3,0.138206477,0.086696806,161.915324,26.54805132,25.28090968,3.233320782,54.69368014,1.856881576,3.395056927,1.376439205,-84.95637123,133.1050759,9.450567863,219.5145966,8.304375783,1.926448327,8.433571256,412.0001017,405.569497,-0.001008308,66.94925084,1.949055499,16.91365011,18.34770485,0.000229186,79.35975497,293,37,1,0,53700.24184,1000.002903,841.2018484,0.841199406,0.161914854,6,0.5,1: Needles,2,FALSE,1750962017,398.1930968,404.9967419,18.33177742,16.91341935,396.9550968,18.17992903,799.9953548,101.1930968,0.099949374,26.1038871,25.28090968,999.9,0,0,10006.19484,0,0.00152894,-6.896064839,405.5347742,411.9643548,1.41836129,404.9967419,16.91341935,1.855048387,1.71152129,16.25852903,15.00131613,1000.002903,0.960018161,0.039981823,0,1.806935484,0,8074.697097,7947.000323,36.42522581,40.14896774,37.91309677,39.03603226,36.85651613,960.0225806,39.98032258,0,1750962043,0,1750962042,11:20:42,1750962042,1750961923,35,0.095,0.002,1.238,0.139,405,18,0.17,0.16,-6.899028,0.059139512,0.027670161,1,1.422004,0.000472795,0.019118175,1,2,2,2-Feb,3.44946,2.78043,0.0961124,0.097534,0.0983892,0.0924153,27229.4,30956.9,29261.3,34890.9,30521.1,39312.5,36036.6,46186.7,2.02752,2.22605,0.0698455,0,24.1766,999.9,63.5,27.1,22.589,61.6848,25.9415,2,-0.258491,0,20.2953,5.20741,11.968,4.99015,3.27125,3204.8,9999,9999,999.9,4.97265,1.86279,1.86462,1.86302,1.86302,1.86356,1.86005,1.86292,0,0,0,0,11111111,oooooooo,on,on,on,on,0,100,100,1.238,0.1525,1.426152219,-0.001033731,9.12024E-07,-2.25E-10,-0.094929679,-0.018148581,0.00209196,-1.91E-05,2,2210,1,26,1.7,1.7,1.26953,2.36938,2.34741,2.71118,2.39868,2.2998,31.8269,15.6293,18,472.692,642.287,25.3754,24.2384,30.0003,24.1093,24.0603,25.4506,30.5434,75.7881,-999.9,405,16.973,100.491,100.848
36,mod,control,06rec2,2.543,2.05641066,0.02524234,36,1750962147,4875.5,20250626 11:22:26,11:22:26,15,1750962139,0.000832637,0.832636996,4.851932347,401.0957667,262.032331,26.54210911,40.6282979,0.059557232,3,0.058908095,0.036875292,161.9160593,26.95321817,25.43696667,3.263462114,54.61021973,1.867996959,3.420599602,1.395465155,-36.71929151,128.3774109,9.127853438,262.7020322,4.851932347,0.832636996,4.646647492,412.3530768,408.7081091,0.028408801,66.94650721,0.89516282,17.82799152,18.48523212,0.000429087,79.50968221,6,1,1,0,53613.22614,999.9967333,841.1975569,0.841200305,0.161916588,6,0.5,1: Needles,2,FALSE,1750962139,401.0957667,404.9852667,18.44147333,17.8285,399.9007667,18.30747333,799.9845,101.1933333,0.09992698,26.23071333,25.43696667,999.9,0,0,9993.682333,0,0.00152894,-3.845192333,408.6862333,412.3367,0.635815233,404.9852667,17.8285,1.868464,1.804124333,16.37162333,15.82256667,999.9967333,0.9599889,0.04001135,0,1.531333333,0,4251.827667,7946.849333,37.76426667,41.8477,39.30816667,41.12466667,38.1331,959.986,40.01,0,1750962164,0,1750962170,11:22:50,1750962170,1750962165,36,-0.042,0,1.195,0.134,405,18,0.27,0.11,-3.8317325,-0.31619212,0.042948157,0,0.631188325,0.139245445,0.015768915,0,0,2,0/2,3.44993,2.78093,0.0966476,0.0975314,0.0989028,0.0959548,27210.7,30953.9,29258.6,34887.7,30500.7,39155.6,36033.1,46182.7,2.50605,2.22675,0.067994,0,24.3857,999.9,63.5,27.2,22.7242,61.8548,25.9014,2,-0.254799,0,20.2959,5.2122,11.968,4.9911,3.272,3208.3,9999,9999,999.9,4.97263,1.86279,1.86462,1.86307,1.86307,1.86357,1.86006,1.86293,0,0,0,0,11111111,oooooooo,on,on,on,on,0,100,100,1.195,0.134,1.521241914,-0.001033731,9.12024E-07,-2.25E-10,-0.094929679,-0.018148581,0.00209196,-1.91E-05,2,2210,1,26,1.7,3.7,1.26953,2.37793,2.34741,2.71851,2.39868,2.26074,31.9805,15.603,18,808.869,643.313,25.4388,24.2973,30.0002,24.1414,24.0986,25.469,27.3159,74.6749,-999.9,405,17.8855,100.482,100.839
37,mod,control,06rec2,5.348,5.20442082,0.115260445,37,1750962268,4996.5,20250626 11:24:27,11:24:27,15,1750962260,0.001926087,1.926086857,5.838916403,400.0675,317.6159323,32.17185955,40.52351949,0.129312392,3,0.126293753,0.079198939,161.9163846,26.72254725,26.06146333,3.386550084,54.86331406,1.881940131,3.430234142,1.504609954,-84.94043039,35.07622544,2.502398964,114.5545787,5.838916403,1.926086857,5.880924391,412.0416052,407.557303,-0.000990071,66.94682093,1.920716598,17.15561046,18.57018848,-0.00019909,79.50333791,0,0,1,0,53597.76847,1000.0029,841.2023955,0.841199956,0.161915915,6,0.5,1: Needles,2,FALSE,1750962260,400.0675,405.0245667,18.57941,17.16169667,398.8445,18.41838667,800.0071333,101.1916,0.10010574,26.27833667,26.06146333,999.9,0,0,9992.514667,0,0.00152894,-4.982659667,407.6151333,412.0967333,1.417710333,405.0245667,17.16169667,1.880079333,1.736619667,16.46898,15.22767667,1000.0029,0.9600014,0.039998513,0,2.0615,0,5786.751667,7946.94,36.26846667,39.0456,37.62893333,38.13513333,36.66853333,960.0046667,39.99866667,0,1750962285,0,1750962285,11:24:44,1750962285,1750962165,37,0.028,0,1.223,0.134,405,18,0.38,0.11,-4.959069024,-0.353680767,0.046571814,0,1.426582195,-0.140369268,0.015906577,0,0,2,0/2,3.44954,2.78091,0.0964319,0.0975028,0.0992107,0.0933312,27216.9,30953.7,29258.4,34886.5,30490.1,39268.9,36033,46182,2.52385,2.22385,0.0979677,0,24.4953,999.9,63.5,27.2,22.7265,62.1148,25.8654,2,-0.253338,0,20.2941,5.2113,11.968,4.9909,3.272,3212.1,9999,9999,999.9,4.97265,1.86279,1.86462,1.8631,1.8631,1.86359,1.86006,1.86294,0,0,0,0,11111111,oooooooo,on,on,on,on,0,100,100,1.223,0.1607,1.478897515,-0.001033731,9.12024E-07,-2.25E-10,-0.095109028,-0.018148581,0.00209196,-1.91E-05,2,2210,1,26,1.6,1.7,1.26831,2.37061,2.34741,2.71118,2.39868,2.2644,32.1124,15.5768,18,824.779,641.37,25.5032,24.3213,30.0003,24.1691,24.1294,25.4548,30.3906,73.5491,-999.9,405,17.177,100.481,100.836
1,high,control,06rec7,3.006,2.47641061,0.024023955,1,1714757002,0,20240503 10:23:22,10:23:22,15,1714756994,0.000866004,0.866003833,4.942935349,397.5693548,222.361921,22.42578313,40.09591252,0.047952006,3,0.047530235,0.029743982,161.9100667,29.08548009,28.3657871,3.87651803,53.97994834,2.093362774,3.878037749,1.783155257,-38.19076902,1.090413677,0.079520236,124.8892315,4.942935349,0.866003833,3.688076037,410.4548046,407.3223758,0.09203122,66.95183598,1.261075451,20.13492543,21.03929455,0.005410258,79.26576664,88,11,1,0,53003.95174,999.9665806,841.1716171,0.841199729,0.161915478,6,0.5,1: Needles,2,FALSE,1714756994,397.5693548,401.5348065,20.75665161,20.12062581,396.4203548,20.92165161,799.9944194,100.7525806,0.100043013,28.37252903,28.3657871,999.9,0,0,9994.390645,0,0.00155884,-3.65018871,406.4160323,409.779871,0.871101129,401.5348065,20.12062581,2.114970645,2.027205484,18.33236129,17.65842581,999.9665806,0.960011355,0.039988613,0,3.930483871,0,7706.540323,7946.686774,36.48983871,39.423,37.687,38.93106452,36.937,959.9777419,39.98967742,0,1715091666,0,1714757025,10:23:45,1714757025,1714757021,1,-0.317,-0.214,1.149,-0.165,393,20,0.23,0.12,-3.22885675,-6.508325291,0.840217486,0,0.8606949,0.276182567,0.02723132,0,0,2,0/2,3.45147,2.78069,0.0949392,0.0957705,0.107566,0.103338,27105.2,30844.8,29102.1,34713.6,30013,38485.2,35793.8,45759.6,2.35553,2.18395,0.0522286,0,27.5629,999.9,77.2,24.3,23.3652,61.78,24.1787,2,0.0452591,0,20.2908,5.20561,11.9722,4.9894,3.27125,3273.7,9999,9999,999.9,4.97265,1.86264,1.86444,1.86294,1.86294,1.86343,1.85992,1.86279,0,0,0,0,11111111,oooooooo,on,on,on,on,0,100,100,1.149,-0.165,1.744764758,-0.001033731,9.12024E-07,-2.25E-10,-0.291115016,-0.018148581,0.00209196,-1.91E-05,2,2210,1,26,-606239.5,-606237.6,0.906982,2.35962,2.34863,2.76611,2.39868,2.2998,30.3294,14.7887,18,729.981,648.931,27.6654,28.0465,30.0011,27.6077,27.4984,18.2003,23.1154,88.9613,-999.9,405,20.2397,99.8727,100.096
2,high,control,06rec7,4.357,2.713112182,0.076738689,2,1714757090,88,20240503 10:24:50,10:24:50,15,1714757082,0.001939921,1.939920567,3.736211405,398.7476774,330.3462461,33.31526771,40.21352076,0.105676414,3,0.103651119,0.064960681,161.9129796,29.21367909,28.88603548,3.99532687,54.554406,2.165492773,3.969418663,1.829834097,-85.55049701,-18.16086588,-1.330495053,56.87112168,3.736211405,1.939920567,6.936588619,408.7095387,404.2313879,-0.247260071,66.9510069,1.964455911,20.1138562,21.51927212,0.009090847,79.2785389,82,10,1,0,52932.64915,999.9773226,841.1812613,0.841200338,0.161916651,6,0.5,1: Needles,2,FALSE,1714757082,398.7476774,402.1298387,21.47250968,20.04887419,397.6156774,21.5862871,800.0358065,100.7488387,0.100703581,28.77374839,28.88603548,999.9,0,0,9994.613871,0,0.00157826,-3.367130968,407.5130323,410.357,1.423635484,402.1298387,20.04887419,2.163329355,2.019898387,18.69329355,17.60113548,999.9773226,0.95998729,0.040012413,0,1.697258065,0,10221.07742,7946.692903,36.395,39.19919355,37.562,38.61077419,36.875,959.9664516,40.01032258,0,1715091754,0,1714757107,10:25:07,1714757107,1714757021,2,-0.015,-0.214,1.132,-0.165,396,20,0.24,0.12,-3.511056829,-1.005007317,0.87417191,0,1.454413902,-0.603837282,0.06117875,0,0,2,0/2,3.45161,2.78129,0.0942975,0.0954114,0.109895,0.103243,27113.3,30846.7,29091,34703.2,29923.1,38477.9,35779.9,45745.6,2.359,2.17613,0.0605807,0,27.9433,999.9,77.4,24.6,23.849,62.04,24.0825,2,0.0643623,0,20.2914,5.21025,11.9724,4.9894,3.272,3276.2,9999,9999,999.9,4.97265,1.86266,1.86447,1.86295,1.86295,1.86347,1.85997,1.86279,0,0,0,0,11111111,oooooooo,on,on,on,on,0,100,100,1.132,-0.1114,1.427995861,-0.001033731,9.12024E-07,-2.25E-10,-0.504815142,-0.018148581,0.00209196,-1.91E-05,2,2210,1,26,1.1,1.1,0.987549,2.36572,2.34741,2.76245,2.39868,2.26807,30.6956,14.7712,18,737.221,646.825,28.0433,28.3269,30.001,27.9647,27.8727,19.8069,24.1932,89.9661,-999.9,405,20.1706,99.8343,100.065
3,high,control,06rec7,2.94,2.667940486,0.034213427,3,1714757190,187.5,20240503 10:26:29,10:26:29,15,1714757182,0.00132843,1.328429691,5.444776501,398.0242667,261.7244104,26.39072346,40.13438538,0.069823321,3,0.068932914,0.043162125,161.9166793,29.83905631,29.36158333,4.106692683,54.5366428,2.224491166,4.078892745,1.882201517,-58.58374937,-19.02770128,-1.400562942,82.90466567,5.444776501,1.328429691,4.328391591,412.0417157,408.312703,0.12306902,66.94854158,1.46514048,21.10657947,22.14738667,0.008487772,79.38713005,140,17,1,0,52826.42409,1000.004267,841.2035831,0.841199994,0.161915988,6,0.5,1: Needles,2,FALSE,1714757182,398.0242667,402.5045667,22.06092,21.08654333,396.8672667,22.14884667,799.9719333,100.734,0.100016277,29.24393667,29.36158333,999.9,0,0,9991.440333,0,0.001564933,-4.504905,406.9780333,411.1748,0.974372833,402.5045667,21.08654333,2.222284667,2.124132,19.12381,18.40130333,1000.004267,0.9600023,0.039998047,0,1.233166667,0,7509.676667,7946.953,36.4246,39.187,37.52893333,38.62913333,36.937,960.005,40,0,1715091853,0,1714757207,10:26:47,1714757207,1714757021,3,0.026,-0.214,1.157,-0.165,401,20,0.34,0.12,-4.002766585,-6.677529826,0.939645896,0,0.941086659,0.687446843,0.068746173,0,0,2,0/2,3.45219,2.78187,0.0949144,0.0958203,0.111928,0.106602,27083.7,30821,29079.9,34691.2,29843.7,38321,35766.3,45730,2.26413,2.17088,0.0573434,0,28.4609,999.9,77.2,25,24.3664,62.04,23.9704,2,0.0845605,0,20.2907,5.20816,11.974,4.9891,3.27148,3279.4,9999,9999,999.9,4.97263,1.86266,1.86448,1.86296,1.86298,1.86355,1.86004,1.86279,0,0,0,0,11111111,oooooooo,on,on,on,on,0,100,100,1.157,-0.0839,1.413045473,-0.001033731,9.12024E-07,-2.25E-10,-0.504815142,-0.018148581,0.00209196,-1.91E-05,2,2210,1,26,1.4,2.8,1.1084,2.36694,2.34741,2.76001,2.39868,2.28394,31.0853,14.7537,18,667.157,646.737,28.4491,28.6214,30.0011,28.3251,28.2429,22.2299,20.9772,92.2823,-999.9,405,21.188,99.7962,100.031
4,high,control,06rec7,4.54,0.023911916,0.00029693,4,1714757332,329.5,20240503 10:28:51,10:28:51,15,1714757324,7.79612E-06,0.00779612,0.031601651,404.6354333,265.1329127,26.73423956,40.80074594,0.000392418,3,0.00039239,0.000245246,161.9171388,30.75143442,29.92878333,4.243052896,54.65409526,2.30471089,4.216904294,1.938342006,-0.343808907,-17.39039384,-1.287329611,142.8956065,0.031601651,0.00779612,0.123921641,414.033287,413.9484,-0.0030555,66.9504986,0.081314956,22.86037342,22.91885939,0.000277727,79.3310835,169,21,1,0,52759.99093,1000.010767,841.2087437,0.841199687,0.161915396,6,0.5,1: Needles,2,FALSE,1714757324,404.6354333,404.6615,22.85663333,22.85092,403.5464333,22.95563333,800.0157,100.7328333,0.10051584,29.82126,29.92878333,999.9,0,0,9998.333,0,0.00152894,0.040323905,414.1892,414.1247,0.054776057,404.6615,22.85092,2.307358,2.301840333,19.72786667,19.68928333,1000.010767,0.960009667,0.03999071,0,2.7215,0,6307.307,7947.030333,36.4832,39.375,37.625,38.6124,37.062,960.021,39.99,0,1715091996,0,1714757352,10:29:11,1714757349,1714757352,4,-0.067,-0.051,1.089,-0.099,404,23,0.27,0.16,-0.03484064,0.831912532,0.189720064,0,0.060958393,-0.086983524,0.009711001,1,1,2,2-Jan,3.45303,2.78093,0.0957512,0.0959353,0.114414,0.112597,27045.7,30802.6,29067.1,34676.6,29747.3,38048.5,35750.4,45710.9,2.2098,2.16563,0.0586957,0,28.9909,999.9,76.8,25.4,24.8307,62.03,23.8542,2,0.109002,0,20.2909,5.2104,11.974,4.9895,3.272,3283.6,9999,9999,999.9,4.97263,1.86278,1.86456,1.86305,1.86303,1.86356,1.86005,1.86283,0,0,0,0,11111111,oooooooo,on,on,on,on,0,100,100,1.089,-0.099,1.438739606,-0.001033731,9.12024E-07,-2.25E-10,-0.504815142,-0.018148581,0.00209196,-1.91E-05,2,2210,1,26,2.1,5.2,1.19873,2.36084,2.34741,2.75879,2.39868,2.29248,31.5861,14.7362,18,631.617,647.248,28.9936,28.9989,30.0006,28.7464,28.6696,24.0401,15.4992,100,-999.9,405,22.835,99.7521,99.9891
5,high,control,06rec7,3.703,5.095278789,0.070424334,5,1714757478,475.4000001,20240503 10:31:17,10:31:17,15,1714757470,0.00213907,2.139070162,8.255920263,397.2671613,269.2378662,27.14903889,40.05908145,0.114109101,3,0.111751569,0.070052489,161.9097384,30.44785225,29.76307097,4.202811961,54.62707064,2.335241342,4.274879313,1.867570619,-94.33299415,47.84255226,3.542822708,118.9621192,8.255920263,2.139070162,8.345526736,413.0557894,406.6586727,-1.41E-05,66.94961589,2.149798491,21.59902415,23.17339818,0.000147476,79.35431945,347,43,1,0,52769.06072,999.9607742,841.1670497,0.841200046,0.16191609,6,0.5,1: Needles,2,FALSE,1714757470,397.2671613,404.0963226,23.15866129,21.59153871,396.1251613,23.24582258,800.0135484,100.7365806,0.100048587,30.05887742,29.76307097,999.9,0,0,10007.91903,0,0.001531097,-6.879585484,406.6338387,413.0139032,1.567129355,404.0963226,21.59153871,2.332926129,2.175059032,19.90557419,18.77977742,999.9607742,0.959998032,0.040002403,0,1.174677419,0,9601.961613,7946.598065,36.48577419,39.3506129,37.625,38.73983871,37.06606452,959.9612903,40,0,1715092141,0,1714757494,10:31:33,1714757494,1714757352,5,0.053,-0.051,1.142,-0.099,403,23,0.28,0.16,-6.851898049,-0.525968571,0.058564688,0,1.565926829,0.03536885,0.003663076,1,1,2,2-Jan,3.45231,2.78026,0.0943829,0.095792,0.115361,0.10815,27079.5,30801.2,29060.3,34670.6,29709.4,38234.3,35742.4,45704.6,1.88675,2.15542,0.0371076,0,29.1854,999.9,76.2,25.8,25.2232,61.68,24.0545,2,0.124334,0,20.29,5.20651,11.974,4.98895,3.27125,3288.2,9999,9999,999.9,4.97265,1.86279,1.86462,1.8631,1.8631,1.86357,1.86005,1.86287,0,0,0,0,11111111,oooooooo,on,on,on,on,0,100,100,1.142,-0.0864,1.372001496,-0.001033731,9.12024E-07,-2.25E-10,-0.555948724,-0.018148581,0.00209196,-1.91E-05,2,2210,1,26,2.1,2.1,1.21216,2.36206,2.34741,2.75757,2.39868,2.30469,32.0024,14.7187,18,431.982,642.226,29.3944,29.2493,30.0006,29.0458,28.967,24.3094,21.3126,100,-999.9,405,21.7805,99.7293,99.974
6,high,control,06rec7,4.937,3.889543789,0.051281152,6,1714757599,596.4000001,20240503 10:33:18,10:33:18,15,1714757591,0.001293829,1.293828744,4.72701291,400.7094839,266.9570782,26.92057261,40.40847626,0.062322648,3,0.061612217,0.03857079,161.9143451,31.04765774,30.3423,4.344937441,52.55907823,2.297033336,4.370383602,2.047904105,-57.0578476,16.49028952,1.226976129,122.5737631,4.72701291,1.293828744,4.412638323,413.6630538,410.2420727,0.011169151,66.95061703,1.306602927,21.79450743,22.77721939,-0.006316925,79.27438115,802,100,1,0,52660.10389,999.9896452,841.1913007,0.841200011,0.161916022,6,0.5,1: Needles,2,FALSE,1714757591,400.7094839,404.6439677,22.77846452,21.83010323,399.5754839,22.92446452,799.9212903,100.7421613,0.100164339,30.44425806,30.3423,999.9,0,0,9999.037419,0,0.00152894,-3.925214194,410.0775484,413.6746452,0.991798387,404.6439677,21.83010323,2.299127097,2.199211613,19.67027419,18.95656452,999.9896452,0.96,0.0399998,0,1.600806452,0,8909.226452,7946.82871,36.508,39.44106452,37.69106452,38.812,37.187,959.9906452,40,0,1715092263,0,1714757624,10:33:43,1714757624,1714757619,6,-0.009,0.002,1.134,-0.146,403,22,0.23,0.12,-3.9619065,0.759062364,0.089111593,0,1.001272475,-0.115266833,0.02032272,0,0,2,0/2,3.45258,2.7819,0.0949277,0.0958214,0.113906,0.108772,27054.7,30792.1,29052,34662.5,29751.3,38199.5,35732.5,45694.4,0.312,2.1486,0.054989,0,29.4645,999.9,75.7,26.2,25.654,61.91,24.1186,2,0.140091,0,20.2905,5.2104,11.974,4.98985,3.272,3292,9999,9999,999.9,4.97266,1.8628,1.86463,1.8631,1.8631,1.86369,1.86016,1.86295,0,0,0,0,11111111,oooooooo,on,on,on,on,0,100,100,1.134,-0.146,1.425020071,-0.001033731,9.12024E-07,-2.25E-10,-0.555948724,-0.018148581,0.00209196,-1.91E-05,2,2210,1,26,1.8,4.1,1.23901,2.36938,2.34741,2.75513,2.39868,2.31445,32.377,14.7012,18,0.87483,639.328,29.7557,29.4847,30.0006,29.516,29.2085,24.8508,21.6099,100,-999.9,405,21.7874,99.7013,99.9511
7,high,control,06rec7,2.982,3.996381748,0.071477518,7,1714757720,717.9000001,20240503 10:35:20,10:35:20,15,1714757712,0.002983867,2.983866568,8.041009554,397.4396667,294.2043899,29.67054533,40.08183443,0.143817943,3,0.140094594,0.08788562,161.9165629,30.85095916,30.87718333,4.479882632,54.30800631,2.405204548,4.428821295,2.074678084,-131.5885156,-32.46364992,-2.424662277,-4.560264976,8.041009554,2.983866568,8.100860893,413.4824371,407.2335758,0.01161018,66.94768337,3.133227695,21.78060512,23.99157697,0.020868225,79.33636291,129,16,1,0,52637.97667,1000.007167,841.205719,0.84119969,0.161915402,6,0.5,1: Needles,2,FALSE,1714757712,397.4396667,404.3597667,23.8493,21.6648,396.2976667,23.90268,800.0101,100.7503333,0.099777503,30.67646333,30.87718333,999.9,0,0,10001.78533,0,0.001578313,-6.925944333,407.1440333,413.3142667,2.184501333,404.3597667,21.6648,2.402827333,2.182737667,20.38273667,18.83604667,1000.007167,0.960010567,0.039989837,0,-1.577166667,0,7208.647333,7947.008667,36.64773333,39.5,37.75,38.9895,37.312,960.018,39.99,0,1715092384,0,1714757739,10:35:38,1714757739,1714757619,7,0.009,0.002,1.142,-0.146,404,22,0.32,0.12,-6.76247625,-3.002105854,0.318030038,0,2.20741775,-0.362802664,0.048857521,0,0,2,0/2,3.45265,2.78088,0.0943297,0.0957523,0.117979,0.108769,27065.4,30787.5,29044.8,34655.6,29606.7,38193.3,35723.6,45686.6,2.26493,2.1422,0.0761785,0,29.6737,999.9,75.1,26.5,25.9067,61.74,23.9383,2,0.153648,0,20.2904,5.20995,11.974,4.9899,3.272,3295.5,9999,9999,999.9,4.97265,1.86282,1.8647,1.86315,1.86315,1.86371,1.86019,1.86295,0,0,0,0,11111111,oooooooo,on,on,on,on,0,100,100,1.142,-0.0464,1.416587034,-0.001033731,9.12024E-07,-2.25E-10,-0.554144762,-0.018148581,0.00209196,-1.91E-05,2,2210,1,26,1.6,1.7,1.25122,2.37549,2.34741,2.75513,2.39868,2.29248,32.7313,14.6837,18,680.558,636.451,30.0678,29.6927,30.0007,29.4794,29.4211,25.104,21.9519,100,-999.9,405,21.9217,99.6766,99.9328
8,high,control,06rec7,3.556,3.867561059,0.075569384,8,1714757821,818.9000001,20240503 10:37:01,10:37:01,15,1714757813,0.002659093,2.65909267,6.525693575,399.1577,303.656325,30.62370263,40.25500442,0.127507397,3,0.124571411,0.078115288,161.91298,31.20147754,31.12270667,4.543038216,54.81464265,2.465101413,4.497158595,2.077936803,-117.2659868,-28.79925128,-2.156434417,13.69130753,6.525693575,2.65909267,6.684545815,414.2144893,409.0975152,-0.003504248,66.94440503,2.768537402,22.5121969,24.50951152,0.007100505,79.57117518,62,8,1,0,52611.82563,999.9845667,841.1867475,0.84119973,0.161915479,6,0.5,1: Needles,2,FALSE,1714757813,399.1577,404.8478667,24.44327667,22.49775667,398.0157,24.46862,800.0213,100.7497333,0.100142343,30.94464333,31.12270667,999.9,0,0,10005.87167,0,0.001579905,-5.688185333,409.1609333,414.1657,1.945516667,404.8478667,22.49775667,2.462653667,2.266643333,20.78174,19.44128667,999.9845667,0.960007067,0.039992763,0,1.7285,0,8983.902667,7946.814,36.87913333,39.75,38,39.187,37.55786667,959.993,39.99033333,0,1715092485,0,1714757838,10:37:18,1714757838,1714757619,8,0.001,0.002,1.142,-0.146,405,22,0.27,0.12,-5.546687561,-2.334725436,0.258504239,0,1.90030878,0.75422676,0.078329341,0,0,2,0/2,3.45291,2.78077,0.094574,0.0957716,0.119592,0.11117,27048,30775.6,29034.7,34643.9,29542.5,38078.1,35710.9,45671.4,2.36335,2.1369,0.0735,0,29.9619,999.9,74.6,26.8,26.191,61.48,23.8942,2,0.171684,0,20.2902,5.2095,11.974,4.98955,3.272,3298.7,9999,9999,999.9,4.97265,1.86293,1.86477,1.86325,1.86323,1.86371,1.8602,1.86295,0,0,0,0,11111111,oooooooo,on,on,on,on,0,100,100,1.142,-0.022,1.425231972,-0.001033731,9.12024E-07,-2.25E-10,-0.554144762,-0.018148581,0.00209196,-1.91E-05,2,2210,1,26,1.4,3.4,1.26099,2.37183,2.34741,2.75391,2.39868,2.30103,33.0652,14.6749,18,762.404,634.57,30.3274,29.9166,30.001,29.6982,29.644,25.2854,20.3165,100,-999.9,405,22.4735,99.6415,99.8993
9,high,control,06rec7,1.98,0.790262738,0.007257654,9,1714757916,913.9000001,20240503 10:38:36,10:38:36,15,1714757908,0.000466987,0.466986793,2.394735569,402.9568387,217.5533197,21.94014874,40.63800539,0.02199289,3,0.021903711,0.013697801,161.9132888,31.99618038,31.19475806,4.561718437,54.54869612,2.486744636,4.55876091,2.074973801,-20.59411755,-1.842225213,-0.138153999,139.3387921,2.394735569,0.466986793,2.183251335,415.0260122,413.336903,0.003265535,66.94554952,0.700357278,24.34194154,24.81559939,0.009745036,79.51955883,15,2,1,0,52531.38697,999.9887419,841.1900695,0.84119954,0.161915112,6,0.5,1: Needles,2,FALSE,1714757908,402.9568387,404.894,24.65797097,24.31637097,401.8708387,24.72697097,800.0090968,100.7489355,0.100588548,31.18336774,31.19475806,999.9,0,0,9998.185161,0,0.00152894,-1.879884194,413.2266774,414.984871,0.39820229,404.894,24.31637097,2.489964516,2.449846452,20.96097742,20.69708387,999.9887419,0.960014226,0.039985958,0,1.573870968,0,5258.164516,7946.869032,37,39.929,38.137,39.312,37.70325806,960.0041935,39.98419355,0,1715092580,0,1714757933,10:38:53,1714757933,1714757933,9,-0.056,-0.044,1.086,-0.069,405,24,0.55,0.17,-1.879982683,0.1150223,0.039499717,0,0.348017171,0.934461408,0.093947151,0,0,2,0/2,3.45388,2.7814,0.0952582,0.0957508,0.120529,0.117306,27018.7,30767,29025.9,34634.4,29502.6,37805.6,35700,45659.3,2.42675,2.13477,0.0547878,0,30.3339,999.9,74.2,27,26.3571,61.64,23.75,2,0.188244,0,20.2903,5.2101,11.974,4.98945,3.272,3301.5,9999,9999,999.9,4.97268,1.86292,1.86478,1.86325,1.86321,1.86371,1.8602,1.86296,0,0,0,0,11111111,oooooooo,on,on,on,on,0,100,100,1.086,-0.069,1.425938495,-0.001033731,9.12024E-07,-2.25E-10,-0.554144762,-0.018148581,0.00209196,-1.91E-05,2,2210,1,26,1.3,5,1.26709,2.38159,2.34741,2.74902,2.39868,2.27051,33.3111,14.6574,18,820.105,635.044,30.5673,30.136,30.0007,29.9037,29.8477,25.4216,14.0191,100,-999.9,405,24.2511,99.6111,99.8725
10,high,control,06rec7,3.271,2.204580648,0.027155992,10,1714758005,1002.4,20240503 10:40:04,10:40:04,15,1714757997,0.001071897,1.071896651,4.04386545,401.6401,259.2563034,26.14300251,40.50076316,0.049812275,3,0.049357312,0.03088885,161.9140747,32.04800768,31.51608667,4.645843693,54.93719081,2.533888615,4.612337431,2.111955077,-47.2706423,-20.60031432,-1.548895193,92.49422284,4.04386545,1.071896651,4.373621644,415.0187995,411.7421394,-0.025587383,66.94410799,1.179155246,24.32333725,25.18339879,0.000499585,79.57717383,0,0,1,0,52507.91276,999.9885333,841.1903186,0.841199964,0.161915931,6,0.5,1: Needles,2,FALSE,1714757997,401.6401,404.9956667,25.1282,24.34453,400.6251,25.2042,800.0524333,100.7370333,0.101411733,31.38871667,31.51608667,999.9,0,0,10001.793,0,0.001579905,-3.282951,412.0859,415.1011,0.827797267,404.9956667,24.34453,2.535784333,2.452393667,21.25801333,20.71394333,999.9885333,0.960001567,0.03999808,0,2.871666667,0,7669.575,7946.831667,37.187,40.0496,38.29546667,39.5,37.8498,959.9896667,39.99833333,0,1715092668,0,1714758023,10:40:22,1714758023,1714758023,10,-0.072,-0.005,1.015,-0.076,405,24,0.52,0.12,-2.714902771,-9.305942647,1.072379862,0,0.76322261,1.065617143,0.117810259,0,0,2,0/2,3.45392,2.78167,0.0949021,0.0956919,0.121781,0.117172,27022.8,30762.9,29019.4,34628.3,29454.1,37806.3,35691.7,45652.9,2.45605,2.1296,0.0591204,0,30.5634,999.9,73.9,27.3,26.7235,61.75,23.778,2,0.201423,0,20.2896,5.2092,11.974,4.98915,3.272,3304,9999,9999,999.9,4.97265,1.86295,1.86478,1.86325,1.86325,1.86371,1.8602,1.86295,0,0,0,0,11111111,oooooooo,on,on,on,on,0,100,100,1.015,-0.076,1.3697752,-0.001033731,9.12024E-07,-2.25E-10,-0.597780522,-0.018148581,0.00209196,-1.91E-05,2,2210,1,26,1.2,1.2,1.26831,2.38159,2.34741,2.74902,2.39868,2.29248,33.5355,14.6486,18,849.112,632.778,30.7809,30.3163,30.0008,30.082,30.0273,25.447,15.1911,100,-999.9,405,24.2787,99.5882,99.8571
11,high,heat,06rec7,4.089,5.058567191,0.083868616,11,1714758151,1148.4,20240503 10:42:30,10:42:30,15,1714758143,0.002509257,2.509256972,7.422695805,398.6190323,288.8026101,29.11960995,40.19226396,0.123064733,3,0.120327409,0.075445497,161.912118,31.69907651,31.16534839,4.554085548,54.70153882,2.525259949,4.616433109,2.028825599,-110.6582325,38.65177363,2.901351778,92.80701097,7.422695805,2.509256972,7.552503144,414.5875259,408.791103,-0.000702097,66.94408781,2.556028467,23.24395593,25.08466485,0.007115949,79.57272843,267,33,1,0,52494.81878,999.9782581,841.1815233,0.841199813,0.161915638,6,0.5,1: Needles,2,FALSE,1714758143,398.6190323,404.936,25.04503548,23.21029355,397.5370323,25.08797419,800.0294194,100.7285484,0.100214681,31.40432903,31.16534839,999.9,0,0,10000.60548,0,0.001553601,-6.381652258,408.7925161,414.5579032,1.834749677,404.936,23.21029355,2.522749677,2.337938065,21.17401613,19.94019355,999.9782581,0.960005968,0.039993774,0,1.439032258,0,6639.539677,7946.767419,37.24593548,40.05,38.31606452,39.433,37.937,959.9858065,39.99290323,0,1715092815,0,1714758171,10:42:51,1714758171,1714758023,11,0.067,-0.005,1.082,-0.076,405,24,0.27,0.12,-6.379318049,-0.041737422,0.021436944,1,1.839275122,-0.104197213,0.012218081,0,1,2,2-Jan,3.45328,2.78087,0.0943411,0.0956284,0.121412,0.113478,27033.3,30759.1,29013.4,34622.5,29461.3,37959.7,35684.4,45646.8,2.02122,2.12143,0.0485033,0,30.4097,999.9,73.3,27.6,26.977,61.61,23.8742,2,0.2153,0,20.2898,5.20995,11.974,4.9895,3.272,3308.5,9999,9999,999.9,4.97267,1.86295,1.86479,1.86325,1.86325,1.86374,1.86021,1.86302,0,0,0,0,11111111,oooooooo,on,on,on,on,0,100,100,1.082,-0.0409,1.29814586,-0.001033731,9.12024E-07,-2.25E-10,-0.602923213,-0.018148581,0.00209196,-1.91E-05,2,2210,1,26,2.1,2.1,1.26953,2.39136,2.34741,2.74658,2.39868,2.25342,33.8057,14.6224,18,519.163,628.333,30.9816,30.5166,30.0005,30.3036,30.2304,25.4645,20.3709,100,-999.9,405,23.2791,99.5677,99.8422
12,high,heat,06rec7,2.794,1.216986276,0.046284427,12,1714758247,1244.9,20240503 10:44:07,10:44:07,15,1714758239,0.002150765,2.150765096,2.613427936,402.3294516,346.4315475,34.93054566,40.56670757,0.099393903,3,0.097600056,0.061158509,161.9112347,32.0965706,31.77555484,4.714756284,54.77613547,2.573123589,4.6975267,2.141632695,-94.84874074,-10.44188485,-0.787356189,55.83325289,2.613427936,2.150765096,2.523499628,414.8936185,412.9525333,0.000600151,66.94263313,2.272894736,23.96395755,25.59731212,0.0070037,79.63181037,240,30,1,0,52475.00984,999.9650968,841.1710985,0.841200459,0.161916886,6,0.5,1: Needles,2,FALSE,1714758239,402.3294516,404.9385484,25.51953226,23.9476,401.2864516,25.53941935,799.988129,100.7296129,0.099961984,31.71099355,31.77555484,999.9,0,0,10007.06161,0,0.00157672,-2.569168387,412.9065484,414.8736774,1.571935161,404.9385484,23.9476,2.570571935,2.41223129,21.48031935,20.44612581,999.9650968,0.959984,0.0400159,0,2.179516129,0,7482.586452,7946.583226,37.312,40.06606452,38.375,39.562,37.99593548,959.9503226,40.01387097,0,1715092911,0,1714758271,10:44:30,1714758271,1714758023,12,-0.038,-0.005,1.043,-0.076,405,24,0.53,0.12,-2.539779024,-0.45328662,0.059522779,0,1.535502195,0.697702997,0.069854037,0,0,2,0/2,3.45374,2.7814,0.0950052,0.0956099,0.123019,0.11588,27010.1,30756.1,29010,34619,29404.8,37854.2,35681.1,45643.4,2.06575,2.11828,0.0744835,0,30.5947,999.9,72.9,27.9,27.3062,61.72,23.9303,2,0.223145,0,20.29,5.2104,11.974,4.98925,3.272,3311.3,9999,9999,999.9,4.97266,1.86295,1.8648,1.86325,1.86325,1.86373,1.86022,1.86301,0,0,0,0,11111111,oooooooo,on,on,on,on,0,100,100,1.043,-0.0159,1.365300385,-0.001033731,9.12024E-07,-2.25E-10,-0.602923213,-0.018148581,0.00209196,-1.91E-05,2,2210,1,26,1.3,3.7,1.27197,2.38037,2.34741,2.74414,2.39868,2.31079,33.9865,14.6136,18,548.557,627.136,31.1557,30.6288,30.0006,30.4229,30.3574,25.5139,18.4062,100,-999.9,405,23.8966,99.5576,99.8336
13,high,heat,06rec7,2.401,0.98845461,0.020102725,13,1714758370,1367.9,20240503 10:46:10,10:46:10,15,1714758362,0.001136837,1.136837483,2.470107314,402.7876667,310.4734352,31.30500189,40.61303557,0.050235882,3,0.049773187,0.031149458,161.9144235,32.59650939,32.17602333,4.822864299,54.69011512,2.604697509,4.762647698,2.218166791,-50.134533,-35.91940912,-2.717041433,73.14343995,2.470107314,1.136837483,2.462221285,415.400484,413.5074788,-0.000294607,66.94309529,1.226758198,25.01047456,25.90512545,0.000396378,79.60138185,17,2,1,0,52480.12796,999.9965333,841.1965578,0.841199474,0.161914985,6,0.5,1: Needles,2,FALSE,1714758362,402.7876667,404.9836333,25.83259333,25.00200667,401.7586667,25.89259333,800.0152667,100.7303667,0.09952196,31.95393667,32.17602333,999.9,0,0,10016.32333,0,0.001575127,-2.180645333,413.5092,415.3687333,0.888927733,404.9836333,25.00200667,2.608001333,2.518459,21.71666667,21.14629667,999.9965333,0.960016667,0.039983207,0,-0.217166667,0,4733.860333,7946.944667,37.5,40.3393,38.5662,39.8162,38.1912,960.0143333,39.98233333,0,1715093034,0,1714758389,10:46:29,1714758387,1714758389,13,-0.014,-0.018,1.029,-0.06,405,25,0.22,0.1,-2.18765775,0.000333321,0.028848868,1,0.88126035,0.109666559,0.015165657,0,1,2,2-Jan,3.45427,2.78049,0.0950535,0.0955821,0.123952,0.119302,27002.3,30748.6,29003.8,34610.1,29367.7,37700,35673.4,45633.8,2.41297,2.11488,0.0780039,0,30.9396,999.9,72.6,28.1,27.5107,61.81,23.7941,2,0.236174,0,20.2894,5.2104,11.974,4.98945,3.272,3315.1,9999,9999,999.9,4.97267,1.86295,1.86488,1.86335,1.86329,1.86384,1.86026,1.8631,0,0,0,0,11111111,oooooooo,on,on,on,on,0,100,100,1.029,-0.06,1.326988753,-0.001033731,9.12024E-07,-2.25E-10,-0.602923213,-0.018148581,0.00209196,-1.91E-05,2,2210,1,26,1.7,5.8,1.27441,2.38159,2.34741,2.7417,2.39868,2.29492,34.236,14.5961,18,816.769,626.148,31.4188,30.7997,30.0007,30.5772,30.5238,25.5595,15.727,100,-999.9,405,24.9501,99.5362,99.8105
14,high,heat,06rec7,2.698,0.386701256,-0.001080488,14,1714758477,1474.4,20240503 10:47:56,10:47:56,15,1714758469,-5.65E-05,-0.056477172,0.859973141,404.3293,951.2633331,95.92390449,40.77193328,-0.002402864,3,-0.002403934,-0.001502362,161.9193855,33.23956049,32.61217333,4.943053374,54.85428248,2.663341684,4.855303112,2.27971169,2.490643266,-51.35279736,-3.899322409,109.157909,0.859973141,-0.056477172,0.822469275,416.0002068,415.3922182,-0.007723419,66.94271841,0.112874579,26.43021047,26.50534,0.00184508,79.61677535,44,5,1,0,52257.49758,1000.013967,841.2123312,0.841200582,0.161917124,6,0.5,1: Needles,2,FALSE,1714758469,404.3293,404.9571667,26.41197,26.45321,403.3293,26.42197,799.983,100.7378,0.100633633,32.29466333,32.61217333,999.9,0,0,9982.874667,0,0.001579905,-0.598304267,415.3362667,415.9606667,-0.023201418,404.9571667,26.45321,2.6625,2.664837333,22.05543,22.06986333,1000.013967,0.959980533,0.04001936,0,2.305666667,0,6689.391667,7946.96,37.6498,40.52066667,38.75,39.937,38.375,959.9946667,40.02,0,1715093140,0,1714758501,10:48:20,1714758501,1714758492,14,-0.03,-0.022,1,-0.01,405,27,0.25,0.22,-0.57141039,-0.380041129,0.051251018,0,-0.10467794,1.607409805,0.163938245,0,0,2,0/2,3.45512,2.78148,0.0953151,0.0955703,0.125865,0.123873,26987.5,30743.1,28996.7,34604.1,29296.1,37499.4,35664,45627.6,2.37357,2.113,0.0927597,0,31.1325,999.9,72.2,28.4,27.8375,61.65,23.73,2,0.248768,0,20.2891,5.20965,11.974,4.98955,3.272,3318.3,9999,9999,999.9,4.97268,1.86295,1.86493,1.86339,1.86332,1.86386,1.86034,1.8631,0,0,0,0,11111111,oooooooo,on,on,on,on,0,100,100,1,-0.01,1.31282906,-0.001033731,9.12024E-07,-2.25E-10,-0.620791186,-0.018148581,0.00209196,-1.91E-05,2,2210,1,26,1.5,1.5,1.27686,2.38647,2.34741,2.7417,2.39868,2.29004,34.4636,14.5786,18,784.18,626.289,31.6431,30.9632,30.0005,30.737,30.6815,25.6053,9.93729,100,-999.9,405,26.3534,99.5108,99.7953
15,high,heat,06rec7,2.898,2.881476662,0.064988558,15,1714758583,1580.4,20240503 10:49:42,10:49:42,15,1714758575,0.003017813,3.017812772,5.96579019,399.6429677,314.1112262,31.67443666,40.2993106,0.134551879,3,0.131286993,0.082341109,161.9163626,32.49733738,32.45603871,4.899731483,54.85225647,2.66881104,4.865453513,2.230920444,-133.0855432,-20.11891494,-1.526776098,7.185128361,5.96579019,3.017812772,6.096983679,415.0666964,410.3663758,0.004157526,66.94160992,2.962344877,24.25927557,26.42468848,-0.000589163,79.68166624,59,7,1,0,52292.20788,1000.005903,841.2046584,0.841199693,0.161915407,6,0.5,1: Needles,2,FALSE,1714758575,399.6429677,405.0219355,26.46624839,24.26275484,398.5649677,26.44903226,799.9867097,100.738,0.100282803,32.33164516,32.45603871,999.9,0,0,9991.026452,0,0.001578261,-5.455234194,410.4292581,415.0933548,2.203492581,405.0219355,24.26275484,2.666156452,2.444181613,22.07797742,20.6595,1000.005903,0.960009161,0.039991023,0,0.627096774,0,6784.642581,7946.993548,37.812,40.667,38.875,40.187,38.548,960.016129,39.99,0,1715093247,0,1714758601,10:50:01,1714758601,1714758492,15,0.078,-0.022,1.078,-0.01,405,27,0.23,0.22,-5.443364634,-0.358725575,0.041178144,0,2.251647317,-0.888564042,0.094815179,0,0,2,0/2,3.45395,2.78138,0.094401,0.0955163,0.125536,0.116739,27007.7,30739.5,28989.6,34598.8,29300.9,37800.6,35655.6,45622.3,2.35033,2.10453,0.0774115,0,31.2171,999.9,71.8,28.6,28.0057,62.03,23.8902,2,0.260859,0,20.2893,5.2113,11.974,4.9892,3.272,3321.4,9999,9999,999.9,4.97268,1.86295,1.86493,1.8634,1.86338,1.86386,1.86034,1.8631,0,0,0,0,11111111,oooooooo,on,on,on,on,0,100,100,1.078,0.0151,1.28312074,-0.001033731,9.12024E-07,-2.25E-10,-0.61304741,-0.018148581,0.00209196,-1.91E-05,2,2210,1,26,1.4,1.5,1.27441,2.38647,2.34741,2.73804,2.39868,2.27173,34.6692,14.5611,18,766.062,620.973,31.8413,31.1189,30.0006,30.8837,30.8249,25.5696,20.0709,100,-999.9,405,24.3839,99.4869,99.7822
16,high,heat,06rec7,3.964,4.539410599,0.077874736,16,1714758719,1716.9,20240503 10:51:59,10:51:59,15,1714758711,0.002465085,2.465085184,6.87095449,399.1116129,292.3212209,29.47530817,40.24318778,0.11787296,3,0.115359184,0.072320878,161.9151665,32.89091119,32.03720968,4.785149202,54.91961104,2.710581398,4.935543692,2.074567804,-108.7102566,88.62871935,6.720367027,148.5539963,6.87095449,2.465085184,6.865930532,415.3749397,410.0986848,-0.001703685,66.94103903,2.481014136,25.07065749,26.87924606,0.000543446,79.70284427,262,33,1,0,52268.15873,999.9911613,841.1928746,0.84120031,0.161916598,6,0.5,1: Needles,2,FALSE,1714758711,399.1116129,405.0026774,26.88217742,25.08307419,398.0346129,26.84414194,800.0046774,100.7318065,0.100107416,32.58519355,32.03720968,999.9,0,0,9995.521935,0,0.001545894,-5.88765,410.1404839,415.4228387,1.799095806,405.0026774,25.08307419,2.70788871,2.526663226,22.33307097,21.19927419,999.9911613,0.959989774,0.040010203,0,3.846935484,0,6985.356774,7946.808387,38,40.875,39.07012903,40.387,38.74187097,959.9819355,40.01,0,1715093383,0,1714758736,10:52:16,1714758736,1714758492,16,-0.001,-0.022,1.077,-0.01,405,27,0.35,0.22,-5.879322,-0.037620788,0.0318187,1,1.77644475,0.367650619,0.041544711,0,1,2,2-Jan,3.45423,2.78079,0.094265,0.0954621,0.126898,0.119368,27005.5,30734.7,28983.5,34592.1,29249.4,37682.6,35647.8,45615.3,2.01973,2.1005,0.0498183,0,31.3115,999.9,71.4,28.9,28.3451,62.07,23.8902,2,0.273529,0,20.2887,5.21085,11.974,4.98965,3.272,3325.5,9999,9999,999.9,4.97268,1.86303,1.86493,1.8634,1.8634,1.86386,1.86035,1.8631,0,0,0,0,11111111,oooooooo,on,on,on,on,0,100,100,1.077,0.0379,1.361552122,-0.001033731,9.12024E-07,-2.25E-10,-0.61304741,-0.018148581,0.00209196,-1.91E-05,2,2210,1,26,2,3.8,1.27686,2.39502,2.34741,2.73315,2.39868,2.26929,34.9214,14.5348,18,524.361,619.484,32.0779,31.2989,30.0005,31.0654,30.993,25.6058,18.0575,100,-999.9,405,25.0458,99.4655,99.7652
17,high,heat,06rec7,3.839,3.097202199,0.045043123,17,1714758821,1818.4,20240503 10:53:40,10:53:40,15,1714758813,0.001539359,1.539359196,4.84063902,400.872,277.626228,27.99423505,40.42163118,0.070398212,3,0.069493185,0.043513584,161.918744,33.33889086,32.41801667,4.88923187,54.85490095,2.740129317,4.995231546,2.149102553,-67.88574054,61.56265192,4.681694011,160.2773494,4.84063902,1.539359196,4.701816659,415.8265255,412.2091455,-0.001008372,66.94111747,1.615598297,26.06708711,27.22460545,0.005374679,79.69444918,99,12,1,0,52252.763,1000.0172,841.2144474,0.841199979,0.161915959,6,0.5,1: Needles,2,FALSE,1714758813,400.872,404.9653333,27.17458667,26.05143,399.887,27.12182333,799.9922667,100.7340667,0.10019259,32.79865333,32.41801667,999.9,0,0,9999.495667,0,0.001571942,-4.000067667,412.1655333,415.7973,1.123162333,404.9653333,26.05143,2.737407333,2.624267333,22.5114,21.81843333,1000.0172,0.9600022,0.03999765,0,1.0195,0,7011.376,7947.062667,38.125,41,39.25,40.5,38.875,960.0176667,40,0,1715093484,0,1714758838,10:53:57,1714758838,1714758492,17,-0.092,-0.022,0.985,-0.01,405,27,0.24,0.22,-4.013904146,0.247450244,0.030602988,0,1.088467293,0.525156376,0.054345804,0,0,2,0/2,3.45487,2.7812,0.094588,0.095458,0.127945,0.122568,26991.1,30730,28978.8,34587.1,29210.2,37541.4,35642.4,45609.9,2.28665,2.09842,0.0587553,0,31.4836,999.9,71,29.1,28.5118,61.54,23.8181,2,0.28345,0,20.289,5.2107,11.974,4.98925,3.272,3328.7,9999,9999,999.9,4.9727,1.86309,1.86494,1.8634,1.8634,1.86386,1.86035,1.86314,0,0,0,0,11111111,oooooooo,on,on,on,on,0,100,100,0.985,0.0554,1.360061464,-0.001033731,9.12024E-07,-2.25E-10,-0.61304741,-0.018148581,0.00209196,-1.91E-05,2,2210,1,26,1.4,5.5,1.27808,2.3877,2.34741,2.73193,2.39868,2.28882,35.1055,14.5348,18,716.857,619.167,32.2457,31.4293,30.0007,31.1858,31.1238,25.6398,15.3092,100,-999.9,405,25.9798,99.4499,99.7522
18,high,heat,06rec7,4.074,2.681335332,0.048106682,18,1714758951,1948.4,20240503 10:55:50,10:55:50,15,1714758943,0.001698003,1.698002926,3.94894747,401.5205806,297.7816739,30.02693329,40.48748714,0.070849311,3,0.06993273,0.043789319,161.9214676,33.43111595,33.24219677,5.121267399,55.01585497,2.768718163,5.03258227,2.352549236,-74.88192902,-50.31502614,-3.844332406,32.88018002,3.94894747,1.698002926,3.891529668,415.9021355,412.9038182,0.000331599,66.94064841,1.703910437,26.17864452,27.44265697,-0.005361897,79.73624048,3,0,1,0,52189.19593,1000.031355,841.2265781,0.841200202,0.161916391,6,0.5,1: Needles,2,FALSE,1714758943,401.5205806,404.9936129,27.4578,26.21927097,400.5535806,27.39069355,800.0036129,100.7347742,0.100622771,32.93110323,33.24219677,999.9,0,0,9991.250645,0,0.001530481,-3.454098065,412.8762581,415.8981935,1.23853129,404.9936129,26.21927097,2.765954516,2.641191935,22.68229677,21.92373871,1000.031355,0.959995613,0.040004674,0,0.170645161,0,6497.826129,7947.149355,38.312,41.143,39.375,40.687,39.036,960.0248387,40.00806452,0,1715093614,0,1714758968,10:56:07,1714758968,1714758492,18,-0.017,-0.022,0.967,-0.01,405,27,0.41,0.22,-3.454968,0.003900338,0.015939897,1,1.2307605,0.244825216,0.027350971,0,1,2,2-Jan,3.45486,2.78137,0.0946745,0.0954192,0.128566,0.122891,26982.8,30725.2,28973.2,34581.1,29184.1,37523.1,35635.1,45604.2,2.42182,2.09372,0.0953525,0,31.7078,999.9,70.7,29.4,28.8869,61.86,23.8101,2,0.29564,0,20.2886,5.2098,11.974,4.9891,3.272,3332.5,9999,9999,999.9,4.97267,1.8631,1.86494,1.86342,1.8634,1.86387,1.86035,1.86315,0,0,0,0,11111111,oooooooo,on,on,on,on,0,100,100,0.967,0.0663,1.268191894,-0.001033731,9.12024E-07,-2.25E-10,-0.61304741,-0.018148581,0.00209196,-1.91E-05,2,2210,1,26,1.9,7.7,1.2793,2.39624,2.34741,2.7356,2.39868,2.30347,35.3596,14.5085,18,834.909,617.035,32.4644,31.5978,30.0004,31.341,31.2828,25.6604,15.8073,100,-999.9,405,26.1578,99.4301,99.7376
19,high,heat,06rec7,3.593,0.796610324,0.00598896,19,1714759080,2077.4,20240503 10:57:59,10:57:59,15,1714759072,0.000243155,0.243155247,1.33027051,403.9031613,179.3816018,18.08837423,40.7285444,0.010001047,3,0.009982561,0.006240759,161.9150652,34.07388391,33.36877419,5.157738783,54.75608803,2.798439509,5.110736741,2.359299274,-10.72314639,-26.40679324,-2.021584649,122.7635409,1.33027051,0.243155247,1.362748532,416.4938832,415.442897,-2.50E-05,66.94040548,0.3644211,27.59102131,27.8499,0.001732184,79.77403127,76,9,1,0,52140.14181,1000.001032,841.2002974,0.841199429,0.161914898,6,0.5,1: Needles,2,FALSE,1714759072,403.9031613,404.9745484,27.752,27.57469032,402.9051613,27.726,799.9807097,100.7372258,0.100173619,33.20550323,33.36877419,999.9,0,0,9990.540645,0,0.001578261,-1.101721935,415.4263226,416.4581613,0.236406903,404.9745484,27.57469032,2.801611613,2.777796129,22.89358387,22.75271613,1000.001032,0.960016935,0.039983187,0,-0.204354839,0,6270.239355,7946.978387,38.437,41.254,39.5,40.754,39.161,960.0190323,39.98096774,0,1715093743,0,1714759096,10:58:15,1714759096,1714759096,19,0.03,-0.053,0.998,0.026,405,28,0.63,0.14,-1.107257317,0.084665645,0.023648199,1,0.228055122,0.182278014,0.018189144,0,1,2,2-Jan,3.45566,2.78142,0.0950686,0.0954033,0.129787,0.12735,26966.2,30721.1,28968.3,34576.3,29139.1,37329.3,35629.6,45600.2,2.31667,2.09183,0.0987798,0,31.7938,999.9,70.4,29.6,29.0938,61.5301,23.766,2,0.305325,0,20.2889,5.2104,11.974,4.9891,3.272,3336.7,9999,9999,999.9,4.97267,1.8631,1.86501,1.86347,1.8634,1.8639,1.86036,1.8632,0,0,0,0,11111111,oooooooo,on,on,on,on,0,100,100,0.998,0.026,1.25080434,-0.001033731,9.12024E-07,-2.25E-10,-0.61304741,-0.018148581,0.00209196,-1.91E-05,2,2210,1,26,1.9,9.8,1.28174,2.39502,2.34863,2.73193,2.39868,2.32056,35.6148,14.491,18,744.941,616.938,32.6157,31.7312,30.0006,31.4826,31.4224,25.699,10.6784,100,-999.9,405,27.5049,99.4141,99.7268
20,mod,heat,06rec7,4.751,0.687694877,0.016086726,20,1714759197,2194.4,20240503 10:59:56,10:59:56,15,1714759189,0.000493831,0.4938309,0.868484374,404.1898387,321.4151256,32.41070215,40.75749842,0.020315798,3,0.020239675,0.012656612,161.9139531,34.06822211,33.42782903,5.174831703,54.84148404,2.81191685,5.12735368,2.362914853,-21.77794271,-26.59826779,-2.037409311,111.5003333,0.868484374,0.4938309,0.75667193,416.4491025,415.8478606,0.005341683,66.94079711,0.736710503,27.48869145,28.02504121,0.000177271,79.71163191,400,50,1,0,52163.08172,999.9919677,841.1928566,0.841199613,0.161915254,6,0.5,1: Needles,2,FALSE,1714759189,404.1898387,404.9909032,27.88562258,27.52557742,403.1818387,27.86462258,799.9998387,100.7378065,0.099707294,33.26337419,33.42782903,999.9,0,0,9997.031935,0,0.001578261,-0.811198677,415.8200323,416.4540968,0.468186194,404.9909032,27.52557742,2.820029032,2.772864839,23.00179355,22.72341935,999.9919677,0.960013355,0.039986581,0,0.895806452,0,6347.165161,7946.896774,38.48780645,41.375,39.625,40.875,39.252,960.0048387,39.98677419,0,1715093860,0,1714759218,11:00:17,1714759213,1714759218,20,0.011,-0.085,1.008,0.021,405,27,0.44,0.2,-0.773881625,-0.727128304,0.078821041,0,0.41792545,1.066064353,0.104963426,0,0,2,0/2,3.45557,2.78094,0.0950937,0.0953819,0.130175,0.126962,26962.7,30719.3,28965.7,34574,29124,37346.2,35626.4,45600.4,1.74385,2.08843,0.0925511,0,31.9518,999.9,70.2,29.9,29.5189,61.3201,24.0264,2,0.312109,0,20.2886,5.20995,11.974,4.98915,3.272,3340.1,9999,9999,999.9,4.97273,1.8631,1.86507,1.86356,1.86343,1.86397,1.86042,1.86324,0,0,0,0,11111111,oooooooo,on,on,on,on,0,100,100,1.008,0.021,1.281114597,-0.001033731,9.12024E-07,-2.25E-10,-0.57647241,-0.018148581,0.00209196,-1.91E-05,2,2210,1,26,1.7,1.7,1.28174,2.39746,2.34741,2.73071,2.39868,2.2876,35.8477,14.4735,18,373.933,615.196,32.7915,31.8469,30.0001,31.6085,31.5182,25.7105,13.2367,100,-999.9,405,27.3579,99.4053,99.7242
21,mod,heat,06rec7,1.856,1.227718451,0.011972247,21,1714759298,2296,20240503 11:01:38,11:01:38,15,1714759290,0.000933851,0.933851087,3.968917406,401.7602258,224.5155533,22.63910592,40.51163572,0.038703386,3,0.038428118,0.024042142,161.9158665,34.10170139,33.45767419,5.183488859,54.75592044,2.830438382,5.169191495,2.353050477,-41.18283295,-7.975671716,-0.611454154,112.1459076,3.968917406,0.933851087,3.911654332,416.3970603,413.3833333,-0.000683549,66.94051694,1.081542146,27.33290504,28.14912061,-0.007106274,79.73171711,0,0,1,0,52131.06897,1000.006419,841.2047922,0.841199392,0.161914827,6,0.5,1: Needles,2,FALSE,1714759290,401.7602258,405.0179032,28.0699,27.38925484,400.7622258,28.0499,800.0979355,100.7343226,0.101034226,33.40836129,33.45767419,999.9,0,0,9995.927097,0,0.00152894,-3.245791935,413.4239032,416.4233871,0.794603935,405.0179032,27.38925484,2.839081613,2.759037097,23.11309032,22.64100645,1000.006419,0.960019032,0.039981003,0,4.646612903,0,5849.10129,7947.029677,38.437,41.312,39.502,40.812,39.25,960.0264516,39.98,0,1715093962,0,1714759326,11:02:05,1714759326,1714759316,21,-0.011,-0.076,0.998,0.02,405,27,0.38,0.17,-3.244358049,-0.122254913,0.02940298,0,0.77213422,0.47640577,0.049664556,0,0,2,0/2,3.45537,2.7816,0.0946496,0.0953758,0.130565,0.126494,26979.7,30724.1,28969.7,34579.1,29115.2,37374.2,35631.8,45610.1,2.43725,2.0868,0.0856519,0,32.1035,999.9,69.8,30.1,29.6893,61.6392,23.9022,2,0.30827,0,20.2884,5.20696,11.974,4.98925,3.272,3343.2,9999,9999,999.9,4.97275,1.8631,1.86508,1.86356,1.86347,1.86401,1.86045,1.86325,0,0,0,0,11111111,oooooooo,on,on,on,on,0,100,100,0.998,0.02,1.292025269,-0.001033731,9.12024E-07,-2.25E-10,-0.58167741,-0.018148581,0.00209196,-1.91E-05,2,2210,1,26,1.4,1.3,1.28174,2.40479,2.34741,2.73193,2.39868,2.2522,36.0582,14.456,18,852.363,613.967,32.9315,31.8385,30,31.5828,31.5247,25.7168,14.2545,100,-999.9,405,27.2657,99.4197,99.7425
22,mod,heat,06rec7,3.052,2.866361946,0.034349549,22,1714759411,2409,20240503 11:03:31,11:03:31,15,1714759403,0.001642318,1.642317719,5.635049697,400.2811,252.5011284,25.46095769,40.36235487,0.067528603,3,0.066695384,0.04175862,161.9159903,34.06479003,33.62881667,5.233375653,54.69446679,2.849920153,5.21061877,2.383455501,-72.42621139,-12.59815616,-0.96732041,75.92430233,5.635049697,1.642317719,5.593259125,416.2378371,411.9282061,-0.000490752,66.94028931,1.650338354,27.07642875,28.27730667,0.000448477,79.75846361,128,16,1,0,52123.82866,1000.005967,841.2045136,0.841199494,0.161915024,6,0.5,1: Needles,2,FALSE,1714759403,400.2811,405,28.26319667,27.06638,399.2861,28.12629,800.0727,100.7349,0.100125363,33.55092333,33.62881667,999.9,0,0,9999.268,0,0.001561748,-4.714042,411.9282333,416.2667667,1.196819667,405,27.06638,2.847087333,2.726525,23.15966333,22.44587333,1000.005967,0.960015433,0.0399842,0,-1.511,0,7257.402,7947.009667,38.63326667,41.437,39.6975,40.937,39.41013333,960.0213333,39.98333333,0,1715094075,0,1714759428,11:03:48,1714759428,1714759316,22,-0.003,-0.076,0.995,0.02,405,27,0.21,0.17,-4.709835122,0.034598467,0.031597846,1,1.200689024,-0.047244669,0.006669399,1,2,2,2-Feb,3.45558,2.78055,0.0943647,0.0953428,0.130946,0.125746,26983.3,30719.9,28964.7,34573.5,29097.7,37402.1,35625.7,45605,2.23478,2.08153,0.0807792,0,32.3609,999.9,69.5,30.3,29.9047,61.6192,23.9704,2,0.316082,0,20.2882,5.211,11.974,4.9895,3.272,3346.3,9999,9999,999.9,4.97269,1.86312,1.86508,1.86356,1.86347,1.86398,1.86045,1.86324,0,0,0,0,11111111,oooooooo,on,on,on,on,0,100,100,0.995,0.1378,1.281371114,-0.001033731,9.12024E-07,-2.25E-10,-0.58286741,-0.018148581,0.00209196,-1.91E-05,2,2210,1,26,1.4,1.6,1.28174,2.3999,2.34741,2.72827,2.39868,2.2876,36.2694,14.4472,18,681.089,610.621,33.0692,31.9139,30.0005,31.6706,31.609,25.7188,15.9374,100,-999.9,405,27.1719,99.4026,99.7292
23,mod,heat,06rec7,4.852,4.136641035,0.052513321,23,1714759496,2494,20240503 11:04:56,11:04:56,15,1714759488,0.001651439,1.651439493,5.115384627,400.6787419,259.7700106,26.19413339,40.40278702,0.064938154,3,0.064167241,0.040173027,161.9145204,34.18300208,34.05531935,5.359519256,54.7145605,2.870260984,5.245881458,2.489258271,-72.82848163,-62.0779289,-4.779281974,22.22882791,5.115384627,1.651439493,5.167255957,416.3607844,412.3719152,0.001458917,66.9401285,1.67960386,27.28121592,28.48494303,0.005097788,79.84405758,171,21,1,0,52131.30387,999.998,841.1977188,0.841199401,0.161914844,6,0.5,1: Needles,2,FALSE,1714759488,400.6787419,405.0115484,28.46468387,27.26136129,399.6547419,28.44463871,800.0008387,100.7357419,0.100121803,33.67149677,34.05531935,999.9,0,0,10004.77742,0,0.001618333,-4.359924194,412.3902581,416.3620968,1.203322258,405.0115484,27.26136129,2.86741129,2.746194516,23.27738065,22.56416774,999.998,0.960020387,0.039979529,0,1.270806452,0,7622.094839,7946.973226,38.75,41.518,39.776,41.062,39.5,960.0190323,39.98,0,1715094160,0,1714759514,11:05:14,1714759514,1714759316,23,0.029,-0.076,1.024,0.02,405,27,0.24,0.17,-4.343169268,-0.378496516,0.043521717,0,1.198434146,0.072724808,0.028582685,1,1,2,2-Jan,3.4554,2.78103,0.0944112,0.0953294,0.131971,0.126352,26977.4,30716.6,28960.1,34569.6,29058.8,37373.2,35619.8,45601.2,2.16472,2.07725,0.0993945,0,32.4744,999.9,69.2,30.5,30.1168,61.6692,24.0785,2,0.323496,0,20.2878,5.20546,11.974,4.98765,3.2714,3348.8,9999,9999,999.9,4.97273,1.86316,1.86508,1.86356,1.86352,1.86401,1.86049,1.86325,0,0,0,0,11111111,oooooooo,on,on,on,on,0,100,100,1.024,0.0201,1.278647588,-0.001033731,9.12024E-07,-2.25E-10,0.020035,0,0,0,2,2210,1,26,1.1,3,1.28296,2.41211,2.34741,2.72705,2.39868,2.26074,36.4107,14.4297,18,629.132,608.06,33.1795,32.0039,30.0007,31.7549,31.6916,25.7274,15.9292,100,-999.9,405,27.3885,99.3864,99.7197
24,mod,heat,06rec7,3.032,3.288053541,0.040541702,24,1714759613,2610.5,20240503 11:06:52,11:06:52,15,1714759605,0.001961704,1.961703789,6.506702257,399.5456333,255.1619891,25.72625087,40.28347339,0.080227643,3,0.079054512,0.049513042,161.917229,34.34508969,33.9135,5.317284129,54.87355462,2.917571646,5.316899309,2.399712483,-86.51113708,-0.20971768,-0.016153633,75.18022061,6.506702257,1.961703789,6.535471104,416.4451597,411.4031758,0.00053386,66.94003474,1.959978214,27.49711152,28.92462727,-1.53E-05,79.82514804,52,7,1,0,52054.49583,1000.0077,841.206468,0.841199991,0.161915982,6,0.5,1: Needles,2,FALSE,1714759605,399.5456333,405.0134667,28.9375,27.50880667,398.4986333,28.91745333,800.0052667,100.7230333,0.100176907,33.91220333,33.9135,999.9,0,0,9998.899,0,0.001530533,-5.488795,411.4305,416.4700333,1.428697333,405.0134667,27.50880667,2.914674,2.770770667,23.54832667,22.71096333,1000.0077,0.959999067,0.040000617,0,-0.880666667,0,6097.245667,7946.971,38.9916,41.7872,40.00413333,41.3498,39.75,960.0076667,40,0,1715094276,0,1714759632,11:07:11,1714759632,1714759316,24,0.024,-0.076,1.047,0.02,405,27,0.18,0.17,-5.47498125,-0.232305478,0.030033429,0,1.4168685,0.199936886,0.025993166,0,0,2,0/2,3.45547,2.77992,0.0941558,0.0952844,0.133289,0.126915,26976.9,30709.6,28951.9,34560.8,29007.3,37341.2,35609.8,45591.2,2.3446,2.07208,0.0694767,0,32.7982,999.9,68.9,30.8,30.509,61.6792,24.0625,2,0.338915,0,20.2873,5.20591,11.974,4.98745,3.27132,3352.3,9999,9999,999.9,4.97271,1.86321,1.86508,1.86356,1.86356,1.86401,1.8605,1.86325,0,0,0,0,11111111,oooooooo,on,on,on,on,0,100,100,1.047,0.02,1.307386992,-0.001033731,9.12024E-07,-2.25E-10,0.020035,0,0,0,2,2210,1,26,1.6,4.9,1.28296,2.40112,2.34741,2.72461,2.39868,2.31079,36.6469,14.421,18,773.796,605.609,33.3659,32.1886,30.0008,31.9153,31.8565,25.7287,16.3552,100,-999.9,405,27.4497,99.3584,99.6963
25,mod,heat,06rec7,4.79,2.09807332,0.071130837,25,1714759731,2729,20240503 11:08:51,11:08:51,15,1714759723,0.002162526,2.162525953,2.628066789,402.411,339.9340576,34.27190446,40.57078436,0.089099169,3,0.087654763,0.05491205,161.9179174,34.23790394,33.88765667,5.309619003,55.1654417,2.923876196,5.300195386,2.385742807,-95.36739451,-5.1459004,-0.396206917,61.00841557,2.628066789,2.162525953,2.729514616,416.4276507,414.396,-0.022161905,66.94,2.189851616,27.35846996,28.97767636,-0.006208707,79.81307096,124,15,1,0,52039.52514,1000.008767,841.2076325,0.841200258,0.161916498,6,0.5,1: Needles,2,FALSE,1714759723,402.411,405.0346667,29.00116333,27.42633667,401.383,28.98112,800.0157333,100.7188667,0.100406067,33.85584,33.88765667,999.9,0,0,9994.418333,0,0.001587869,-2.603176333,414.4510333,416.4565333,1.574826333,405.0346667,27.42633667,2.920964333,2.762349333,23.58409333,22.66077333,1000.008767,0.9599935,0.040006303,0,2.650333333,0,5026.657333,7946.961333,39.18286667,41.9727,40.2311,41.53513333,39.937,960.001,40.009,0,1715094395,0,1714759749,11:09:09,1714759749,1714759316,25,-0.019,-0.076,1.028,0.02,405,27,0.44,0.17,-2.555507805,-0.76302899,0.091214003,0,1.501926341,1.242755331,0.135507462,0,0,2,0/2,3.45557,2.78093,0.0946305,0.0952384,0.133394,0.126415,26954.9,30703.9,28944.2,34553.5,28997,37356,35600.4,45582.8,2.2356,2.06642,0.0706464,0,32.7592,999.9,68.6,31,30.7261,61.5692,24.0825,2,0.353425,0,20.288,5.20741,11.974,4.98905,3.272,3356.1,9999,9999,999.9,4.97274,1.86322,1.86513,1.8636,1.86356,1.86401,1.8605,1.86325,0,0,0,0,11111111,oooooooo,on,on,on,on,0,100,100,1.028,0.02,1.330993907,-0.001033731,9.12024E-07,-2.25E-10,0.020035,0,0,0,2,2210,1,26,1.7,6.9,1.28296,2.40723,2.34741,2.71606,2.39868,2.31445,36.8604,14.4035,18,686.3,602.855,33.501,32.382,30.0006,32.0979,32.0289,25.7273,17.8719,100,-999.9,405,27.266,99.332,99.6768
26,mod,heat,06rec7,2.717,0.317174356,0.001893227,26,1714759853,2851,20240503 11:10:53,11:10:53,15,1714759845,0.000107126,0.107126132,0.700421839,404.4394,125.3450612,12.63698276,40.77459197,0.004180848,3,0.004177614,0.002611299,161.9199872,35.11607183,34.25079667,5.418212236,54.37549913,2.940123574,5.407074181,2.478088662,-4.724262409,-5.97668432,-0.461796858,150.7572436,0.700421839,0.107126132,0.633473024,417.1345318,416.6379394,0.002202926,66.94,0.106501752,29.10054504,29.15369212,0.006204067,79.8275553,292,37,1,0,52018.85612,1000.0274,841.2228161,0.841199767,0.161915551,6,0.5,1: Needles,2,FALSE,1714759845,404.4394,404.9972,29.16281333,29.08481333,403.4584,29.07581333,800.0156333,100.7174,0.100156267,34.21384333,34.25079667,999.9,0,0,10002.58367,0,0.001556015,-0.4868917,416.637,417.1293667,0.021230377,404.9972,29.08481333,2.931485,2.929347333,23.64378,23.63166667,1000.0274,0.960007067,0.039993097,0,2.800666667,0,5288.665667,7947.155333,39.3141,42.1684,40.42253333,41.63946667,40.0746,960.034,39.99333333,0,1715094517,0,1714759872,11:11:12,1714759869,1714759872,27,-0.071,0.056,0.981,0.087,405,29,0.33,0.32,-0.43603745,-0.967269433,0.103978857,0,-0.023625662,0.732764835,0.086890136,0,0,2,0/2,3.45642,2.78068,0.0949703,0.0952106,0.133884,0.131865,26938.4,30697,28937.8,34545.4,28974.7,37116.4,35592.2,45574.4,1.95278,2.06565,0.0795946,0,33.0471,999.9,68.3,31.3,31.1214,61.6092,23.9704,2,0.365935,0,20.2877,5.20726,11.974,4.98785,3.272,3359.3,9999,9999,999.9,4.97272,1.86325,1.86517,1.86361,1.86356,1.86402,1.8605,1.86326,0,0,0,0,11111111,oooooooo,on,on,on,on,0,100,100,0.981,0.087,1.335303293,-0.001033731,9.12024E-07,-2.25E-10,0.03022,0,0,0,2,2210,1,26,1.1,1.2,1.28418,2.41089,2.34741,2.71973,2.39868,2.33032,37.0747,14.386,18,492.207,603.82,33.6673,32.5429,30.0006,32.2713,32.1895,25.7615,11.8807,100,-999.9,405,29.3566,99.3097,99.6562
27,mod,heat,06rec7,3.187,2.708377099,0.038251172,27,1714759968,2965.5,20240503 11:12:47,11:12:47,15,1714759960,0.001804028,1.804028226,5.098921429,400.6294333,272.4066713,27.46380632,40.39111492,0.072013502,3,0.071066768,0.044500753,161.9197435,34.75359697,34.25565,5.419676553,54.66494392,2.966830709,5.42730038,2.452845844,-79.55764476,4.083834,0.31565393,86.76158665,5.098921429,1.804028226,5.21521455,416.7210824,412.7000909,-0.001039371,66.94,1.857790391,28.16977388,29.48159273,0.010276536,79.81378444,58,7,1,0,51999.58061,1000.026233,841.2218063,0.841199739,0.161915496,6,0.5,1: Needles,2,FALSE,1714759960,400.6294333,404.9955333,29.42725667,28.11409667,399.6084333,29.3406,800.0277,100.7187333,0.100406647,34.2809,34.25565,999.9,0,0,10000.85667,0,0.001571942,-4.404197667,412.7369333,416.7109667,1.313161667,404.9955333,28.11409667,2.963873333,2.831613,23.82633333,23.06953333,1000.026233,0.960008567,0.039991647,0,4.043833333,0,6630.122333,7947.152667,39.5,42.312,40.50826667,41.875,40.25413333,960.0336667,39.99233333,0,1715094631,0,1714759985,11:13:04,1714759985,1714759872,28,0.04,0.056,1.021,0.087,405,29,0.19,0.32,-4.3848095,-0.343461388,0.043589663,0,1.330757,-0.359857711,0.036890704,0,0,2,0/2,3.45603,2.78113,0.0942475,0.0951758,0.134704,0.128902,26955,30694.4,28932.9,34541.7,28942.7,37241.8,35586,45572.7,2.33063,2.06055,0.0768453,0,33.0552,999.9,68,31.5,31.34,61.6392,23.9984,2,0.374372,0,20.2875,5.20935,11.974,4.9889,3.272,3362.8,9999,9999,999.9,4.97273,1.86325,1.86521,1.86368,1.86356,1.86404,1.86051,1.86329,0,0,0,0,11111111,oooooooo,on,on,on,on,0,100,100,1.021,0.0866,1.264586799,-0.001033731,9.12024E-07,-2.25E-10,0.086655,0,0,0,2,2210,1,26,1.6,1.6,1.28296,2.41089,2.34741,2.70752,2.39868,2.30469,37.3138,14.3684,18,767.372,600.969,33.815,32.6693,30.0005,32.3762,32.3087,25.7468,16.561,100,-999.9,405,28.2847,99.2924,99.6495
28,mod,heat,06rec7,4.559,3.940357205,0.079114758,28,1714760122,3119.5,20240503 11:15:21,11:15:21,15,1714760114,0.002521261,2.521261026,5.185817774,400.4028065,305.4998812,30.79834576,40.36579009,0.1041212,3,0.10215448,0.064020158,161.9161791,34.78125947,34.2057129,5.404626273,55.00876164,3.02044426,5.490842132,2.384182013,-111.1876113,46.00502261,3.558657529,100.292248,5.185817774,2.521261026,5.332668975,416.7378206,412.6402364,-0.005347816,66.94,2.463453106,28.04576694,29.88645273,-0.012319802,79.70951924,557,70,1,0,51918.51547,1000.008387,841.2064444,0.841199389,0.161914821,6,0.5,1: Needles,2,FALSE,1714760114,400.4028065,405.0492581,29.96087419,28.12660323,399.3158065,29.87422258,800.0089032,100.712871,0.100083974,34.49015806,34.2057129,999.9,0,0,9992.298387,0,0.001567472,-4.710788387,412.7033226,416.7715484,1.834273548,405.0492581,28.12660323,3.017440968,2.832705806,24.12443871,23.07585806,1000.008387,0.960021,0.0399788,0,-0.035,0,6745.81,7947.059355,39.69106452,42.562,40.774,42.062,40.48170968,960.0290323,39.98,0,1715094786,0,1714760144,11:15:43,1714760144,1714759872,29,0.066,0.056,1.087,0.087,405,29,0.29,0.32,-4.682267,-0.464437373,0.050993844,0,1.76422925,1.218367092,0.127304845,0,0,2,0/2,3.45589,2.78075,0.0941303,0.0951269,0.135867,0.128426,26949.2,30687.9,28923.5,34533.3,28894.8,37255.2,35573.9,45563.9,1.36785,2.05422,0.0568777,0,33.3164,999.9,67.5,31.9,31.8238,61.7492,24.1506,2,0.3903,0,20.2867,5.20651,11.974,4.98755,3.27125,3367.5,9999,9999,999.9,4.97276,1.86325,1.86523,1.86371,1.86362,1.86413,1.86057,1.86338,0,0,0,0,11111111,oooooooo,on,on,on,on,0,100,100,1.087,0.0867,1.304382762,-0.001033731,9.12024E-07,-2.25E-10,0.086655,0,0,0,2,2210,1,26,2.3,4.2,1.28296,2.42065,2.34741,2.70752,2.39868,2.28638,37.6504,14.3509,18,222.801,597.88,34.0122,32.8602,30.0006,32.6307,32.5023,25.7436,18.4004,100,-999.9,405,28.1097,99.2593,99.6281
29,mod,control,06rec7,3.5,2.374094452,0.016047618,29,1714760244,3241.5,20240503 11:17:23,11:17:23,15,1714760236,0.00068418,0.684179774,4.069876203,401.7233871,152.9032312,15.41257611,40.49353457,0.027510202,3,0.027370818,0.017119226,161.9171341,35.47771205,34.05188065,5.358491735,52.90573409,2.942586811,5.561943069,2.415904925,-30.17232804,108.3547723,8.384832411,248.4844108,4.069876203,0.684179774,3.808232195,416.9383991,413.8997455,0.029717154,66.94008208,0.577836675,28.70695559,29.15439212,-0.006801401,79.68622029,801,100,1,0,51881.89097,1000.010742,841.2087226,0.841199686,0.161915395,6,0.5,1: Needles,2,FALSE,1714760236,401.7233871,404.9822258,29.19246129,28.69426129,400.6493871,29.11846129,799.928,100.7034839,0.096060965,34.72182903,34.05188065,999.9,0,0,9993.763871,0,0.001561307,-3.244866452,413.8231935,416.9462258,0.510871839,404.9822258,28.69426129,2.941057742,2.889610968,23.69790968,23.40513226,1000.010742,0.960012516,0.03998711,0,1.21,0,6102.813226,7947.044839,39.919,42.794,40.99593548,42.258,40.673,960.0212903,39.99,0,1715094907,0,1714760265,11:17:44,1714760265,1714760263,30,-0.013,-0.013,1.074,0.074,405,29,0.48,0.17,-3.28475425,0.698873133,0.070387011,0,0.5419174,-0.573316705,0.055157956,0,0,2,0/2,3.45625,2.77723,0.0942829,0.0950731,0.133428,0.130419,26935.6,30679.3,28914.4,34522.4,28968.5,37159.9,35562.9,45551.1,0.318,2.04995,0.0291839,0,33.6297,999.9,67.2,32.1,32.043,61.6392,24.0184,2,0.406789,0,20.2866,5.20696,11.974,4.9882,3.27122,3371.2,9999,9999,999.9,4.97274,1.86325,1.86523,1.86371,1.86368,1.86415,1.86056,1.86338,0,0,0,0,11111111,oooooooo,on,on,on,on,0,100,100,1.074,0.074,1.370279629,-0.001033731,9.12024E-07,-2.25E-10,0.086655,0,0,0,2,2210,1,26,1.7,6.2,1.28418,2.42188,2.34741,2.70508,2.39868,2.32178,37.8921,14.3422,18,1.59313,596.353,34.1943,33.0569,30.0009,33.0453,32.6917,25.7625,17.262,100,-999.9,405,28.6343,99.2286,99.5987
30,mod,control,06rec7,4.945,5.366873565,0.099013518,30,1714760386,3384,20240503 11:19:46,11:19:46,15,1714760378,0.003058761,3.058760706,6.511878947,399.1741333,296.362605,29.87554473,40.23970795,0.120137737,3,0.117527587,0.07368453,161.9161172,35.02223154,34.78713667,5.582130333,54.77352944,3.071131824,5.606963538,2.510998508,-134.8913471,12.94804504,1.006271076,40.97908618,6.511878947,3.058760706,6.504471208,416.7672181,411.7513758,-0.001256082,66.9405854,3.152201551,28.28031375,30.54108424,0.007918,79.92357021,263,33,1,0,51906.29721,1000.0045,841.2034686,0.841199683,0.161915389,6,0.5,1: Needles,2,FALSE,1714760378,399.1741333,404.9736,30.46534,28.24122667,398.0851333,30.39128,800.0243,100.7071667,0.100236903,34.86719333,34.78713667,999.9,0,0,10003.20833,0,0.001554423,-5.812109667,411.7041,416.7429,2.224116333,404.9736,28.24122667,3.068078667,2.844093,24.40204,23.14224,1000.0045,0.9600128,0.039987293,0,-0.226,0,8114.127,7946.996,40.125,43,41.1954,42.5,40.875,960.016,39.98966667,0,1715095050,0,1714760402,11:20:02,1714760402,1714760263,31,0.016,-0.013,1.089,0.074,405,29,0.32,0.17,-5.821567317,0.210976725,0.030240229,0,2.230479512,-0.023942091,0.022360168,1,1,2,2-Jan,3.45613,2.7809,0.0938372,0.095028,0.137846,0.129041,26939.3,30672.1,28904.8,34513.7,28811.4,37211.6,35550.3,45541.9,1.99398,2.04297,0.0675954,0,33.7054,999.9,66.8,32.4,32.3993,61.7692,24.1066,2,0.423374,0,20.2867,5.2113,11.974,4.9895,3.272,3375.3,9999,9999,999.9,4.9727,1.86326,1.86524,1.86371,1.8637,1.86417,1.8606,1.8634,0,0,0,0,11111111,oooooooo,on,on,on,on,0,100,100,1.089,0.0741,1.357521147,-0.001033731,9.12024E-07,-2.25E-10,0.07406,0,0,0,2,2210,1,26,2,2.1,1.28418,2.42554,2.34741,2.7002,2.39868,2.32544,38.1593,14.3159,18,523.157,592.899,34.3984,33.2723,30.0007,32.9794,32.9008,25.76,19.5777,100,-999.9,405,28.2467,99.1945,99.5764
31,mod,control,06rec7,2.872,2.142279,0.025616901,31,1714760496,3494,20240503 11:21:36,11:21:36,15,1714760488,0.001426882,1.426881927,4.475513232,401.1692581,252.1766243,25.42134916,40.44095604,0.053517203,3,0.05299243,0.033166988,161.9135757,35.57576007,35.11266774,5.68370817,54.63655489,3.087431369,5.650852941,2.596276801,-62.92549296,-16.93949822,-1.319464497,80.72912003,4.475513232,1.426881927,4.415557788,417.3413359,413.9228545,0.001769187,66.94041445,1.566174378,29.61269584,30.72001879,0.007955414,79.8903037,166,21,1,0,51837.35149,999.9815161,841.1847459,0.841200295,0.161916569,6,0.5,1: Needles,2,FALSE,1714760488,401.1692581,404.9552258,30.62693548,29.58954516,400.0882581,30.55287097,799.9964194,100.7075806,0.100133874,35.00793226,35.11266774,999.9,0,0,9994.074194,0,0.001602919,-3.775964194,413.8544194,417.303,1.037380774,404.9552258,29.58954516,3.084363226,2.97989129,24.49045161,23.91596129,999.9815161,0.959988323,0.040011419,0,1.010967742,0,5298.772903,7946.729355,40.24593548,43.11280645,41.312,42.562,40.99593548,959.9712903,40.00903226,0,1715095160,0,1714760513,11:21:53,1714760513,1714760263,32,-0.008,-0.013,1.081,0.074,405,29,0.37,0.17,-3.765171707,-0.180526411,0.028484728,0,0.999891317,0.689176307,0.068605491,0,0,2,0/2,3.45676,2.78002,0.0941761,0.0950026,0.138362,0.133094,26924.2,30668.1,28899.8,34508.7,28789.7,37034.6,35544,45537,2.15515,2.04233,0.0807866,0,33.8365,999.9,66.5,32.6,32.6182,61.2692,23.9824,2,0.432586,0,20.2856,5.20621,11.974,4.98775,3.2712,3378.7,9999,9999,999.9,4.97275,1.86331,1.86526,1.86372,1.8637,1.86417,1.86066,1.86339,0,0,0,0,11111111,oooooooo,on,on,on,on,0,100,100,1.081,0.074,1.372945474,-0.001033731,9.12024E-07,-2.25E-10,0.07406,0,0,0,2,2210,1,26,1.6,3.9,1.2854,2.42554,2.34741,2.69775,2.39868,2.28394,38.3301,14.2984,18,635.239,593.653,34.533,33.4071,30.0002,33.1093,33.0337,25.7981,16.1552,100,-999.9,405,29.6779,99.1769,99.5641
32,mod,control,06rec7,2.755,0.736696973,0.034579349,32,1714760627,3625,20240503 11:23:47,11:23:47,15,1714760619,0.001980411,1.980410998,1.604421719,403.204129,352.6196947,35.54711168,40.64645968,0.075308926,3,0.074274233,0.046513175,161.9142294,35.61664008,35.16631935,5.700602742,54.84541796,3.130424665,5.707723237,2.570178077,-87.33612501,3.650538039,0.284675478,78.51331795,1.604421719,1.980410998,1.57908599,417.3370299,416.1186788,-0.000639586,66.94085232,2.005166066,29.5719488,31.03851758,-0.002388981,79.92619335,5,1,1,0,51795.25639,999.9923871,841.1933173,0.841199721,0.161915462,6,0.5,1: Needles,2,FALSE,1714760619,403.204129,405.0063226,31.05313871,29.61395806,402.103129,30.97907419,800.0022903,100.7082903,0.100349165,35.18889032,35.16631935,999.9,0,0,9991.656452,0,0.001652857,-1.820995161,416.1066129,417.3660323,1.439181613,405.0063226,29.61395806,3.127310323,2.982372903,24.72174516,23.92980968,999.9923871,0.960007355,0.039992819,0,1.038709677,0,5117.464194,7946.877097,40.31403226,43.25,41.4613871,42.71341935,41.10467742,960,39.99032258,0,1715095291,0,1714760649,11:24:09,1714760649,1714760263,33,0.019,-0.013,1.101,0.074,405,29,0.33,0.17,-1.824421463,0.175357003,0.028837244,0,1.423907073,0.399292683,0.04271319,0,0,2,0/2,3.45678,2.78046,0.0945044,0.0949669,0.139286,0.132917,26908.3,30663.6,28893.7,34502.9,28753.4,37038.5,35536.3,45532.3,2.39158,2.0379,0.0720322,0,34.029,999.9,66.2,32.9,33.0253,61.5492,23.9663,2,0.444306,0,20.2856,5.20636,11.974,4.9879,3.27125,3382.4,9999,9999,999.9,4.97274,1.86338,1.86528,1.86375,1.86371,1.86417,1.86066,1.8634,0,0,0,0,11111111,oooooooo,on,on,on,on,0,100,100,1.101,0.0741,1.365001862,-0.001033731,9.12024E-07,-2.25E-10,0.07406,0,0,0,2,2210,1,26,1.9,6.1,1.28662,2.42798,2.34863,2.69287,2.39868,2.29492,38.575,14.2896,18,832.43,591.762,34.7137,33.5594,30.0006,33.2603,33.199,25.8119,17.2815,100,-999.9,405,29.6657,99.1557,99.5509
33,mod,control,06rec7,3.296,0.880696933,0.01191237,33,1714760734,3731.5,20240503 11:25:33,11:25:33,15,1714760726,0.000597675,0.597675002,1.603210436,403.564,269.9654627,27.21392701,40.68135653,0.021685139,3,0.021598433,0.013506782,161.9135695,36.12410503,35.53120667,5.816665704,54.73083293,3.151249707,5.75772291,2.665415997,-26.3574676,-29.84190936,-2.333051115,103.3811414,1.603210436,0.597675002,1.542963181,417.875407,416.6412909,0.012221434,66.94060773,0.690941636,30.86980417,31.32389333,0.012204724,79.9002385,39,5,1,0,51855.8547,999.9862333,841.1883151,0.841199896,0.161915799,6,0.5,1: Needles,2,FALSE,1714760726,403.564,404.9472333,31.26078,30.82656,402.434,31.12978,800.0431333,100.7048333,0.100383513,35.34669667,35.53120667,999.9,0,0,10009.544,0,0.001821664,-1.411675333,416.5329667,417.8273,0.377282267,404.9472333,30.82656,3.142376333,3.104381333,24.80214667,24.59861,999.9862333,0.9600044,0.039995853,0,0.471666667,0,4527.098667,7946.82,40.5,43.375,41.625,42.8708,41.25413333,959.991,39.996,0,1715095398,0,1714760752,11:25:51,1714760752,1714760752,34,0.029,0.057,1.13,0.131,405,31,0.21,0.27,-1.40302375,-0.075889869,0.04279547,1,0.3584272,0.52548403,0.054481622,0,1,2,2-Jan,3.45747,2.7807,0.0945295,0.0949368,0.140118,0.136789,26899.3,30654.8,28885.4,34492.6,28717.8,36863.2,35525.6,45519.8,2.34312,2.03562,0.0890084,0,34.1193,999.9,66,33.1,33.2987,61.8392,23.9022,2,0.458732,0,20.2864,5.2104,11.974,4.98935,3.272,3385.5,9999,9999,999.9,4.97273,1.86338,1.86535,1.86382,1.86371,1.86417,1.86066,1.8634,0,0,0,0,11111111,oooooooo,on,on,on,on,0,100,100,1.13,0.131,1.384310651,-0.001033731,9.12024E-07,-2.25E-10,0.07406,0,0,0,2,2210,1,26,1.4,7.8,1.28784,2.41943,2.34863,2.69043,2.39868,2.31812,38.7471,14.2809,18,791.005,591.578,34.8525,33.7294,30.0008,33.4318,33.3681,25.8404,13.8747,100,-999.9,405,30.8417,99.1264,99.5226
34,mod,control,06rec7,4.023,1.004560105,0.027521204,34,1714760831,3828.5,20240503 11:27:10,11:27:10,15,1714760823,0.001043764,1.043763868,1.498225362,403.5963226,329.7975303,33.24485928,40.68406134,0.041045792,3,0.040736339,0.02548782,161.9111963,36.05432773,34.94566129,5.631397062,54.77321195,3.161201766,5.77143763,2.470195296,-46.02998659,71.82904452,5.600821014,193.3110753,1.498225362,1.043763868,1.541038822,417.7667642,416.5707273,0.001140435,66.940819,1.020921596,30.60407634,31.34339576,0.000609102,79.91662962,178,22,1,0,51774.78604,999.9662903,841.1719825,0.841200339,0.161916654,6,0.5,1: Needles,2,FALSE,1714760823,403.5963226,405.0359677,31.35993226,30.60164194,402.4823226,31.23293226,799.9823871,100.7033548,0.100490652,35.38977419,34.94566129,999.9,0,0,9994.837097,0,0.00190408,-1.423155484,416.6817419,417.8220645,0.762397355,405.0359677,30.60164194,3.158465161,3.081690323,24.88777419,24.47600645,999.9662903,0.959989806,0.040009926,0,0.68483871,0,4483.547419,7946.609355,40.625,43.437,41.69106452,43.004,41.375,959.9574194,40.01,0,1715095494,0,1714760847,11:27:26,1714760847,1714760847,35,-0.016,-0.005,1.114,0.127,405,31,0.15,0.07,-1.39120375,-0.776024803,0.079167293,0,0.78604155,-0.521631782,0.056529195,0,0,2,0/2,3.45739,2.78199,0.094469,0.0948996,0.139938,0.135929,26893.8,30649.8,28878.1,34486.2,28717,36896.1,35516.1,45514.7,2.12818,2.03085,0.0491776,0,34.1911,999.9,65.9,33.3,33.6209,61.8292,23.9303,2,0.471273,0,20.2859,5.21025,11.974,4.98765,3.272,3388.3,9999,9999,999.9,4.97273,1.86339,1.86539,1.86385,1.86372,1.86419,1.86066,1.86341,0,0,0,0,11111111,oooooooo,on,on,on,on,0,100,100,1.114,0.127,1.413596308,-0.001033731,9.12024E-07,-2.25E-10,0.1311,0,0,0,2,2210,1,26,1.3,1.3,1.28784,2.42676,2.34863,2.68677,2.39868,2.28149,38.8951,14.2634,18,619.967,589.221,34.9697,33.8861,30.0006,33.5903,33.5139,25.8413,15.7534,100,-999.9,405,30.6245,99.1006,99.5083
35,mod,control,06rec7,6,6.643383829,0.122129927,35,1714761309,4306.9,20240503 11:35:09,11:35:09,15,1714761301,0.003151598,3.151598169,6.643383829,399.062129,295.7249054,29.80833498,40.22447011,0.122129927,3,0.11943354,0.074883264,161.9111031,36.05391757,35.48814516,5.802862759,54.89515312,3.262639585,5.943401921,2.540223174,-138.9854792,70.24977074,5.506395709,98.68179026,6.643383829,3.151598169,6.767873471,417.5585966,412.3218303,0.001011893,66.94102606,3.154993615,30.09057692,32.37990788,8.8783E-05,79.92896966,282,35,1,0,51687.33136,999.9657097,841.1714945,0.841200339,0.161916655,6,0.5,1: Needles,2,FALSE,1714761301,399.062129,404.9880645,32.36825484,30.0810129,397.824129,32.2416871,799.9817742,100.6975484,0.099964539,35.92249355,35.48814516,999.9,0,0,9995.806452,0,0.00160631,-6.047532581,412.2854516,417.5483871,2.287234194,404.9880645,30.0810129,3.259404194,3.029084839,25.41603226,24.18865484,999.9657097,0.959989742,0.040010145,0,-0.235645161,0,7459.883548,7946.606774,40.875,43.518,41.937,43.125,41.645,959.9570968,40.01,0,1715095973,0,1714761329,11:35:28,1714761329,1714760847,36,0.124,-0.005,1.238,0.127,405,31,0.34,0.07,-6.049680732,0.059755819,0.01924126,1,2.286462927,0.01025122,0.001700366,1,2,2,2-Feb,3.45713,2.78102,0.0935456,0.0947747,0.142954,0.13425,26904.7,30638.4,28861.5,34470.5,28602.2,36959.2,35495.9,45503.5,1.94818,2.01632,0.0694953,0,34.368,999.9,65,34,34.4899,61.3292,24.0665,2,0.504502,0,20.2857,5.20681,11.974,4.98795,3.272,3402.9,9999,9999,999.9,4.97274,1.8634,1.86539,1.86387,1.86378,1.86426,1.86077,1.86346,0,0,0,0,11111111,oooooooo,on,on,on,on,0,100,100,1.238,0.1266,1.397453795,-0.001033731,9.12024E-07,-2.25E-10,0.12657,0,0,0,2,2210,1,26,7.7,7.7,1.28906,2.43408,2.34741,2.67456,2.39868,2.27905,39.5416,14.2021,18,502.258,582.049,35.4062,34.3062,30.0002,34.0345,33.9568,25.8696,19.971,100,-999.9,405,30.0704,99.0439,99.4749
36,mod,control,06rec7,3.096,2.230323289,0.025875004,36,1714761401,4398.4,20240503 11:36:40,11:36:40,15,1714761393,0.00136986,1.369859647,4.322331956,401.3171613,248.0043954,24.99853366,40.4522692,0.050145356,3,0.049684319,0.031093769,161.9123729,36.26193794,35.70164516,5.871578397,54.86730134,3.217730942,5.864569358,2.653847455,-60.41081042,-3.506019097,-0.274773798,97.7207696,4.322331956,1.369859647,4.270652651,417.9130371,414.606097,0.000534197,66.94279375,1.485642809,30.87657305,31.95393152,0.000321648,79.99243091,33,4,1,0,51731.03377,999.9776452,841.1811912,0.841199996,0.161915993,6,0.5,1: Needles,2,FALSE,1714761393,401.3171613,404.9711935,31.92232903,30.92773871,400.1401613,31.79575806,800.0060968,100.6979355,0.100816968,35.67996774,35.70164516,999.9,0,0,9996.389355,0,0.001609701,-3.591774194,414.615,417.8957742,0.994589452,404.9711935,30.92773871,3.214512258,3.114359355,25.18285484,24.65229032,999.9776452,0.960001806,0.039998097,0,1.035322581,0,4438.638065,7946.745484,40.85467742,43.5,41.933,43.062,41.629,959.98,39.99903226,0,1715096064,0,1714761418,11:36:57,1714761418,1714760847,37,-0.061,-0.005,1.177,0.127,405,31,0.32,0.07,-3.50457125,-1.671977674,0.187898678,0,0.9291327,1.482525501,0.149575348,0,0,2,0/2,3.45732,2.78078,0.0939529,0.0947834,0.141667,0.136602,26892.5,30637.5,28861.5,34469.9,28645.2,36859.5,35495.8,45504.3,2.34142,2.01658,0.0943244,0,34.2138,999.9,64.8,34.2,34.7683,61.4692,24.0585,2,0.505724,0,20.2854,5.20561,11.974,4.98765,3.27132,3405.6,9999,9999,999.9,4.97274,1.8634,1.86541,1.86386,1.86382,1.86427,1.86074,1.86347,0,0,0,0,11111111,oooooooo,on,on,on,on,0,100,100,1.177,0.1266,1.521234376,-0.001033731,9.12024E-07,-2.25E-10,0.12657,0,0,0,2,2210,1,26,1.2,9.2,1.2915,2.43164,2.34863,2.67578,2.39868,2.31079,39.6167,14.1933,18,797.019,582.51,35.3881,34.3249,30.0002,34.0494,33.9861,25.8919,18.0047,100,-999.9,405,30.8457,99.0438,99.4751
37,mod,control,06rec7,2.449,2.158511754,0.030859861,37,1714761490,4487.9,20240503 11:38:10,11:38:10,15,1714761482,0.00202276,2.022759723,5.288309727,400.4898,272.6564236,27.48329464,40.36867729,0.07560603,3,0.074563218,0.046694505,161.9121989,36.03924566,35.60568333,5.840605815,55.23735756,3.229161481,5.845973856,2.611444334,-89.2037038,2.69506088,0.211059773,75.61461575,5.288309727,2.022759723,5.213072821,417.7715936,413.7308606,0.002348639,66.94239535,1.995662392,30.43269486,31.9313103,-0.012670487,79.97354484,194,24,1,0,51797.34366,999.9761667,841.1799814,0.84120003,0.161916058,6,0.5,1: Needles,2,FALSE,1714761482,400.4898,405.0635333,32.03588333,30.56743667,399.3188,31.88988333,800.0122333,100.6980333,0.100232403,35.62234667,35.60568333,999.9,0,0,10007.79167,0,0.001628001,-4.565595,413.7444333,417.8356333,1.449012667,405.0635333,30.56743667,3.223995667,3.078082333,25.23235,24.45633667,999.9761667,0.959997933,0.040001627,0,0.823833333,0,6118.999333,7946.722,40.75,43.42666667,41.812,43.03513333,41.562,959.975,40,0,1715096154,0,1714761508,11:38:28,1714761506,1714761508,38,-0.006,0.02,1.171,0.146,405,30,0.27,0.07,-4.522984878,-0.679822997,0.07685342,0,1.320900878,1.911466139,0.19981333,0,0,2,0/2,3.45738,2.78112,0.0938071,0.0947817,0.141569,0.135202,26897.9,30639.5,28862.7,34472.1,28649.8,36924,35497.5,45510.2,2.09457,2.0149,0.0930391,0,34.1207,999.9,64.7,34.3,34.9031,61.8892,24.0425,2,0.504261,0,20.2859,5.2095,11.974,4.9888,3.27192,3408,9999,9999,999.9,4.97275,1.8634,1.86539,1.86386,1.86385,1.86432,1.86073,1.86346,0,0,0,0,11111111,oooooooo,on,on,on,on,0,100,100,1.171,0.146,1.460728037,-0.001033731,9.12024E-07,-2.25E-10,0.12657,0,0,0,2,2210,1,26,1.2,10.7,1.29028,2.43408,2.34741,2.67822,2.39868,2.30103,39.7171,14.1758,18,600.065,581.253,35.3834,34.3245,29.9999,34.0648,33.99,25.8902,20.0224,100,-999.9,405,30.433,99.0483,99.4852
38,control,control,06rec7,3.733,3.000184195,0.035731804,38,1714761659,4656.4,20240503 11:40:58,11:40:58,15,1714761651,0.001539413,1.53941321,4.822155149,400.9405333,251.2628281,25.32789652,40.41576867,0.057431241,3,0.056827368,0.035570831,161.923357,36.27652266,35.58778333,5.834844158,54.85015542,3.226916722,5.883149641,2.607927436,-67.88812258,24.1957056,1.895746358,120.1266864,4.822155149,1.53941321,4.716528536,417.8820863,414.2449758,-0.003999124,66.94327537,1.504986518,30.84982482,31.96277152,-0.005167228,80.00829943,0,0,1,0,51722.14298,1000.0461,841.2387237,0.841199944,0.161915893,6,0.5,1: Needles,2,FALSE,1714761651,400.9405333,405.0201333,32.0123,30.89468,399.8415333,31.86607,799.9855333,100.7024,0.100001633,35.73738333,35.58778333,999.9,0,0,9996.074333,0,0.001694572,-4.006038,414.2760333,417.9320333,1.117612,405.0201333,30.89468,3.223712333,3.111166,25.23088,24.63511667,1000.0461,0.960003267,0.039997097,0,1.0615,0,6773.683,7947.288667,40.39566667,43.229,41.5704,42.7038,41.27066667,960.0463333,40,0,1715096322,0,1714761680,11:41:20,1714761680,1714761508,39,-0.072,0.02,1.099,0.146,405,30,0.34,0.07,-4.002371,0.113575159,0.044791284,0,1.092597,0.423253734,0.046469484,0,0,2,0/2,3.45748,2.78078,0.0939382,0.0948142,0.141676,0.136564,26905.7,30650.1,28874.7,34484.5,28658.8,36883.2,35514.1,45531.8,2.3976,2.01825,0.0901893,0,34.147,999.9,64.4,34.5,35.1326,61.1092,24.1506,2,0.484746,0,20.2852,5.20231,11.974,4.9876,3.27132,3413,9999,9999,999.9,4.97272,1.86341,1.86541,1.86389,1.86386,1.86431,1.86077,1.86354,0,0,0,0,11111111,oooooooo,on,on,on,on,0,100,100,1.099,0.1462,1.454525269,-0.001033731,9.12024E-07,-2.25E-10,0.14623,0,0,0,2,2210,1,26,2.5,2.5,1.29272,2.43652,2.34863,2.677,2.39868,2.30713,39.8932,14.1583,18,846.382,582.518,35.3857,34.1576,29.9993,33.9076,33.8453,25.9155,19.1072,100,-999.9,405,30.9962,99.0923,99.5276
39,control,control,06rec7,4.646,6.373694739,0.065061669,39,1714761772,4769.4,20240503 11:42:51,11:42:51,15,1714761764,0.002234759,2.234758508,8.231202848,398.1575667,225.8745997,22.76851898,40.13491614,0.084022818,3,0.082737031,0.051824528,161.9168021,36.14627097,35.58769667,5.834816274,54.84301705,3.234611497,5.89794594,2.600204777,-98.55285022,31.58650168,2.475366791,97.4258203,8.231202848,2.234758508,8.285287768,417.7294467,411.3179091,0.000733215,66.94224602,2.262533878,30.47175348,32.11257091,0.000399371,79.96751318,144,18,1,0,51745.20989,1000.004067,841.2034953,0.841200074,0.161916144,6,0.5,1: Needles,2,FALSE,1714761764,398.1575667,404.9982,32.08889333,30.46663333,397.0505667,31.94266333,800.0126667,100.7012667,0.10032421,35.78299333,35.58769667,999.9,0,0,10002.38,0,0.001630548,-6.845953,411.3520333,417.7249333,1.622262667,404.9982,30.46663333,3.231390667,3.068028,25.27087667,24.40179667,1000.004067,0.959998033,0.040002,0,1.723166667,0,8538.075333,7946.935667,40.25,43.062,41.39153333,42.4916,41.0788,960.002,40.00266667,0,1715096436,0,1714761792,11:43:12,1714761792,1714761508,40,0.008,0.02,1.107,0.146,405,30,0.28,0.07,-6.84944075,-0.024418424,0.024274998,1,1.62031475,0.082631707,0.00952732,1,2,2,2-Feb,3.45732,2.78081,0.093464,0.0948575,0.142188,0.13548,26929.7,30660,28884.7,34496.5,28651,36946.1,35526.9,45552.7,2.18127,2.01848,0.0909716,0,34.1372,999.9,64.2,34.6,35.2198,61.7492,24.2468,2,0.467292,0,20.2858,5.21025,11.974,4.98905,3.272,3416.4,9999,9999,999.9,4.97275,1.86341,1.86544,1.86392,1.86386,1.86432,1.86081,1.86352,0,0,0,0,11111111,oooooooo,on,on,on,on,0,100,100,1.107,0.1463,1.3823167,-0.001033731,9.12024E-07,-2.25E-10,0.14623,0,0,0,2,2210,1,26,1.5,4.4,1.2915,2.43774,2.34863,2.68555,2.39868,2.30103,40.0194,14.1408,18,661.229,581.262,35.3818,33.9677,29.9997,33.7491,33.6893,25.9157,20.9797,100,-999.9,405,30.4346,99.1275,99.5683
40,control,control,06rec7,3.54,2.139272023,0.019753048,40,1714761901,4898.9,20240503 11:45:01,11:45:01,15,1714761893,0.000934405,0.934405065,3.625884785,402.0317097,214.0032286,21.57150516,40.52475823,0.033479743,3,0.03327355,0.020814389,161.9172901,36.5972003,35.98589355,5.96416112,54.95357172,3.263007063,5.937752473,2.701154056,-41.20726336,-13.05000828,-1.025289666,106.6347288,3.625884785,0.934405065,3.64618382,418.2300963,415.4058788,1.26462E-05,66.94422975,0.770231312,31.68148501,32.24230242,-0.000450913,79.8111776,382,48,1,0,51680.00613,1000.004452,841.2040397,0.841200295,0.161916569,6,0.5,1: Needles,2,FALSE,1714761893,402.0317097,405.0329032,32.37113226,31.69300645,400.9087097,32.14313226,799.9907742,100.6998387,0.100066506,35.90520645,35.98589355,999.9,0,0,9993.509677,0,0.001681523,-3.015861935,415.4309355,418.2897419,0.596352161,405.0329032,31.69300645,3.251535806,3.191483548,25.37534194,25.06216774,1000.004452,0.959989742,0.040010242,0,0.203064516,0,6005.236129,7946.913548,40.49593548,43.268,41.546,42.8,41.304,959.9941935,40.01,0,1715096565,0,1714761921,11:45:21,1714761917,1714761921,41,0.016,0.082,1.123,0.228,405,32,0.29,0.21,-3.013249756,0.051676307,0.042368358,1,0.573372293,0.251281213,0.056791401,0,1,2,2-Jan,3.45786,2.78147,0.0941701,0.0948618,0.142573,0.139155,26904.9,30654.3,28880.7,34490.1,28634.3,36784.5,35522.1,45547,1.76035,2.01825,0.0884011,0,34.5753,999.9,64,34.8,35.5024,61.0792,24.3069,2,0.471789,0,20.2858,5.20561,11.974,4.98945,3.272,3420.1,9999,9999,999.9,4.97273,1.86345,1.86544,1.86399,1.86386,1.86432,1.86081,1.86353,0,0,0,0,11111111,oooooooo,on,on,on,on,0,100,100,1.123,0.228,1.390596679,-0.001033731,9.12024E-07,-2.25E-10,0.14623,0,0,0,2,2210,1,26,1.8,6.5,1.29395,2.44019,2.34741,2.68677,2.39868,2.28271,40.1967,14.1233,18,393.796,581.018,35.4304,33.9673,30.0004,33.7503,33.6816,25.9441,17.7775,100,-999.9,405,31.8622,99.1139,99.5534
41,control,control,06rec7,3.822,1.207264076,0.013649101,41,1714762000,4997.9,20240503 11:46:40,11:46:40,15,1714761992,0.000599199,0.599198923,1.895234029,403.3973871,246.8011897,24.8762536,40.66032143,0.02142716,3,0.0213425,0.013346641,161.9136926,36.82513213,36.05226452,5.985960561,54.91102143,3.286270959,5.984720141,2.699689602,-26.42467249,-0.609901239,-0.04796642,134.8311525,1.895234029,0.599198923,2.059769247,418.4113766,416.8921939,-0.023470062,66.94252956,0.589495694,32.16577412,32.59107758,0.000610736,79.9690455,25,3,1,0,51756.81713,999.9906774,841.1917444,0.841199587,0.161915202,6,0.5,1: Needles,2,FALSE,1714761992,403.3973871,405.0000323,32.60360645,32.16887742,402.2233871,32.36260645,800.0333548,100.6944839,0.100223113,36.04849355,36.05226452,999.9,0,0,10014.39419,0,0.001669194,-1.653048387,416.9352258,418.4613871,0.421653581,405.0000323,32.16887742,3.281687742,3.239229355,25.5307129,25.3116,999.9906774,0.960012613,0.03998759,0,-0.199354839,0,6690.94,7946.879355,40.69512903,43.534,41.772,43.034,41.5,960.003871,39.98580645,0,1715096664,0,1714762018,11:46:58,1714762016,1714762018,42,0.051,0.013,1.174,0.241,405,32,0.41,0.23,-1.650487317,0.051532056,0.033258697,1,0.384835488,0.506214648,0.061746429,0,1,2,2-Jan,3.45801,2.78058,0.0943839,0.0948385,0.143352,0.140475,26891,30648.2,28872.9,34482.9,28601,36722.8,35512.3,45540.2,2.35613,2.0156,0.0800006,0,34.7819,999.9,63.9,34.9,35.6477,61.2892,24.2268,2,0.483966,0,20.2855,5.2104,11.974,4.9892,3.272,3423.1,9999,9999,999.9,4.97273,1.86346,1.86549,1.86398,1.86386,1.86432,1.86081,1.86356,0,0,0,0,11111111,oooooooo,on,on,on,on,0,100,100,1.174,0.241,1.406394538,-0.001033731,9.12024E-07,-2.25E-10,0.22792,0,0,0,2,2210,1,26,1.4,1.3,1.29395,2.4353,2.34741,2.67212,2.39868,2.34131,40.3491,14.1145,18,807.327,579.736,35.5124,34.0855,30.0004,33.8191,33.7646,25.9571,17.5439,100,-999.9,405,32.1296,99.0867,99.536
42,control,control,06rec7,4.465,1.389361702,0.009958399,42,1714762115,5112.9,20240503 11:48:35,11:48:35,15,1714762107,0.000383508,0.383507872,1.867003407,403.4882581,166.6880499,16.80144918,40.66990683,0.013381947,3,0.013348873,0.00834601,161.917646,37.03670864,36.34283226,6.082213897,55.02231239,3.321473356,6.036593541,2.760740541,-16.91269714,-22.19278785,-1.749174004,121.062987,1.867003407,0.383507872,1.964597776,418.6490578,417.1486606,-0.006980054,66.94312572,0.411331387,32.61487203,32.92816727,-0.003817846,79.98998197,483,60,1,0,51613.09902,1000.013935,841.2114063,0.841199684,0.16191539,6,0.5,1: Needles,2,FALSE,1714762107,403.4882581,405.0046129,32.95250968,32.67434839,402.2802581,32.69250968,799.9754194,100.6956129,0.1001501,36.20561613,36.34283226,999.9,0,0,9990.577742,0,0.00161864,-1.549745484,417.1947097,418.6848387,0.259489871,405.0046129,32.67434839,3.316295161,3.290163226,25.70749032,25.57414516,1000.013935,0.960010484,0.039989335,0,0.684677419,0,6338.410968,7947.057419,41.004,43.86687097,42.07622581,43.375,41.808,960.0235484,39.99,0,1715096779,0,1714762137,11:48:57,1714762137,1714762135,43,0.034,0.018,1.208,0.26,405,33,0.26,0.17,-1.54737775,-0.074612195,0.038547923,1,0.209849653,1.084870821,0.108635786,0,1,2,2-Jan,3.45843,2.78097,0.094348,0.094814,0.144255,0.141735,26881.8,30637.3,28862.5,34470.5,28561.4,36658.8,35499.2,45527.2,1.5416,2.01172,0.0844337,0,35.0051,999.9,63.8,35.1,35.9854,61.6692,24.2508,2,0.502363,0,20.2848,5.20321,11.974,4.98795,3.2714,3426.5,9999,9999,999.9,4.97275,1.86353,1.86553,1.86401,1.86387,1.86432,1.86081,1.86356,0,0,0,0,11111111,oooooooo,on,on,on,on,0,100,100,1.208,0.26,1.457480763,-0.001033731,9.12024E-07,-2.25E-10,0.241335,0,0,0,2,2210,1,26,1.6,1.6,1.29517,2.44263,2.34741,2.66846,2.39868,2.31567,40.5275,14.097,18,293.119,578.202,35.626,34.2771,30.0009,34.0227,33.9236,25.9692,16.9171,100,-999.9,405,32.5657,99.0506,99.5044
43,control,control,06rec7,2.414,2.677408754,0.045252474,43,1714762267,5264.4,20240503 11:51:06,11:51:06,15,1714762259,0.003128009,3.128008556,6.654702785,399.2534,287.3537529,28.96806199,40.24863822,0.11247508,3,0.110183853,0.069066878,161.916535,36.45898999,36.41003,6.104664197,55.59329087,3.377369474,6.075138603,2.727294724,-137.9451773,-14.30069712,-1.128143015,8.542517544,6.654702785,3.128008556,7.133213213,418.1063063,412.6937091,-0.033391413,66.94492538,2.884997385,31.06488205,33.2531,-0.024666641,80.04128232,5,1,1,0,51680.36285,1000.007467,841.2059318,0.841199651,0.161915326,6,0.5,1: Needles,2,FALSE,1714762259,399.2534,405.1806,33.50240667,31.23518,397.9994,33.23663667,800.0645333,100.7079667,0.1017903,36.32161,36.41003,999.9,0,0,10006.78533,0,0.001606978,-6.001602333,413.0161,418.2445,2.267232333,405.1806,31.23518,3.373962,3.145633,25.99824,24.81939333,1000.007467,0.9600123,0.039988007,0,1.198333333,0,6864.725,7947.01,41.375,44.3498,42.5,43.812,42.1912,960.019,39.98866667,0,1715096931,0,1714762284,11:51:23,1714762284,1714762171,45,0.076,0.006,1.254,0.266,405,33,0.23,0.02,-5.970262439,-0.779378049,0.091923773,0,2.215512195,0.617273937,0.161819877,0,0,2,0/2,3.45771,2.78235,0.0935001,0.094751,0.145078,0.137071,26892.8,30625.2,28848.2,34455.9,28520.7,36849,35480.5,45515.6,2.37675,2.00105,0.0768378,0,35.1866,999.9,63.6,35.4,36.4704,61.6592,24.2909,2,0.530112,0,20.2846,5.20995,11.974,4.98875,3.272,3430.6,9999,9999,999.9,4.97278,1.86354,1.86554,1.86401,1.86393,1.86435,1.86081,1.86356,0,0,0,0,11111111,oooooooo,on,on,on,on,0,100,100,1.254,0.2658,1.460738189,-0.001033731,9.12024E-07,-2.25E-10,0.265765,0,0,0,2,2210,1,26,1.7,1.6,1.29395,2.44141,2.34741,2.67578,2.39868,2.31079,40.835,14.0795,18,831.599,572.483,35.8243,34.585,30.0009,34.2606,34.1964,25.942,22.3209,100,-999.9,405,30.9586,98.9998,99.4718
45,control,control,06rec7,3.313,1.803139968,0.03654605,44,1714762384,5381.4,20240503 11:53:03,11:53:03,15,1714762376,0.001813429,1.813429087,3.265571932,402.0115806,306.5478696,30.90442415,40.52853611,0.066186629,3,0.065385985,0.040937368,161.9186804,37.05230346,36.24987419,6.051275474,54.94568247,3.386138071,6.162700906,2.665137402,-79.97222276,53.83878403,4.249276075,140.0345178,3.265571932,1.813429087,3.20411916,418.4815069,415.9994,-0.000325389,66.94542788,1.87021413,32.21122458,33.56910182,-0.000596913,80.03591981,55,7,1,0,51612.38303,1000.011645,841.2102078,0.841200412,0.161916795,6,0.5,1: Needles,2,FALSE,1714762376,402.0115806,405.0074516,33.58785806,32.2735,400.7305806,33.32207742,800.0193871,100.714129,0.100220745,36.58275484,36.24987419,999.9,0,0,10001.21968,0,0.001624805,-3.02208,415.9565484,418.5143871,1.314347097,405.0074516,32.2735,3.382772581,3.250399677,26.04259355,25.36948065,1000.011645,0.959988129,0.040011845,0,0.696774194,0,7621.005806,7946.961613,41.687,44.625,42.766,44.062,42.48170968,959.9974194,40.01419355,0,1715097048,0,1714762401,11:53:20,1714762401,1714762171,46,0.027,0.006,1.281,0.266,405,33,0.29,0.02,-3.02224122,0.136772195,0.031069159,0,1.29457561,0.418322509,0.042681845,0,0,2,0/2,3.45824,2.78057,0.0939976,0.0947131,0.145953,0.140287,26867.5,30617.1,28837.6,34446.4,28481.8,36702.2,35466.7,45503.5,2.3057,1.99793,0.0515655,0,35.4512,999.9,63.4,35.5,36.5512,61.2092,24.0986,2,0.549957,0,20.2844,5.20561,11.974,4.9887,3.27185,3434,9999,9999,999.9,4.97276,1.86356,1.86554,1.86403,1.86397,1.86436,1.86081,1.86358,0,0,0,0,11111111,oooooooo,on,on,on,on,0,100,100,1.281,0.2658,1.537109091,-0.001033731,9.12024E-07,-2.25E-10,0.265765,0,0,0,2,2210,1,26,1.7,3.5,1.29517,2.44751,2.34741,2.67578,2.39868,2.29736,41.067,14.0532,18,770.873,572.113,36.0039,34.8219,30.0008,34.4902,34.4226,25.9695,19.77,100,-999.9,405,32.157,98.9622,99.4449
44,control,control,06rec7,2.921,3.890491355,0.072841047,45,1714762538,5535.9,20240503 11:55:38,11:55:38,15,1714762530,0.00406851,4.068509975,7.991423529,397.9743667,295.0606114,29.74756088,40.12316875,0.149622143,3,0.145596726,0.091350601,161.9097636,36.41419507,36.39037333,6.098089607,55.60099408,3.413747171,6.139723269,2.684342436,-179.4212899,20.08222,1.585562973,4.156256622,7.991423529,4.068509975,8.299641208,417.9260545,411.5276,-0.007512429,66.9456898,3.888828962,30.64728424,33.59177333,-0.032180292,80.03980339,101,13,1,0,51579.47862,999.9632333,841.1689251,0.841199853,0.161915717,6,0.5,1: Needles,2,FALSE,1714762530,397.9743667,405.1820333,33.86033333,30.91238333,396.5703667,33.59455,800.0303,100.7176,0.100875033,36.51454,36.39037333,999.9,0,0,9991.917667,0,0.001713684,-7.328095667,411.7976333,418.1067,2.947942,405.1820333,30.91238333,3.410330667,3.113420333,26.17959333,24.64688333,999.9632333,0.960005467,0.0399943,0,2.5775,0,7790.302,7946.641333,41.875,44.7686,43,44.25,42.6622,959.9703333,39.99366667,0,1715097202,0,1714762555,11:55:55,1714762555,1714762171,47,0.123,0.006,1.404,0.266,405,33,0.23,0.02,-7.217494634,-2.008657422,0.220030457,0,2.848850244,1.618710314,0.199401288,0,0,2,0/2,3.45735,2.78148,0.0931459,0.0946515,0.145926,0.135651,26881.9,30609.1,28826.7,34436.2,28472.4,36893.2,35452.2,45494.5,2.2346,1.9895,0.0654012,0,35.4041,999.9,63.1,35.8,36.9869,61.0992,24.2508,2,0.571075,0,20.2843,5.20711,11.974,4.98745,3.27183,3438.7,9999,9999,999.9,4.97278,1.86356,1.86555,1.86407,1.86398,1.86443,1.86083,1.8636,0,0,0,0,11111111,oooooooo,on,on,on,on,0,100,100,1.404,0.2658,1.564105774,-0.001033731,9.12024E-07,-2.25E-10,0.265765,0,0,0,2,2210,1,26,2.3,6.1,1.29395,2.43652,2.34741,2.67334,2.39868,2.33521,41.3001,14.0445,18,713.788,567.889,36.1448,35.0693,30.0006,34.7457,34.671,25.9407,24.9082,100,-999.9,405,30.6943,98.9232,99.421
46,control,control,06rec7,5.065,6.258400355,0.073905354,46,1714762661,5659,20240503 11:57:41,11:57:41,15,1714762653,0.002567992,2.567992104,7.413702297,398.6460968,245.9416872,24.79275379,40.18649558,0.087548297,3,0.086153312,0.053969302,161.9154329,37.13412767,36.94987097,6.287647932,54.79627594,3.427649636,6.255260193,2.859998296,-113.2484518,-15.29187794,-1.212624761,32.16247845,7.413702297,2.567992104,7.349913999,418.4423549,412.746503,0.000135724,66.94644218,2.74149852,32.1590683,34.10309333,0.010730081,80.04220472,182,23,1,0,51557.6329,999.9964194,841.1969945,0.841200007,0.161916013,6,0.5,1: Needles,2,FALSE,1714762653,398.6460968,404.9740645,34.00194839,32.14147097,397.3210968,33.7362,800.0125161,100.7073226,0.1001252,36.85532258,36.94987097,999.9,0,0,10000.03387,0,0.0018227,-6.246993548,412.761871,418.4227742,1.860491935,404.9740645,32.14147097,3.424245161,3.236879355,26.24870645,25.29940323,999.9964194,0.960000645,0.039999487,0,1.907419355,0,7888.952903,7946.888065,42.125,45.062,43.22154839,44.502,42.92506452,959.9945161,40,0,1715097325,0,1714762683,11:58:03,1714762683,1714762171,48,-0.079,0.006,1.325,0.266,405,33,0.36,0.02,-6.161826098,-1.569358537,0.171896636,0,1.799029024,1.207724948,0.125760771,0,0,2,0/2,3.45824,2.78154,0.0932527,0.094583,0.147408,0.140133,26870,30601.2,28818,34425.6,28415.4,36690.2,35441.2,45479.8,2.10422,1.9878,0.0791252,0,35.6978,999.9,62.9,36,37.2829,61.4374,24.1546,2,0.587828,0,20.2839,5.2089,11.974,4.98775,3.272,3442.4,9999,9999,999.9,4.97279,1.86356,1.8656,1.86413,1.86399,1.86444,1.86082,1.86365,0,0,0,0,11111111,oooooooo,on,on,on,on,0,100,100,1.325,0.2658,1.68695517,-0.001033731,9.12024E-07,-2.25E-10,0.265765,0,0,0,2,2210,1,26,1.8,8.2,1.29517,2.44141,2.34741,2.66479,2.39868,2.30957,41.5344,14.0182,18,614.984,568.376,36.3268,35.2675,30.0007,34.952,34.874,25.9764,21.0309,100,-999.9,405,32.0891,98.8928,99.3895
47,control,control,06rec7,2.884,1.131771077,0.007931227,47,1714762771,5769,20240503 11:59:31,11:59:31,15,1714762763,0.000507384,0.507384363,2.354586151,403.0452903,160.2381922,16.15408212,40.63217783,0.016500472,3,0.016450218,0.010285889,161.9159612,37.80427956,37.33249032,6.420206371,54.91385962,3.463189938,6.306586282,2.957016433,-22.37565042,-52.97323556,-4.211536724,82.3555385,2.354586151,0.507384363,2.255897437,419.1763096,417.4296,-0.001442708,66.94711086,0.615570661,33.97262323,34.39191455,0.006780971,80.05835645,134,17,1,0,51577.19126,1000.003387,841.202545,0.841199696,0.161915413,6,0.5,1: Needles,2,FALSE,1714762763,403.0452903,404.9645806,34.35263548,33.98517419,401.7662903,34.05863548,800.0097742,100.7127742,0.100158765,37.00496129,37.33249032,999.9,0,0,10008.46226,0,0.001716972,-1.872687742,417.4196452,419.2116129,0.339218516,404.9645806,33.98517419,3.456907097,3.422742903,26.40954839,26.24130645,1000.003387,0.960010097,0.039990245,0,0.645967742,0,3162.257742,7946.975161,42.256,45.254,43.375,44.687,43.10874194,960.0135484,39.99,0,1715097435,0,1714762788,11:59:48,1714762788,1714762788,49,-0.046,0.028,1.279,0.294,405,34,0.35,0.17,-1.875023,0.121052533,0.023970077,0,0.25112936,1.654210284,0.170905543,0,0,2,0/2,3.45907,2.78104,0.0940304,0.0945662,0.148211,0.145333,26839.6,30593.8,28810.6,34417.2,28381.8,36459.3,35431.3,45468.4,2.1808,1.98738,0.0853091,0,35.981,999.9,62.7,36.2,37.5706,61.5674,24.0745,2,0.601799,0,20.2833,5.20801,11.974,4.98755,3.272,3445.4,9999,9999,999.9,4.97276,1.86356,1.86563,1.86408,1.86401,1.86444,1.86086,1.86367,0,0,0,0,11111111,oooooooo,on,on,on,on,0,100,100,1.279,0.294,1.608281024,-0.001033731,9.12024E-07,-2.25E-10,0.265765,0,0,0,2,2210,1,26,1.5,10,1.29761,2.44873,2.34863,2.66724,2.39868,2.33032,41.7174,14.0007,18,674.496,569.502,36.5068,35.4343,30.0005,35.1154,35.0394,26.0186,16.8702,100,-999.9,405,33.8909,98.8662,99.365
48,control,heat,06rec7,3.626,2.181168051,0.016285202,48,1714762933,5930.5,20240503 12:02:12,12:02:12,15,1714762925,0.000810412,0.810412087,3.609213543,402.0641667,172.9582631,17.43594286,40.53213598,0.026947384,3,0.02681363,0.016770481,161.9143053,37.90743033,37.28342333,6.403072665,55.04923693,3.505943695,6.368741677,2.89712897,-35.73917303,-15.95687376,-1.269422941,108.9488356,3.609213543,0.810412087,3.505149806,419.332349,416.5664848,0.013485911,66.94687294,0.818547205,34.16371792,34.75381879,0.000627078,80.05919819,0,0,1,0,51519.01252,999.9931333,841.1939218,0.841199698,0.161915417,6,0.5,1: Needles,2,FALSE,1714762925,402.0641667,405.0153333,34.77769667,34.19105,400.7951667,34.46969667,800.033,100.7090667,0.101051067,37.18476333,37.28342333,999.9,0,0,10003.12033,0,0.001629912,-2.940457667,416.5558333,419.3534333,0.572470267,405.0153333,34.19105,3.501002333,3.443349333,26.62460667,26.34297,999.9931333,0.960011867,0.039988323,0,3.032166667,0,6263.383,7946.903,42.312,45.333,43.437,44.75,43.1746,960.0036667,39.98966667,0,1715097597,0,1714762953,12:02:32,1714762951,1714762953,50,-0.01,0.014,1.269,0.308,405,34,0.36,0.17,-2.938017,-0.106812383,0.021659053,0,0.554016275,0.396200229,0.043606259,0,0,2,0/2,3.45924,2.78143,0.093843,0.0945541,0.149153,0.145841,26844.8,30596.3,28810.4,34419.8,28351.2,36444,35431.6,45476.2,2.3707,1.98538,0.083074,0,35.9472,999.9,62.4,36.5,38.009,61.2474,24.0785,2,0.603346,0,20.2837,5.2086,11.974,4.9875,3.272,3450.4,9999,9999,999.9,4.97276,1.86357,1.86565,1.86417,1.86401,1.86445,1.8609,1.86369,0,0,0,0,11111111,oooooooo,on,on,on,on,0,100,100,1.269,0.308,1.561979599,-0.001033731,9.12024E-07,-2.25E-10,0.29383,0,0,0,2,2210,1,26,2.4,2.4,1.29761,2.43774,2.34741,2.66724,2.39868,2.33765,41.9802,13.9744,18,837.721,568.711,36.6993,35.4975,30.0001,35.188,35.1234,26.0302,17.4805,100,-999.9,405,34.1091,98.8664,99.3778
49,control,heat,06rec7,4.081,2.188260772,0.025198115,49,1714763050,6048,20240503 12:04:10,12:04:10,15,1714763042,0.001113592,1.113592383,3.217242008,402.2685333,246.8050924,24.88036894,40.55260539,0.037046972,3,0.036794678,0.023019198,161.9103475,37.9286746,37.30707,6.411324885,54.82682504,3.510454204,6.402804106,2.900870681,-49.10942409,-3.949054,-0.31434516,108.5375242,3.217242008,1.113592383,3.31105748,419.239201,416.6746364,-0.001871202,66.94605335,1.077670575,34.03747476,34.81360182,0.001016432,80.03193064,96,12,1,0,51496.76862,999.9694,841.1738977,0.841199638,0.161915302,6,0.5,1: Needles,2,FALSE,1714763042,402.2685333,405.0173667,34.82255333,34.01646333,400.9375333,34.50755333,800.0205333,100.7095,0.100287577,37.28265333,37.30707,999.9,0,0,10001.86233,0,0.001885687,-2.810057,416.7152333,419.2798,0.798634867,405.0173667,34.01646333,3.506212667,3.425782667,26.64985333,26.25633667,999.9694,0.9600111,0.03998865,0,1.114666667,0,5762.744667,7946.706667,42.38533333,45.406,43.5,44.812,43.25826667,959.9813333,39.98666667,0,1715097714,0,1714763070,12:04:30,1714763067,1714763070,51,0.062,0.007,1.331,0.315,405,34,0.26,0.22,-2.829568293,0.322611638,0.040330621,0,0.791093902,-0.026728599,0.025806245,1,1,2,2-Jan,3.45931,2.78097,0.0938441,0.0945456,0.149278,0.145541,26843.3,30595.3,28809,34418.5,28345.5,36458.8,35429.3,45478.6,2.2359,1.9826,0.0812486,0,36.0253,999.9,62.2,36.7,38.3068,61.5374,24.0785,2,0.606593,0,20.2835,5.2089,11.974,4.9886,3.272,3453.7,9999,9999,999.9,4.97278,1.86359,1.86569,1.86417,1.86401,1.86447,1.86095,1.86371,0,0,0,0,11111111,oooooooo,on,on,on,on,0,100,100,1.331,0.315,1.552214102,-0.001033731,9.12024E-07,-2.25E-10,0.30754,0,0,0,2,2210,1,26,1.6,1.6,1.29761,2.44751,2.34863,2.66235,2.39868,2.30713,42.1386,13.9569,18,720.181,567.073,36.8019,35.5347,30.0003,35.2438,35.1781,26.0283,18.339,100,-999.9,405,34.0996,98.8607,99.3792
50,control,heat,06rec7,3.978,1.486689641,0.016848319,50,1714763205,6202.5,20240503 12:06:44,12:06:44,15,1714763197,0.000767056,0.767055571,2.242367482,403.0664333,245.5877641,24.75881986,40.63496101,0.025412246,3,0.025293262,0.015818932,161.9176067,38.25483092,37.47089,6.468748776,54.93720548,3.563520119,6.486533284,2.905228657,-33.8271507,8.16443328,0.651155293,136.9060446,2.242367482,0.767055571,2.272589561,419.56864,417.8059758,-0.000979414,66.94713332,0.839569598,34.75632077,35.36721212,-0.000894813,80.05378582,86,11,1,0,51415.63413,1000.002833,841.2029782,0.841200595,0.161917148,6,0.5,1: Needles,2,FALSE,1714763197,403.0664333,404.9800667,35.34728,34.79233,401.7264333,35.01328,800.0096333,100.7142,0.100349773,37.52137,37.47089,999.9,0,0,9992.957333,0,0.001829307,-1.921884,417.8187667,419.5781333,0.5355728,404.9800667,34.79233,3.558022,3.504082,26.89916333,26.63952333,1000.002833,0.959982433,0.040017853,0,2.047,0,5227.325667,7946.881,42.687,45.687,43.7748,45.125,43.51653333,959.9843333,40.02,0,1715097868,0,1714763224,12:07:03,1714763221,1714763224,52,0.009,0.019,1.34,0.334,405,35,0.32,0.19,-1.9181915,-0.191018612,0.035407413,0,0.534492875,0.197617565,0.04655865,0,0,2,0/2,3.45957,2.78058,0.0939696,0.0945161,0.150813,0.147451,26830.4,30587.6,28799.6,34409.4,28286.4,36370.8,35417.9,45470.3,2.24972,1.97878,0.0700727,0,36.3521,999.9,61.9,36.9,38.538,61.7075,24.0184,2,0.621959,0,20.2829,5.20591,11.974,4.98585,3.27132,3458.3,9999,9999,999.9,4.97279,1.8636,1.86569,1.86417,1.86402,1.86447,1.86096,1.86371,0,0,0,0,11111111,oooooooo,on,on,on,on,0,100,100,1.34,0.334,1.614348268,-0.001033731,9.12024E-07,-2.25E-10,0.31462,0,0,0,2,2210,1,26,2.3,2.2,1.29883,2.44507,2.34741,2.65869,2.39868,2.34497,42.3506,13.9394,18,733.272,565.447,36.9899,35.6918,30.0004,35.3911,35.3261,26.0504,17.7806,100,-999.9,405,34.6591,98.8287,99.3576
51,control,heat,06rec7,3.531,3.674847285,0.047764835,51,1714763318,6316,20240503 12:08:38,12:08:38,15,1714763310,0.002388928,2.388927854,6.24443039,399.6659667,259.2700545,26.13854742,40.29268957,0.081163695,3,0.07996325,0.050083408,161.9127039,37.85153003,37.38348333,6.43805478,55.10658926,3.575729415,6.488751096,2.862325366,-105.3517183,23.31801824,1.859002537,81.73800638,6.24443039,2.388927854,6.396017212,419.1582847,414.2047879,-0.003366059,66.95399245,2.323579188,33.68643998,35.38020667,-0.003276061,79.85001011,141,18,1,0,51447.46345,999.9829667,841.1853928,0.841199721,0.161915462,6,0.5,1: Needles,2,FALSE,1714763310,399.6659667,405.0653333,35.46790667,33.73977,398.2949667,35.13431333,800.0053333,100.7157333,0.100180283,37.52765667,37.38348333,999.9,0,0,9999.459,0,0.001812744,-5.428383,414.3324,419.2093,1.728121333,405.0653333,33.73977,3.572172667,3.398122667,26.96669,26.11910667,999.9829667,0.960009133,0.039990693,0,-0.670333333,0,7831.819333,7946.811333,42.78513333,45.812,43.9184,45.1912,43.6248,959.9923333,39.99,0,1715097982,0,1714763335,12:08:55,1714763335,1714763224,53,0.031,0.019,1.371,0.334,405,35,0.18,0.19,-5.4115035,-0.330337486,0.040002233,0,1.7102145,0.215803452,0.049629696,0,0,2,0/2,3.45911,2.78147,0.0933109,0.0944895,0.150765,0.144387,26846.3,30584.6,28796,34405.5,28284.8,36501.4,35413.2,45469.9,2.16385,1.97348,0.0694394,0,36.2791,999.9,61.6,37.2,38.9818,61.4075,24.0585,2,0.629698,0,20.2831,5.2104,11.974,4.98885,3.272,3461.3,9999,9999,999.9,4.97278,1.86362,1.86569,1.86417,1.86403,1.86447,1.86096,1.86371,0,0,0,0,11111111,oooooooo,on,on,on,on,0,100,100,1.371,0.3336,1.623200243,-0.001033731,9.12024E-07,-2.25E-10,0.33358,0,0,0,2,2210,1,26,1.6,1.6,1.29761,2.44751,2.34741,2.65869,2.39868,2.34497,42.4571,13.9219,18,664.964,562.229,37.0665,35.7912,30.0005,35.4908,35.4195,26.0336,21.0939,100,-999.9,405,33.73,98.8159,99.3523
52,control,heat,06rec7,4.698,-135.3021363,-0.313642962,52,1714763425,6422.5,20240503 12:10:24,12:10:24,15,1714763417,-0.02048236,-20.4823603,-172.7996632,542.8661667,-119.4945964,-12.04269342,54.71017946,-0.400565724,3,-0.432878741,-0.267430527,161.9275089,43.66860514,37.46403667,6.466337558,29.14726509,1.895586177,6.5034787,4.570751381,903.2720894,17.03403552,1.358821426,1083.592455,-172.7996632,-20.4823603,-172.5352078,419.2147629,553.1458545,-0.0136887,66.94856727,-20.22664381,33.89325089,18.94508788,0.018304357,80.05931275,800,100,1,0,51423.06947,1000.075967,841.2634932,0.84119959,0.161915209,6,0.5,1: Needles,2,FALSE,1714763417,542.8661667,404.9808667,18.80910667,33.87605333,541.5399667,18.80678,800.3123333,100.7113,0.068934287,37.56935667,37.46403667,999.9,0,0,9996.374,0,0.00186116,137.8851667,553.2726667,419.181,-15.06695,404.9808667,33.87605333,1.894292333,3.411706333,16.58726,26.18665667,1000.075967,0.9600123,0.039987837,0,6.446333333,0,10448.35833,7947.558667,42.937,45.89566667,44.0124,45.312,43.7374,960.0856667,39.98933333,0,1715098089,0,1714763335,12:08:55,1714763335,1714763224,53,0.031,0.019,1.371,0.334,405,35,0.18,0.19,137.9756,-1.485545966,0.145930086,0,-15.12385,0.973643527,0.093666355,0,0,2,0/2,3.45889,2.74859,0.117062,0.0944639,0.0980413,0.144953,26135.6,30580.3,28790.7,34400.2,30030,36472.8,35409.6,45464.2,0.323,1.97057,0.0772625,0,36.269,999.9,61.4,37.3,39.0735,61.3975,22.2837,2,0.638862,0,20.2832,5.20726,11.974,4.9897,3.272,3464.7,9999,9999,999.9,4.97278,1.86365,1.86569,1.86417,1.86403,1.86447,1.86096,1.86371,0,0,0,0,11111111,oooooooo,on,on,on,on,0,100,100,1.327,0.0079,1.654163293,-0.001033731,9.12024E-07,-2.25E-10,-0.26932241,-0.018148581,0.00209196,-1.91E-05,2,2210,1,26,1.5,3.4,1.29883,2.45117,2.34741,2.65259,2.39868,2.33521,42.5904,13.8956,18,2.19621,560.929,37.129,35.901,30.0005,35.8793,35.5239,26.0396,21.2131,100,-999.9,405,33.8257,98.8022,99.3385
53,control,heat,06rec7,4.617,4.606284952,0.082916641,53,1714763560,6557.5,20240503 12:12:39,12:12:39,15,1714763552,0.003002969,3.002969356,5.986075311,399.6015333,293.4837564,29.58524849,40.28267461,0.107753919,3,0.105649065,0.066216354,161.9182737,37.35542486,36.78385333,6.230874483,55.01156795,3.503883338,6.369357335,2.726991144,-132.4309486,65.1283916,5.168724046,99.78444077,5.986075311,3.002969356,6.008726529,418.6287994,413.9765394,-0.001846328,66.9478214,2.999522947,32.57768123,34.74981091,-0.000174667,80.05225737,136,17,1,0,51504.48721,1000.014267,841.2119823,0.841199981,0.161915964,6,0.5,1: Needles,2,FALSE,1714763552,399.6015333,404.9910333,34.75829667,32.58437333,398.2035333,34.42405,800.0074,100.707,0.100107207,37.18653667,36.78385333,999.9,0,0,10000.45333,0,0.001669408,-5.422238667,413.9572667,418.6320333,2.173928667,404.9910333,32.58437333,3.500404,3.281473,26.6217,25.52961667,1000.014267,0.960002467,0.03999775,0,1.4135,0,7347.702667,7947.029667,43,45.875,44.1124,45.2416,43.75826667,960.0156667,40,0,1715098224,0,1714763577,12:12:56,1714763577,1714763469,55,0.035,0.001,1.398,0.334,405,34,0.28,0.01,-5.42085925,-0.055180075,0.021899739,1,2.18149075,-0.11118,0.013511364,0,1,2,2-Jan,3.45842,2.78078,0.0932619,0.0944263,0.148862,0.141123,26840.6,30580.1,28788.9,34398.8,28341.9,36638.3,35404.5,45466.6,2.17013,1.96602,0.0606105,0,35.7794,999.9,61.1,37.6,39.5245,61.7875,24.2989,2,0.643186,0,20.2828,5.2101,11.974,4.98845,3.272,3468.3,9999,9999,999.9,4.97278,1.86369,1.86569,1.86417,1.8641,1.86447,1.86096,1.86371,0,0,0,0,11111111,oooooooo,on,on,on,on,0,100,100,1.398,0.3343,1.646541584,-0.001033731,9.12024E-07,-2.25E-10,0.33426,0,0,0,2,2210,1,26,1.5,1.5,1.29761,2.44629,2.34741,2.65625,2.39868,2.33276,42.7242,13.8694,18,671.591,558.045,37.0783,35.9684,29.9998,35.6671,35.5885,26.0228,25.1511,100,-999.9,405,32.5355,98.7916,99.3399
54,control,heat,06rec7,5.319,4.801277476,0.044451274,54,1714763662,6660,20240503 12:14:22,12:14:22,15,1714763654,0.00149767,1.497670415,5.415992641,400.4605333,211.5284533,21.32339686,40.36893734,0.050142441,3,0.049681458,0.031091975,161.9213994,37.95550484,37.34004,6.422846173,54.82483527,3.534072337,6.446115742,2.888773836,-66.04726529,10.7446616,0.85592474,107.4747205,5.415992641,1.497670415,5.379650733,419.2392472,415.0606606,0.000582385,66.94977154,1.618593977,33.93972682,35.10630788,0.001219538,80.07624551,313,39,1,0,51460.57844,1000.033833,841.2284198,0.841199959,0.161915921,6,0.5,1: Needles,2,FALSE,1714763654,400.4605333,404.9724,35.05805667,33.97417,399.0745333,34.72380667,799.9904667,100.7061667,0.100115047,37.40647333,37.34004,999.9,0,0,9999.037333,0,0.001775158,-4.498025667,415.0244,419.2149333,1.083894767,404.9724,33.97417,3.530566333,3.421411667,26.76743333,26.23470333,1000.033833,0.960000767,0.039999273,0,0.257333333,0,7704.980333,7947.184667,42.8288,45.625,43.937,45.01653333,43.63946667,960.034,40,0,1715098326,0,1714763678,12:14:38,1714763678,1714763469,56,-0.012,0.001,1.386,0.334,405,34,0.26,0.01,-4.493888,-0.164073546,0.038321327,0,0.98282575,1.810413501,0.184473935,0,0,2,0/2,3.45918,2.78122,0.093424,0.0944472,0.14991,0.145052,26838.3,30581,28791.4,34400.4,28309.6,36472,35407.9,45468.5,1.8748,1.96905,0.104252,0,35.7088,999.9,60.8,37.7,39.5454,61.3875,24.2228,2,0.637912,0,20.2831,5.2104,11.974,4.98755,3.272,3471.3,9999,9999,999.9,4.97278,1.86366,1.86569,1.86418,1.86405,1.86447,1.86096,1.86372,0,0,0,0,11111111,oooooooo,on,on,on,on,0,100,100,1.386,0.3343,1.681480064,-0.001033731,9.12024E-07,-2.25E-10,0.33426,0,0,0,2,2210,1,26,1.4,3.2,1.30005,2.44873,2.34741,2.65381,2.39868,2.35718,42.751,13.8518,18,468.773,560.161,36.9918,35.9081,30,35.654,35.5689,26.065,21.788,100,-999.9,405,33.9345,98.8007,99.3441
55,control,heat,06rec7,5.849,7.310103162,0.086867442,55,1714763749,6746.5,20240503 12:15:48,12:15:48,15,1714763741,0.002490632,2.490632067,7.498823555,398.6898333,247.4930373,24.94842601,40.18975206,0.089110045,3,0.087665289,0.05491866,161.9170147,37.6687724,36.89762,6.269731309,55.10562547,3.545228397,6.433514486,2.724502912,-109.8368741,76.48549352,6.078798136,134.6444322,7.498823555,2.490632067,7.584928964,418.9522567,413.0769576,-0.003002654,66.94810986,2.388889986,33.23625243,35.03832061,-0.018745746,80.04797025,186,23,1,0,51477.11013,1000.006367,841.2053472,0.841199992,0.161915984,6,0.5,1: Needles,2,FALSE,1714763741,398.6898333,405.0587333,35.16932667,33.36703667,397.2598333,34.83507667,799.9949667,100.7044667,0.100090403,37.37052333,36.89762,999.9,0,0,10001.35467,0,0.00177898,-6.410473,413.1794667,419.0409667,1.802285,405.0587333,33.36703667,3.541712333,3.360214,26.82099333,25.92943667,1000.006367,0.96,0.0399999,0,0.749,0,7080.264333,7946.958333,42.77066667,45.6208,43.875,45,43.604,960.007,40,0,1715098413,0,1714763771,12:16:11,1714763771,1714763469,57,0.044,0.001,1.43,0.334,405,34,0.35,0.01,-6.3967595,-0.177777861,0.030269698,0,1.748685,0.92621651,0.096642265,0,0,2,0/2,3.45885,2.78107,0.0930888,0.0944436,0.149708,0.143128,26850,30584.9,28793.2,34404.5,28318,36560.6,35410.2,45476.6,2.08917,1.96808,0.0700355,0,35.8053,999.9,60.6,37.8,39.6286,61.3975,24.2348,2,0.63518,0,20.283,5.2095,11.974,4.9885,3.27185,3473.7,9999,9999,999.9,4.9728,1.86365,1.86569,1.86418,1.86409,1.86448,1.86096,1.86371,0,0,0,0,11111111,oooooooo,on,on,on,on,0,100,100,1.43,0.3343,1.669323589,-0.001033731,9.12024E-07,-2.25E-10,0.33426,0,0,0,2,2210,1,26,1.2,4.7,1.30005,2.46338,2.34863,2.65259,2.39868,2.31689,42.8046,13.8256,18,610.001,559.259,37.014,35.8844,29.9998,35.6213,35.5495,26.0652,23.7868,100,-999.9,405,33.3652,98.807,99.3593
56,control,heat,06rec7,4.613,5.655967028,0.089073219,56,1714763871,6869,20240503 12:17:51,12:17:51,15,1714763863,0.003230258,3.230258009,7.356558024,398.511129,279.6465831,28.18843503,40.17000654,0.115855043,3,0.113425644,0.071105056,161.9173888,37.61574561,36.93782903,6.28351487,54.82410159,3.552883308,6.480513507,2.730631561,-142.4543782,91.61822671,7.287625408,118.3688627,7.356558024,3.230258009,7.402472434,418.7803765,413.0453515,-0.001724202,66.94891826,3.257455961,32.91829234,35.27314303,0.000515774,80.05693006,210,26,1,0,51457.45606,1000.007774,841.206607,0.841200067,0.16191613,6,0.5,1: Needles,2,FALSE,1714763863,398.511129,404.993871,35.24678387,32.90953548,397.069129,34.91253226,800.018129,100.6999032,0.10030939,37.50429677,36.93782903,999.9,0,0,10002.33871,0,0.001794649,-6.492187419,413.0607742,418.7755806,2.337254839,404.993871,32.90953548,3.549347742,3.313985806,26.85766452,25.69574516,1000.007774,0.959996581,0.040003497,0,2.609193548,0,6409.863226,7946.960968,42.812,45.68903226,43.875,45.163,43.643,960.0058065,40.00258065,0,1715098535,0,1714763893,12:18:12,1714763893,1714763469,58,0.012,0.001,1.442,0.334,405,34,0.41,0.01,-6.4743575,-0.309058086,0.035581321,0,2.33846075,0.016578124,0.009912107,1,1,2,2-Jan,3.45848,2.78081,0.0930486,0.0944254,0.150382,0.142107,26849.8,30583.7,28791.7,34402.5,28294.1,36603.6,35408.2,45475.9,2.04848,1.96535,0.0509806,0,36.134,999.9,60.3,38,39.8642,61.4275,24.3309,2,0.636855,0,20.283,5.21025,11.974,4.9875,3.272,3477.3,9999,9999,999.9,4.9728,1.8637,1.8657,1.86419,1.86407,1.86448,1.86096,1.86371,0,0,0,0,11111111,oooooooo,on,on,on,on,0,100,100,1.442,0.3342,1.713191457,-0.001033731,9.12024E-07,-2.25E-10,0.33426,0,0,0,2,2210,1,26,1.7,6.7,1.29883,2.46338,2.34863,2.65137,2.39868,2.28394,42.939,13.7993,18,581.09,557.4,37.1011,35.8981,30.0002,35.6405,35.5725,26.0651,25.3141,100,-999.9,405,32.9342,98.8015,99.3559
57,control,heat,06rec7,4.107,2.562481399,0.040366559,57,1714763978,6976,20240503 12:19:38,12:19:38,15,1714763970,0.001743932,1.743931914,3.743581299,401.6838333,282.8212094,28.50654933,40.48713332,0.058972328,3,0.058335806,0.036516495,161.9137493,38.19774371,37.44676333,6.460263717,54.89088434,3.597405913,6.553740128,2.862857803,-76.90739743,42.74520744,3.411876779,131.1634361,3.743581299,1.743931914,3.621163781,419.4128371,416.6021515,-0.000621595,66.9494789,1.768741501,34.31418806,35.63389152,-0.010366372,80.05973207,188,23,1,0,51437.06997,999.9862667,841.1884335,0.841199986,0.161915973,6,0.5,1: Needles,2,FALSE,1714763970,401.6838333,405.0169,35.69084,34.42957333,400.2648333,35.35657,800.0003,100.6936667,0.09986785,37.71105333,37.44676333,999.9,0,0,10005.795,0,0.00180924,-3.308892333,416.5758333,419.4586333,1.261260667,405.0169,34.42957333,3.593844,3.466843,27.06973,26.45819667,999.9862667,0.9600029,0.03999715,0,1.531833333,0,6137.044667,7946.814333,42.875,45.875,44,45.25,43.7122,959.9876667,39.999,0,1715098642,0,1714763994,12:19:54,1714763994,1714763469,59,-0.023,0.001,1.419,0.334,405,34,0.31,0.01,-3.323332927,0.149341254,0.025440176,0,1.175292976,1.309570348,0.134143538,0,0,2,0/2,3.45943,2.78088,0.0936227,0.0944173,0.151376,0.146037,26828.2,30577.8,28787.2,34396,28257.3,36428.4,35402.5,45466.5,2.0849,1.96513,0.0681728,0,36.3701,999.9,60.2,38.1,40.0188,61.3475,24.1987,2,0.645678,0,20.283,5.20666,11.974,4.9874,3.27192,3480.3,9999,9999,999.9,4.97277,1.8637,1.86574,1.86418,1.86407,1.86449,1.86097,1.86372,0,0,0,0,11111111,oooooooo,on,on,on,on,0,100,100,1.419,0.3342,1.725195084,-0.001033731,9.12024E-07,-2.25E-10,0.33426,0,0,0,2,2210,1,26,1.4,8.5,1.30127,2.44995,2.34863,2.64771,2.39868,2.34497,43.0739,13.7906,18,607.785,557.913,37.2045,35.9996,30.0005,35.7224,35.653,26.0982,21.8471,100,-999.9,405,34.4921,98.7859,99.3361
1,high,control,07pre,3.43,1.762002269,0.026888603,1,1751646965,0,20250704 09:36:05,9:36:05,15,1751646957,0.000569366,0.569366259,3.082219712,399.0405333,286.7210555,29.03275353,40.40598075,0.047035457,3,0.046629581,0.029179663,161.9169943,23.06634666,22.28539667,2.70004586,55.19113758,1.489222616,2.698300273,1.210823244,-25.10905203,-1.71871456,-0.117895214,134.9713325,3.082219712,0.569366259,4.689522164,406.8840462,403.5016,-0.053830896,66.96588301,0.358734222,14.32814277,14.56305576,0.007417752,79.11774634,68,8,1,0,54374.69055,1000.007567,841.2062455,0.84119988,0.161915769,6,0.5,1: Needles,2,FALSE,1751646957,399.0405333,401.5225333,14.70723333,14.2865,398.4585333,14.84723333,800.0209333,101.1578,0.100035673,22.27477,22.28539667,999.9,0,0,10005.62667,0,0.00152894,-2.821328333,404.5792333,407.3421,0.242053967,401.5225333,14.2865,1.469675667,1.44519,12.65627,12.40025333,1000.007567,0.960004333,0.03999542,0,2.107333333,0,8920.373,7946.986333,33.08936667,37.30816667,34.5811,37.79766667,33.71856667,960.0116667,39.99633333,0,1751646984,0,1751646982,9:36:22,1751646982,1751646982,1,0.339,0.19,0.582,-0.14,396,14,0.27,0.09,-2.57457175,-3.426374972,0.495059728,0,0.248967425,-0.176390803,0.018795377,0,0,2,0/2,3.44811,2.78051,0.0968285,0.0975228,0.0855069,0.0825031,27306.4,31010,29358.8,34938.5,31059.6,39691.6,36153.3,46131.4,2.48047,2.3109,0.0688806,0,21.1869,999.9,62.2,23,17.3395,62.55,26.2139,2,-0.436911,0,20.295,5.21175,11.968,4.99065,3.27132,3549.5,9999,9999,999.9,4.97255,1.86234,1.86401,1.86242,1.86249,1.8631,1.85959,1.86241,0,0,0,0,11111111,oooooooo,on,on,on,on,0,100,100,0.582,-0.14,0.523987067,-0.001033731,9.12024E-07,-2.25E-10,-0.44790241,-0.018148581,0.00209196,-1.91E-05,2,2210,1,26,2569.1,2569.1,0.969238,2.34497,2.34741,2.74536,2.39868,2.21802,27.0791,14.5348,18,746.147,674.188,21.6168,21.5791,30.0005,21.2777,21.1926,19.47,26.3591,66.9205,-999.9,405,14.4104,100.821,100.838
2,high,control,07pre,4.5,5.521838806,0.0819574,2,1751647065,99.5,20250704 09:37:44,9:37:44,15,1751647057,0.001304291,1.304290988,7.362451741,397.0464333,280.797481,28.43225389,40.203085,0.109276533,3,0.107112417,0.067136128,161.9090008,23.40849466,22.51829,2.738551002,54.96301248,1.531578658,2.786562433,1.206972344,-57.51923255,46.32280776,3.18984247,153.9024185,7.362451741,1.304290988,8.353464473,408.2630026,402.2073818,-0.087038597,66.96362925,1.350021663,14.16153839,15.15790182,0.000199238,79.13536914,152,19,1,0,54274.09783,999.952,841.1600228,0.8412004,0.161916773,6,0.5,1: Needles,2,FALSE,1751647057,397.0464333,402.9567,15.1259,14.16247333,396.4394333,15.2749,799.9959667,101.1553,0.10007373,22.8047,22.51829,999.9,0,0,10005.273,0,0.00152894,-5.934806333,403.1331667,408.7456,0.997000233,402.9567,14.16247333,1.533461333,1.432610667,13.30594333,12.26727667,999.952,0.959984367,0.040015513,0,0.518166667,0,14286.35333,7946.481667,34.18726667,38.21226667,35.66646667,38.7664,34.74553333,959.9383333,40.01133333,0,1751647083,0,1751647084,9:38:03,1751647082,1751647084,2,0.026,-0.004,0.607,-0.149,398,14,0.21,0.06,-6.251645,3.64247122,0.605162543,0,0.996874975,-0.015872049,0.013029447,1,1,2,2-Jan,3.44799,2.78064,0.0964368,0.0976689,0.0871178,0.0817537,27315.2,31002.9,29355.9,34936.6,31002.2,39723.7,36151.1,46130.8,2.3404,2.30815,0.0679865,0,21.4522,999.9,62.7,23,17.4784,62.46,26.1979,2,-0.429568,0,20.2957,5.20995,11.968,4.9903,3.27125,3552.4,9999,9999,999.9,4.97256,1.86234,1.86401,1.86247,1.86249,1.8631,1.85959,1.86243,0,0,0,0,11111111,oooooooo,on,on,on,on,0,100,100,0.607,-0.149,0.862980119,-0.001033731,9.12024E-07,-2.25E-10,-0.258278123,-0.018148581,0.00209196,-1.91E-05,2,2210,1,26,1.4,1.4,1.06567,2.34619,2.34741,2.74414,2.39868,2.2583,27.3285,14.5261,18,643.142,674.46,21.9155,21.688,30.0004,21.4548,21.3798,21.3875,27.441,66.9205,-999.9,405,14.1258,100.813,100.835
3,high,control,07pre,4.284,5.129793692,0.069463449,3,1751647202,236.4000001,20250704 09:40:01,9:40:01,15,1751647194,0.001269453,1.269452938,7.184585003,397.7347742,270.6713031,27.40669395,40.27244524,0.097287744,3,0.095568406,0.059882199,161.9157303,23.82000025,23.29779355,2.870947523,54.47244157,1.555362577,2.855320108,1.315584946,-55.98287456,-14.61310846,-1.012323132,90.30742414,7.184585003,1.269452938,6.570998769,409.6122246,404.4493697,0.047287323,66.96464102,1.341727461,14.42694178,15.41568727,0.000500844,79.12669432,313,39,1,0,54128.59032,1000.003677,841.2026452,0.841199552,0.161915135,6,0.5,1: Needles,2,FALSE,1751647194,397.7347742,403.501871,15.36091935,14.42345806,397.1887742,15.50291935,800.0029355,101.1543548,0.100169158,23.20744194,23.29779355,999.9,0,0,9991.569032,0,0.00152894,-5.705250968,404.0148065,409.4069032,0.967342355,403.501871,14.42345806,1.556844839,1.458994839,13.53815806,12.54506129,1000.003677,0.960015258,0.039984939,0,1.830483871,0,10177.40258,7946.990323,35.61464516,39.43925806,36.99770968,40.03403226,36.05619355,960.0174194,39.98516129,0,1751647221,0,1751647226,9:40:25,1751647225,1751647226,3,-0.06,0,0.546,-0.142,400,14,0.24,0.07,-5.711941951,0.472945296,0.130838764,0,0.949102878,0.296331679,0.030053676,0,0,2,0/2,3.44816,2.78086,0.0967787,0.0978511,0.0881383,0.0828264,27301.8,30994.1,29353.1,34934.4,30964.9,39676,36148.4,46129.1,2.03977,2.3049,0.100709,0,21.6817,999.9,63,23.2,17.7749,62.23,26.1979,2,-0.420752,0,20.2959,5.21609,11.968,4.9918,3.272,3556.7,9999,9999,999.9,4.97258,1.86234,1.86401,1.86249,1.8625,1.8631,1.85961,1.86249,0,0,0,0,11111111,oooooooo,on,on,on,on,0,100,100,0.546,-0.142,0.888650267,-0.001033731,9.12024E-07,-2.25E-10,-0.262439109,-0.018148581,0.00209196,-1.91E-05,2,2210,1,26,2,2,1.16699,2.34497,2.34741,2.74414,2.39868,2.25952,27.5994,14.5085,18,459.268,674.523,22.2681,21.8398,30.0004,21.6569,21.583,23.416,26.4968,66.9205,-999.9,405,14.4903,100.805,100.83
4,high,control,07pre,4.595,3.258561199,0.023708826,4,1751647337,371.9000001,20250704 09:42:17,9:42:17,15,1751647329,0.000401812,0.401812285,4.254922131,401.3038667,174.3132786,17.65065788,40.63532805,0.030958206,3,0.030781814,0.019254398,161.9166362,24.50419935,23.43768333,2.895290762,54.58935944,1.602868512,2.936228834,1.29242225,-17.71992176,37.6764012,2.618011123,184.4911267,4.254922131,0.401812285,4.141776858,410.9815992,407.8220545,0.001241233,66.96435852,0.43448106,15.54318357,15.86235394,0.000373795,79.12935486,118,15,1,0,54084.02342,1000.007367,841.2059084,0.841199712,0.161915443,6,0.5,1: Needles,2,FALSE,1751647329,401.3038667,404.6159333,15.82951,15.53292667,400.7938667,15.93651,800.0148667,101.1581333,0.10011864,23.67063333,23.43768333,999.9,0,0,9998.878333,0,0.00152894,-3.276225,407.7986,410.9998333,0.3056804,404.6159333,15.53292667,1.602204333,1.571282333,13.98001667,13.68002667,1000.007367,0.960008467,0.039991403,0,1.653,0,7877.711,7947.004667,36.906,40.5935,38.28106667,41.20396667,37.27476667,960.0163333,39.99066667,0,1751647356,0,1751647356,9:42:36,1751647356,1751647354,4,-0.035,-0.002,0.51,-0.107,403,16,0.35,0.24,-3.274318293,0.008156864,0.021435275,1,0.298261244,0.123352014,0.012579698,0,1,2,2-Jan,3.44862,2.78024,0.0973369,0.0979847,0.0899029,0.0874102,27281.8,30983.8,29350.2,34928.7,30902,39471.4,36145.9,46122.2,2.39042,2.30393,0.0821277,0,22.108,999.9,63.2,23.3,17.9385,62.07,26.0337,2,-0.410955,0,20.2949,5.20875,11.968,4.99,3.2713,3561,9999,9999,999.9,4.9726,1.86236,1.86409,1.86249,1.86261,1.86321,1.8597,1.86249,0,0,0,0,11111111,oooooooo,on,on,on,on,0,100,100,0.51,-0.107,0.82806517,-0.001033731,9.12024E-07,-2.25E-10,-0.262727356,-0.018148581,0.00209196,-1.91E-05,2,2210,1,26,1.9,1.9,1.22437,2.33643,2.34741,2.7417,2.39868,2.28882,27.85,14.491,18,683.979,676.127,22.616,21.9942,30.0004,21.817,21.7622,24.5509,20.9043,68.4253,-999.9,405,15.6331,100.796,100.814
5,high,control,07pre,3.126,4.410565946,0.055159846,5,1751647460,494.9000001,20250704 09:44:20,9:44:20,15,1751647452,0.001311575,1.311575097,8.465577631,397.8462258,261.1255031,26.44188234,40.28638708,0.105873024,3,0.103840264,0.06507955,161.9220374,24.53664933,23.33194516,2.876873916,54.51362443,1.626313376,2.983315442,1.25056054,-57.8404618,97.54924235,6.783829975,208.4146479,8.465577631,1.311575097,8.561985555,410.8112128,404.2870909,0.001276146,66.9658721,1.354312294,15.09205684,16.09121818,5.09176E-05,79.11752932,411,51,1,0,54030.12117,1000.032581,841.2278017,0.841200395,0.161916762,6,0.5,1: Needles,2,FALSE,1751647452,397.8462258,404.5866129,16.06057742,15.09271613,397.3452258,16.18757742,800.0178065,101.1609355,0.100266619,23.93508387,23.33194516,999.9,0,0,9997.483226,0,0.00152894,-6.728550645,404.3668387,410.7864194,1.003648032,404.5866129,15.09271613,1.628322258,1.526792581,14.22948387,13.23916129,1000.032581,0.959986548,0.040013158,0,-0.062580645,0,10449.34516,7947.124194,37.43522581,40.39290323,38.75580645,40.79409677,37.61677419,960.0193548,40.01451613,0,1751647479,0,1751647478,9:44:38,1751647477,1751647478,5,-0.009,-0.004,0.501,-0.127,404,15,0.11,0.09,-6.6631145,-1.246994296,0.121981908,0,1.0174071,-0.227274642,0.024717622,0,0,2,0/2,3.44835,2.78056,0.0966387,0.0979429,0.0907794,0.0855238,27297.4,30980.1,29344.8,34923.6,30866.9,39548.8,36139.9,46116.8,1.81507,2.29935,0.0641868,0,22.2939,999.9,63.5,23.4,18.1348,62.01,26.1538,2,-0.398895,0,20.2931,5.2107,11.968,4.99065,3.27132,3564.9,9999,9999,999.9,4.97259,1.8624,1.86417,1.86252,1.86264,1.86324,1.85973,1.86249,0,0,0,0,11111111,oooooooo,on,on,on,on,0,100,100,0.501,-0.127,0.793520235,-0.001033731,9.12024E-07,-2.25E-10,-0.26463957,-0.018148581,0.00209196,-1.91E-05,2,2210,1,26,1.7,1.8,1.23779,2.34009,2.34741,2.73926,2.39868,2.29126,28.0594,14.4735,18,352.779,674.59,22.9131,22.1673,30.0004,22.0016,21.9292,24.8282,24.1527,69.7524,-999.9,405,15.2382,100.779,100.801
6,high,control,07pre,4.809,7.183477757,0.097681109,6,1751647577,611.9000001,20250704 09:46:17,9:46:17,15,1751647569,0.001569828,1.569828198,8.96254243,397.6517097,270.6971741,27.41059529,40.2659175,0.121872874,3,0.119187692,0.074728633,161.9102073,24.70539852,23.82984194,2.96449814,54.9060003,1.661269531,3.025661169,1.303228609,-69.22942353,54.98502271,3.837983364,151.5037898,8.96254243,1.569828198,8.972601644,411.0838443,404.2606606,-0.003066492,66.96150867,1.558603301,15.24569962,16.39565152,-3.93E-05,79.1557574,333,42,1,0,53990.24655,999.9694194,841.1738397,0.841199564,0.161915159,6,0.5,1: Needles,2,FALSE,1751647569,397.6517097,404.8418387,16.4061,15.24803871,397.1627097,16.49119677,799.9957097,101.1593548,0.099904258,24.16980968,23.82984194,999.9,0,0,9998.187097,0,0.00152894,-7.175990323,404.2988387,411.1104194,1.158055161,404.8418387,15.24803871,1.659630323,1.54248129,14.52390968,13.39589677,999.9694194,0.960012968,0.039986819,0,0.406612903,0,9741.584516,7946.715484,36.01990323,38.68925806,37.30422581,37.9593871,36.31022581,959.983871,39.98419355,0,1751647596,0,1751647594,9:46:34,1751647594,1751647478,6,-0.011,-0.004,0.489,-0.127,405,15,0.17,0.09,-7.18356875,0.156539325,0.028030382,0,1.15679375,-0.003036585,0.007219108,1,1,2,2-Jan,3.44847,2.78046,0.0965784,0.0979354,0.0919687,0.0861201,27293.4,30974.4,29339,34917.6,30820.5,39517.1,36133.4,46109.7,1.99233,2.29585,0.0865161,0,22.4372,999.9,63.6,23.5,18.271,62.13,26.0136,2,-0.388026,0,20.2951,5.2083,11.968,4.99045,3.27132,3568.5,9999,9999,999.9,4.97259,1.86244,1.86417,1.86254,1.86263,1.86322,1.85974,1.8625,0,0,0,0,11111111,oooooooo,on,on,on,on,0,100,100,0.489,-0.0855,0.783977967,-0.001033731,9.12024E-07,-2.25E-10,-0.269131157,-0.018148581,0.00209196,-1.91E-05,2,2210,1,26,1.7,1.6,1.25,2.35229,2.34741,2.73926,2.39868,2.28027,28.2692,14.4648,18,438.172,673.706,23.1545,22.32,30.0005,22.148,22.0793,25.0766,24.1271,70.1085,-999.9,405,15.2259,100.76,100.785
7,high,control,07pre,3.745,4.06175231,0.059388317,7,1751647705,739.9000001,20250704 09:48:25,9:48:25,15,1751647697,0.00127071,1.270709835,6.507480337,399.6227742,281.1616381,28.47086647,40.46642608,0.095148172,3,0.093502937,0.058584784,161.9158413,24.91820872,24.09265806,3.011685021,54.65673977,1.667329099,3.050546201,1.344355923,-56.03830374,34.57185259,2.418004144,142.8673943,6.507480337,1.270709835,6.457560527,411.2675928,406.347703,0.00010767,66.96484232,1.345633199,15.53356679,16.52470242,0.000346964,79.12587738,100,12,1,0,53994.43076,999.9941935,841.1955205,0.841200405,0.161916781,6,0.5,1: Needles,2,FALSE,1751647697,399.6227742,404.8841935,16.46556774,15.52823548,399.1567742,16.58056774,800.0067419,101.1615161,0.100045252,24.3064129,24.09265806,999.9,0,0,10003.56452,0,0.00152894,-5.236030323,406.3524194,411.2704516,0.970404258,404.8841935,15.52823548,1.669025806,1.570857419,14.61130645,13.67587097,999.9941935,0.959985226,0.04001451,0,1.577580645,0,8368.502903,7946.81129,37.33248387,40.7356129,38.68122581,40.37877419,37.55622581,959.98,40.01322581,0,1751647724,0,1751647724,9:48:44,1751647723,1751647724,7,-0.023,-0.002,0.466,-0.115,405,16,0.17,0.1,-5.22097225,-0.35578818,0.042118766,0,0.967622,0.132707572,0.016448698,0,0,2,0/2,3.44881,2.7809,0.0969257,0.0979302,0.0924573,0.087281,27278.5,30970.1,29334.7,34913.2,30799.5,39462.5,36128.2,46104.5,2.4131,2.2927,0.0959635,0,22.5321,999.9,63.7,23.6,18.4109,62.38,25.8614,2,-0.379278,0,20.2957,5.21265,11.968,4.99135,3.272,3572.4,9999,9999,999.9,4.97261,1.86248,1.86417,1.86258,1.86264,1.86325,1.85974,1.8625,0,0,0,0,11111111,oooooooo,on,on,on,on,0,100,100,0.466,-0.115,0.77303238,-0.001033731,9.12024E-07,-2.25E-10,-0.269131157,-0.018148581,0.00209196,-1.91E-05,2,2210,1,26,1.9,3.8,1.25732,2.35229,2.34741,2.73804,2.39868,2.30469,28.4584,14.4385,18,707.067,672.921,23.3505,22.4582,30.0004,22.2724,22.2157,25.2266,22.9075,70.16,-999.9,405,15.548,100.745,100.773
8,high,control,07pre,5.027,7.132711726,0.114005346,8,1751647817,851.4000001,20250704 09:50:16,9:50:16,15,1751647809,0.001799103,1.799103035,8.513282346,397.9851333,288.3098389,29.19505307,40.30107725,0.136071629,3,0.132733559,0.083251566,161.9122611,25.00176876,24.18209333,3.027891599,54.59329662,1.687306779,3.090684907,1.34058482,-79.34044384,55.4134492,3.881718292,141.8669847,8.513282346,1.799103035,8.555698706,411.1983876,404.680103,0.000488827,66.95647123,1.832682209,15.37854838,16.70175091,0.007007727,79.12602718,4,0,1,0,53978.36082,999.9780333,841.1814272,0.841199906,0.161915818,6,0.5,1: Needles,2,FALSE,1751647809,397.9851333,404.907,16.66265667,15.33583333,397.4941333,16.7407,800.0124,101.1627333,0.100037237,24.52471,24.18209333,999.9,0,0,10007.99133,0,0.001545185,-6.944178333,404.7063,411.2135333,1.326833667,404.907,15.33583333,1.685641667,1.551416,14.76482,13.48449667,999.9780333,0.960003267,0.039996553,0,1.0215,0,11355.13,7946.744333,38.33313333,41.75393333,39.64973333,41.89973333,38.5414,959.9826667,39.996,0,1751647836,0,1751647834,9:50:33,1751647834,1751647724,8,0.025,-0.002,0.491,-0.115,405,16,0.21,0.1,-6.917334634,-0.517280488,0.058550225,0,1.32997561,-0.061332544,0.009597278,1,1,2,2-Jan,3.44877,2.78069,0.0965894,0.0978938,0.0931438,0.0866828,27286,30967.7,29332.2,34909.6,30774,39485.6,36125.9,46101,2.55432,2.2895,0.0952184,0,22.6583,999.9,63.8,23.7,18.55,62.32,25.8454,2,-0.372475,0,20.2954,5.2113,11.968,4.99095,3.272,3576,9999,9999,999.9,4.9726,1.86248,1.86417,1.86262,1.86264,1.86325,1.85974,1.86253,0,0,0,0,11111111,oooooooo,on,on,on,on,0,100,100,0.491,-0.0765,0.749729692,-0.001033731,9.12024E-07,-2.25E-10,-0.270947292,-0.018148581,0.00209196,-1.91E-05,2,2210,1,26,1.6,1.5,1.26099,2.3584,2.34741,2.7356,2.39868,2.27051,28.5847,14.4297,18,824.157,671.77,23.5065,22.5638,30.0004,22.3784,22.3279,25.2894,24.0187,70.7115,-999.9,405,15.4014,100.738,100.764
9,high,control,07pre,3.297,2.491137523,0.061203362,9,1751647932,966.4000001,20250704 09:52:11,9:52:11,15,1751647924,0.001502422,1.502421689,4.533462281,401.0614516,326.7956389,33.09216337,40.61250977,0.111380095,3,0.109132782,0.068406124,161.9160634,25.35775927,24.37434839,3.0629885,54.14408403,1.701713094,3.142934494,1.361275407,-66.25679646,69.68265128,4.892928138,170.2348464,4.533462281,1.502421689,4.546594918,411.4017298,407.9345758,0.000891901,66.95686922,1.541573314,15.81320578,16.89033758,0.014719528,79.12247108,585,73,1,0,53873.36341,1000.000419,841.2003504,0.841199998,0.161915996,6,0.5,1: Needles,2,FALSE,1751647924,401.0614516,404.9132258,16.80495806,15.69714839,400.5874516,16.87806129,800.0509032,101.1624194,0.10014179,24.80519032,24.37434839,999.9,0,0,9997.543871,0,0.00152894,-3.833605161,407.9349032,411.3705161,1.107809032,404.9132258,15.69714839,1.700030323,1.587961935,14.89666452,13.84222258,1000.000419,0.960002935,0.039996926,0,2.720806452,0,7196.045484,7946.932258,36.34245161,38.63283871,37.64090323,37.97351613,36.64890323,960.0019355,40,0,1751647950,0,1751647955,9:52:35,1751647955,1751647724,9,-0.016,-0.002,0.474,-0.115,405,16,0.37,0.1,-3.818413659,-0.352315192,0.039902544,0,1.16186878,-1.0988377,0.113301421,0,0,2,0/2,3.44881,2.78082,0.0971167,0.0978684,0.0938515,0.0884459,27264.6,30963.9,29326.7,34904.8,30744.4,39404.2,36119.5,46094.9,1.34397,2.28713,0.0850558,0,23.057,999.9,63.8,23.7,18.5497,61.5,26.0256,2,-0.362599,0,20.2943,5.21489,11.968,4.99155,3.272,3579.6,9999,9999,999.9,4.97259,1.86249,1.86417,1.86264,1.86264,1.86325,1.85974,1.86252,0,0,0,0,11111111,oooooooo,on,on,on,on,0,100,100,0.474,-0.0698,0.774362133,-0.001033731,9.12024E-07,-2.25E-10,-0.270947292,-0.018148581,0.00209196,-1.91E-05,2,2210,1,26,1.6,3.5,1.26343,2.35474,2.34741,2.7356,2.39868,2.29492,28.7323,14.421,18,189.372,671.498,23.7276,22.6962,30.0005,22.5644,22.4557,25.3397,21.9445,72.4021,-999.9,405,15.9253,100.72,100.751
10,high,control,07pre,3.703,3.565224686,0.03538526,10,1751648044,1078.9,20250704 09:54:04,9:54:04,15,1751648036,0.00080829,0.808289645,5.776761576,400.3854516,230.5334736,23.34220996,40.54023535,0.057335015,3,0.056733153,0.035511769,161.9153838,25.54775317,24.73002258,3.128856623,54.70926457,1.72082999,3.145408742,1.408026633,-35.64557335,14.28911474,1.005209239,141.5641344,5.776761576,0.808289645,5.720656052,411.7293029,407.3644424,0.000811484,66.96352413,0.857693379,16.41043232,17.04075576,0.000493541,79.13703289,12,1,1,0,53828.40294,999.9919355,841.1935734,0.841200357,0.16191669,6,0.5,1: Needles,2,FALSE,1751648036,400.3854516,404.9608065,16.99534516,16.39942258,399.9354516,17.08034516,799.9889677,101.153129,0.099889003,24.81837097,24.73002258,999.9,0,0,9990.263548,0,0.00152894,-4.549235806,407.3423226,411.7125806,0.615186613,404.9608065,16.39942258,1.721080968,1.658852903,15.0878871,14.51664516,999.9919355,0.959989645,0.040010165,0,1.28983871,0,8130.975161,7946.812903,36.52803226,39.72558065,37.91909677,38.85864516,36.83235484,959.9809677,40.0116129,0,1751648063,0,1751648065,9:54:25,1751648061,1751648065,10,-0.024,0.001,0.45,-0.085,405,16,0.26,0.17,-4.549934634,-0.04068439,0.01731801,1,0.606981146,0.153754432,0.015793786,0,1,2,2-Jan,3.44919,2.78116,0.0969815,0.0978539,0.0943893,0.090738,27263.9,30958.1,29322,34898.3,30720.9,39298.1,36113.4,46086.8,2.5387,2.28515,0.0926405,0,23.22,999.9,64,23.8,18.7235,61.48,25.8013,2,-0.353229,0,20.2961,5.21175,11.968,4.9914,3.272,3583.1,9999,9999,999.9,4.9726,1.86249,1.86418,1.86264,1.86265,1.86328,1.85974,1.86259,0,0,0,0,11111111,oooooooo,on,on,on,on,0,100,100,0.45,-0.085,0.758012012,-0.001033731,9.12024E-07,-2.25E-10,-0.270947292,-0.018148581,0.00209196,-1.91E-05,2,2210,1,26,1.5,5.3,1.26587,2.35962,2.34741,2.73438,2.39868,2.23511,28.859,14.4035,18,814.498,671.516,23.8957,22.8259,30.0004,22.632,22.5808,25.3772,19.8,75.1498,-999.9,405,16.4305,100.703,100.733
11,high,heat,07pre,3.844,4.180340191,0.06091049,11,1751648194,1228.4,20250704 09:56:33,9:56:33,15,1751648186,0.001290636,1.290636359,6.524984689,399.6924,280.72885,28.42401746,40.46917073,0.095073605,3,0.093430924,0.058539552,161.9138833,25.55596533,24.55824,3.096890853,54.62197572,1.731582213,3.170120066,1.365308641,-56.91706342,63.28352296,4.450953629,172.7312965,6.524984689,1.290636359,6.424519418,411.591187,406.6929636,0.000170106,66.95569953,1.343818338,16.16134078,17.15116,0.000195694,79.13509395,85,11,1,0,53846.34013,999.9918,841.1926934,0.841199591,0.161915211,6,0.5,1: Needles,2,FALSE,1751648186,399.6924,404.9732,17.10191333,16.15046,399.2674,17.19691333,799.9745,101.1510333,0.099755343,24.94951667,24.55824,999.9,0,0,9998.537667,0,0.00152894,-5.253276,406.6891667,411.6212,0.985812633,404.9732,16.15046,1.733351,1.633636333,15.19837667,14.27978,999.9918,0.9600121,0.039987667,0,1.757833333,0,7631.340667,7946.889667,38.029,41.52473333,39.40386667,41.35386667,38.28726667,960.0046667,39.986,0,1751648212,0,1751648214,9:56:53,1751648212,1751648214,11,-0.026,-0.001,0.425,-0.095,405,16,0.21,0.08,-5.249007317,-0.106288641,0.024672804,0,0.984551707,0.014261101,0.002235551,1,1,2,2-Jan,3.44893,2.78011,0.0968231,0.0978153,0.0947797,0.0896965,27265.2,30956.9,29318.6,34896,30704.7,39342,36109.9,46085.2,2.42803,2.28205,0.0823066,0,23.2307,999.9,64.3,24,19.0387,61.61,25.8454,2,-0.346126,0,20.2949,5.20591,11.968,4.9894,3.2708,3587.7,9999,9999,999.9,4.9726,1.86249,1.86419,1.86264,1.86266,1.86326,1.85974,1.86257,0,0,0,0,11111111,oooooooo,on,on,on,on,0,100,100,0.425,-0.095,0.734237357,-0.001033731,9.12024E-07,-2.25E-10,-0.270129656,-0.018148581,0.00209196,-1.91E-05,2,2210,1,26,2.2,2.1,1.26587,2.36206,2.34741,2.73438,2.39868,2.23999,29.0494,14.386,18,725.094,670.505,24.0418,22.945,30.0002,22.7555,22.6985,25.3908,22.3121,77.2647,-999.9,405,16.1678,100.692,100.728
12,high,heat,07pre,3.967,1.212292273,0.037053101,12,1751648301,1335.9,20250704 09:58:21,9:58:21,15,1751648293,0.000834385,0.834385157,1.833565323,403.3559,341.5909779,34.58617231,40.83988619,0.056041998,3,0.055466829,0.034717953,161.9238751,25.90356332,25.34518333,3.245705206,54.76589583,1.760254179,3.214142949,1.485451027,-36.79638541,-26.56190328,-1.877792589,96.68779387,1.833565323,0.834385157,1.744413044,411.8819213,410.5670182,-0.004608304,66.96046643,0.88632442,16.78111122,17.43197818,0.000567973,79.18671897,16,2,1,0,53853.20339,1000.049333,841.2414408,0.841199942,0.161915887,6,0.5,1: Needles,2,FALSE,1751648293,403.3559,404.9835,17.38518333,16.77027,402.9759,17.45718333,799.9949,101.1505667,0.099684503,25.18095333,25.34518333,999.9,0,0,10008.014,0,0.00152894,-1.582078,410.5469667,411.891,0.6345207,404.9835,16.77027,1.760506333,1.696323,15.44046333,14.86283,1000.049333,0.9599994,0.04000044,0,3.6775,0,6967.517667,7947.301,37.4685,39.9893,38.79143333,39.70176667,37.7143,960.0486667,40,0,1751648320,0,1751648322,9:58:42,1751648319,1751648322,12,-0.045,0.002,0.38,-0.072,405,17,0.37,0.2,-1.586119024,0.114841882,0.019403346,0,0.622568537,0.201966794,0.020682572,0,0,2,0/2,3.44915,2.78033,0.0974915,0.0977957,0.0958469,0.0921495,27242.6,30954.1,29316.2,34892.4,30666,39232.2,36107.5,46080.9,2.52925,2.28078,0.12134,0,23.3625,999.9,64.5,24.1,19.2127,61.97,25.8053,2,-0.340767,0,20.2928,5.20531,11.968,4.9893,3.2705,3590.9,9999,9999,999.9,4.97263,1.8625,1.86425,1.86266,1.86269,1.86331,1.85975,1.86263,0,0,0,0,11111111,oooooooo,on,on,on,on,0,100,100,0.38,-0.072,0.708608008,-0.001033731,9.12024E-07,-2.25E-10,-0.271558093,-0.018148581,0.00209196,-1.91E-05,2,2210,1,26,1.5,1.5,1.26709,2.36328,2.34741,2.73315,2.39868,2.25464,29.1554,14.3597,18,809.448,670.579,24.1799,23.0245,30.0004,22.8362,22.7845,25.4158,19.7476,79.6318,-999.9,405,16.7603,100.685,100.718
13,high,heat,07pre,2.662,1.420751663,0.027316546,13,1751648398,1432.9,20250704 09:59:58,9:59:58,15,1751648390,0.000931803,0.931802953,3.202295259,402.3192903,309.5871207,31.34690408,40.73639814,0.061569975,3,0.060876498,0.038109466,161.9080007,25.81441864,25.42043226,3.260257023,54.61676386,1.748754514,3.201864026,1.511502509,-41.09251022,-49.12757086,-3.473263828,68.21465576,3.202295259,0.931802953,3.254097124,411.8273432,409.3629758,-0.005073245,66.96331802,0.952553698,16.58367182,17.28567273,1.32785E-05,79.13885532,23,3,1,0,53879.77795,999.9495161,841.1576235,0.841200091,0.161916175,6,0.5,1: Needles,2,FALSE,1751648390,402.3192903,405.002129,17.27098387,16.5842129,401.9342903,17.35198387,800.0132581,101.154129,0.099773316,25.11668065,25.42043226,999.9,0,0,10010.54581,0,0.00152894,-2.686842903,409.3966129,411.8319677,0.713162194,405.002129,16.5842129,1.749700968,1.677562258,15.34453548,14.69034516,999.9495161,0.959997161,0.040002577,0,1.835806452,0,5230.872258,7946.50129,35.69532258,38.00777419,36.92925806,37.29219355,36.09248387,959.9477419,40.00096774,0,1751648417,0,1751648417,10:00:17,1751648415,1751648417,13,0.005,-0.002,0.385,-0.081,405,17,0.27,0.13,-2.647846829,-0.715206063,0.080709818,0,0.723997195,-0.206814794,0.021333868,0,0,2,0/2,3.44934,2.77993,0.0972821,0.0977902,0.0952656,0.0913388,27247.1,30952.6,29314.5,34890.8,30684.4,39266.5,36105.3,46079.8,2.51877,2.27887,0.118934,0,23.4838,999.9,64.7,24.1,19.2721,61.99,25.6971,2,-0.33686,0,20.2952,5.20965,11.968,4.9907,3.27125,3593.8,9999,9999,999.9,4.97262,1.86249,1.86429,1.86266,1.86267,1.86332,1.85979,1.86263,0,0,0,0,11111111,oooooooo,on,on,on,on,0,100,100,0.385,-0.081,0.663652474,-0.001033731,9.12024E-07,-2.25E-10,-0.269845145,-0.018148581,0.00209196,-1.91E-05,2,2210,1,26,1.3,1.3,1.26709,2.36572,2.34741,2.73315,2.39868,2.26685,29.2614,14.3597,18,801.404,669.799,24.2829,23.0885,30.0003,22.8981,22.8446,25.4209,21.6119,82.1085,-999.9,405,16.5855,100.679,100.714
14,high,heat,07pre,5.573,3.561094463,0.053113295,14,1751648568,1602.4,20250704 10:02:47,10:02:47,15,1751648560,0.000871236,0.871236121,3.833943438,401.8359667,285.1392976,28.87193421,40.68811872,0.057182805,3,0.056584116,0.03541834,161.9174637,26.3602235,25.75233,3.325122516,54.64032961,1.805571279,3.304466302,1.519551237,-38.42151295,-16.99414064,-1.206685074,105.295125,3.833943438,0.871236121,3.832551498,412.0858187,409.1612667,-5.99E-05,66.9620363,0.926616397,17.19990617,17.88022606,0.000553883,79.16761287,120,15,1,0,53652.08532,1000.004067,841.2038381,0.841200417,0.161916805,6,0.5,1: Needles,2,FALSE,1751648560,401.8359667,404.9740667,17.83182667,17.19003667,401.4489667,17.89082667,799.9816667,101.1553667,0.100175637,25.64725667,25.75233,999.9,0,0,9984.811667,0,0.00152894,-3.138999,409.1402667,412.0574,0.664835633,404.9740667,17.19003667,1.806117333,1.738865333,15.83982,15.2478,1000.004067,0.9599864,0.040013313,0,2.091833333,0,7755.985,7946.894,37.5164,41.1748,38.94566667,40.67473333,37.85393333,959.9883333,40.014,0,1751648586,0,1751648588,10:03:07,1751648586,1751648588,14,0.002,0,0.387,-0.059,405,17,0.58,0.16,-3.132466585,-0.125119861,0.023213484,0,0.658034146,0.100353805,0.015110247,0,0,2,0/2,3.44951,2.78091,0.0971733,0.0977629,0.0975181,0.0937462,27245.2,30948.3,29309.3,34885.5,30601.9,39157.8,36099.4,46074.3,2.36713,2.27628,0.111379,0,23.9528,999.9,65,24.3,19.5944,62.1301,25.7252,2,-0.327548,0,20.2952,5.2107,11.968,4.99035,3.27132,3599.4,9999,9999,999.9,4.97259,1.8625,1.86431,1.86274,1.86275,1.86332,1.8598,1.86264,0,0,0,0,11111111,oooooooo,on,on,on,on,0,100,100,0.387,-0.059,0.668747047,-0.001033731,9.12024E-07,-2.25E-10,-0.271550565,-0.018148581,0.00209196,-1.91E-05,2,2210,1,26,2.5,2.5,1.26831,2.36084,2.34741,2.73193,2.39868,2.27173,29.4527,14.3422,18,682.012,669.385,24.5455,23.219,30.0005,23.0304,22.9774,25.448,19.3525,86.6478,-999.9,405,17.2222,100.662,100.701
15,high,heat,07pre,5.304,2.330775888,0.069675268,15,1751648652,1686.9,20250704 10:04:12,10:04:12,15,1751648644,0.001167669,1.167668768,2.636624308,402.6771333,339.5788178,34.38369375,40.77264689,0.078818176,3,0.077685589,0.048653896,161.9306573,26.34148775,25.64365667,3.303760574,54.90272871,1.820352473,3.315595628,1.483408101,-51.49419269,9.7499852,0.692126199,120.878576,2.636624308,1.167668768,2.728156419,412.039927,409.9645818,-0.001868288,66.95939486,1.201348817,17.11637938,18.00117091,-4.20E-06,79.20079654,86,11,1,0,53746.44871,1000.090267,841.2759539,0.841200022,0.161916042,6,0.5,1: Needles,2,FALSE,1751648644,402.6771333,405.0072,17.97809,17.1181,402.2811333,18.04109,800.0160333,101.1538667,0.100074813,25.70394,25.64365667,999.9,0,0,10005.25367,0,0.00152894,-2.338469,410.0544333,412.0608667,0.893070133,405.0072,17.1181,1.821900667,1.731562667,15.97596333,15.18231667,1000.090267,0.9599991,0.04000073,0,-0.265,0,6722.114667,7947.625333,38.22886667,41.7435,39.62486667,41.52266667,38.4727,960.086,40.00433333,0,1751648671,0,1751648672,10:04:32,1751648669,1751648672,15,0.01,-0.001,0.396,-0.063,405,17,0.23,0.1,-2.26235775,-1.355843865,0.146302286,0,0.897928925,-0.115195801,0.016270448,0,0,2,0/2,3.44948,2.78071,0.0972809,0.0977368,0.0979477,0.0933883,27237.2,30945.6,29304.6,34881.9,30582.1,39169.9,36093.3,46070.1,2.4198,2.27352,0.0940859,0,24.1205,999.9,65.1,24.4,19.7427,62.0301,25.641,2,-0.319456,0,20.2937,5.21385,11.968,4.9911,3.272,3602,9999,9999,999.9,4.97261,1.86252,1.86431,1.86276,1.86277,1.86339,1.85985,1.86264,0,0,0,0,11111111,oooooooo,on,on,on,on,0,100,100,0.396,-0.063,0.670428722,-0.001033731,9.12024E-07,-2.25E-10,-0.271298528,-0.018148581,0.00209196,-1.91E-05,2,2210,1,26,1.1,1.1,1.26953,2.36572,2.34741,2.73315,2.39868,2.27661,29.5591,14.3247,18,723.634,668.36,24.6951,23.3318,30.0004,23.1287,23.0729,25.4503,20.4098,89.0143,-999.9,405,17.0498,100.645,100.691
16,high,heat,07pre,4.593,5.96364067,0.083253257,16,1751648808,1843,20250704 10:06:48,10:06:48,15,1751648800,0.00148006,1.480059968,7.790516878,398.7126129,274.6693372,27.81066407,40.37022352,0.108756704,3,0.106612911,0.066822161,161.9182519,26.32599851,25.05669677,3.190441456,54.67139091,1.819588528,3.328227977,1.370852928,-65.2706446,115.05586,8.146102181,219.8495695,7.790516878,1.480059968,7.856756988,411.9712259,405.9756061,0.000538494,66.96291494,1.491671763,16.88369294,17.98201758,7.91208E-05,79.15814861,110,14,1,0,53682.56294,1000.014097,841.2118423,0.841199984,0.161915969,6,0.5,1: Needles,2,FALSE,1751648800,398.7126129,404.998129,17.97099032,16.8808871,398.2736129,18.00325484,799.9949677,101.1516452,0.099788123,25.76807742,25.05669677,999.9,0,0,9995.320323,0,0.00152894,-6.325838387,405.9679355,411.9521935,1.090106452,404.998129,16.8808871,1.817794194,1.707527097,15.94064516,14.96503548,1000.014097,0.959998419,0.040002077,0,4.005645161,0,8597.570645,7947.020645,35.49977419,38.04012903,36.82645161,37.11051613,35.95545161,960.0132258,40,0,1751648827,0,1751648837,10:07:16,1751648837,1751648672,16,0.043,-0.001,0.439,-0.063,405,17,0.35,0.1,-6.31513,-0.190252474,0.026889322,0,1.087426341,0.064022091,0.006347598,1,1,2,2-Jan,3.44955,2.78119,0.0965147,0.0976856,0.0978371,0.0924381,27253.3,30940,29297.6,34874.5,30579.7,39203.6,36085.3,46061.1,2.37915,2.26817,0.0580028,0,24.1582,999.9,65.1,24.5,19.8626,61.7519,25.601,2,-0.306651,0,20.2959,5.21235,11.968,4.99095,3.27192,3606.5,9999,9999,999.9,4.97257,1.86252,1.86432,1.86276,1.86277,1.86339,1.85987,1.86264,0,0,0,0,11111111,oooooooo,on,on,on,on,0,100,100,0.439,-0.0319,0.679930726,-0.001033731,9.12024E-07,-2.25E-10,-0.272198418,-0.018148581,0.00209196,-1.91E-05,2,2210,1,26,2.3,2.3,1.26953,2.36206,2.34741,2.72827,2.39868,2.28271,29.687,14.3159,18,694.498,666.169,24.8829,23.513,30.0005,23.3018,23.2437,25.4558,22.0926,91.1756,-999.9,405,16.9613,100.622,100.671
17,high,heat,07pre,3.278,2.476980468,0.038155291,17,1751648989,2024,20250704 10:09:49,10:09:49,15,1751648981,0.001079973,1.079972997,4.53382636,401.2625667,287.6273177,29.11545244,40.61832954,0.069838849,3,0.068948048,0.043171618,161.9146283,26.76191634,26.11333,3.396952961,54.56969733,1.852499536,3.394740353,1.544453426,-47.62680915,-1.78233072,-0.127075418,112.378413,4.53382636,1.079972997,4.466305239,412.2378442,408.8243455,0.001196981,66.96131865,1.135864579,17.51916544,18.35183333,0.000894962,79.17502493,53,7,1,0,53644.64789,999.9916667,841.1929784,0.841199988,0.161915978,6,0.5,1: Needles,2,FALSE,1751648981,401.2625667,404.9879667,18.30057333,17.50541333,400.8665667,18.34357333,799.9966333,101.1264667,0.09984476,26.10231,26.11333,999.9,0,0,10002.20567,0,0.00152894,-3.680478667,408.7985333,412.2037667,0.819142033,404.9879667,17.50541333,1.853099,1.770262333,16.24202667,15.52663333,999.9916667,0.9600025,0.039997603,0,0.959,0,6334.600333,7946.859333,37.50186667,41.4519,38.9685,40.88306667,37.9331,959.9936667,39.99933333,0,1751649008,0,1751649007,10:10:07,1751649006,1751649007,17,-0.043,0.002,0.396,-0.043,405,18,0.24,0.13,-3.674675122,-0.076485784,0.016822061,1,0.820271512,-0.009518049,0.006809575,1,2,2,2-Feb,3.44965,2.78062,0.0969126,0.0976097,0.0991486,0.0948851,27230.6,30931.5,29287,34863.1,30523.4,39086.2,36071.5,46047.1,2.46235,2.26385,0.0996515,0,24.5113,999.9,65,24.6,19.9558,62.2819,25.601,2,-0.288041,0,20.2952,5.20741,11.968,4.99055,3.27132,3612.4,9999,9999,999.9,4.97264,1.8626,1.86432,1.86278,1.86279,1.8634,1.85988,1.86264,0,0,0,0,11111111,oooooooo,on,on,on,on,0,100,100,0.396,-0.043,0.723269279,-0.001033731,9.12024E-07,-2.25E-10,-0.272198418,-0.018148581,0.00209196,-1.91E-05,2,2210,1,26,2.5,5.3,1.26953,2.36938,2.34741,2.72827,2.39868,2.23999,29.9006,14.2809,18,763.515,665.763,25.1383,23.7772,30.0005,23.5463,23.4892,25.4693,18.9791,95.2204,-999.9,405,17.6285,100.585,100.639
18,high,heat,07pre,3.518,3.115781302,0.06685287,18,1751649129,2164,20250704 10:12:09,10:12:09,15,1751649121,0.001720462,1.720461508,5.314010179,400.5069032,315.7873546,31.96637993,40.54233219,0.114018539,3,0.111664707,0.069997877,161.9195083,26.88288385,26.22640968,3.419730108,55.06867666,1.901067739,3.452176181,1.518662369,-75.87235252,25.86993406,1.848133132,113.7652229,5.314010179,1.720461508,5.24342255,412.1749512,408.1688,0.001060567,66.96201783,1.715258648,17.49294931,18.75744667,-0.000553134,79.16742081,21,3,1,0,53655.00509,1000.026194,841.2216543,0.84119962,0.161915267,6,0.5,1: Needles,2,FALSE,1751649121,400.5069032,405.0090645,18.78014194,17.51406774,400.1349032,18.77947097,800.0246774,101.1276129,0.099936142,26.38636129,26.22640968,999.9,0,0,10014.00903,0,0.00152894,-4.476537419,408.1986129,412.2290323,1.266067419,405.0090645,17.51406774,1.899190323,1.771156129,16.62799677,15.53450968,1000.026194,0.960015161,0.039985042,0,-0.06016129,0,7800.432903,7947.173548,36.61664516,39.32835484,37.87070968,38.72354839,37.05429032,960.0377419,39.9883871,0,1751649148,0,1751649150,10:12:30,1751649150,1751649007,18,-0.024,0.002,0.372,-0.043,405,18,0.23,0.13,-4.469316829,-0.020205366,0.025529398,1,1.263133659,0.077537352,0.013124188,1,2,2,2-Feb,3.44971,2.78065,0.096728,0.0975627,0.100601,0.0946961,27229.1,30926.9,29280,34857,30466.4,39088.2,36062.6,46039.5,2.50668,2.25942,0.0880659,0,24.8053,999.9,65.2,24.8,20.2578,61.6619,25.5208,2,-0.275099,0,20.2936,5.2119,11.968,4.99115,3.272,3616.6,9999,9999,999.9,4.97262,1.86264,1.86432,1.86279,1.86279,1.8634,1.85989,1.86275,0,0,0,0,11111111,oooooooo,on,on,on,on,0,100,100,0.372,-0.0002,0.679735984,-0.001033731,9.12024E-07,-2.25E-10,-0.26987966,-0.018148581,0.00209196,-1.91E-05,2,2210,1,26,2,2,1.27075,2.37061,2.34863,2.73071,2.39868,2.26318,30.1361,14.2634,18,803.509,664.617,25.4126,23.9776,30.0006,23.74,23.6843,25.4828,20.7197,98.9609,-999.9,405,17.4168,100.56,100.622
19,high,heat,07pre,3.271,2.412096706,0.032887252,19,1751649284,2318.5,20250704 10:14:43,10:14:43,15,1751649276,0.000967325,0.967325123,4.424512453,401.3983,274.17634,27.75631227,40.63566009,0.060325133,3,0.059659251,0.037346246,161.9198968,27.24763433,26.6451,3.505230397,54.69846488,1.907667736,3.487607449,1.597562661,-42.65903791,-13.83867128,-0.991561976,104.4306256,4.424512453,0.967325123,4.358229475,412.4939196,409.1646182,6.85648E-05,66.95670323,1.000833973,18.13270554,18.86898788,4.65515E-05,79.23884466,33,4,1,0,53607.16047,1000.027933,841.2231731,0.841199676,0.161915374,6,0.5,1: Needles,2,FALSE,1751649276,401.3983,405.0079333,18.84390667,18.13207667,401.0533,18.86890667,799.9918,101.1355,0.099757083,26.55953667,26.6451,999.9,0,0,10009.91767,0,0.00152894,-3.580717667,409.1490333,412.4870333,0.741099333,405.0079333,18.13207667,1.908747667,1.833797667,16.70702667,16.07789667,1000.027933,0.960010367,0.03998942,0,2.725333333,0,8744.005667,7947.169667,35.87886667,39.25806667,37.25806667,38.24146667,36.40806667,960.0383333,39.99033333,0,1751649303,0,1751649302,10:15:01,1751649302,1751649302,19,-0.027,-0.002,0.345,-0.025,405,18,0.63,0.11,-3.575506,0.00740848,0.026836921,1,0.73187055,0.099820548,0.017845418,1,2,2,2-Feb,3.45007,2.78068,0.0968537,0.0975172,0.100971,0.0971144,27215.7,30917.1,29270.4,34845.2,30443.9,38971.1,36050.5,46024.3,2.4855,2.255,0.0995845,0,25.037,999.9,65.1,24.9,20.3456,61.8019,25.5048,2,-0.25813,0,20.2954,5.2083,11.968,4.98915,3.27132,3621.5,9999,9999,999.9,4.97263,1.86264,1.86439,1.86282,1.86284,1.8634,1.85991,1.86278,0,0,0,0,11111111,oooooooo,on,on,on,on,0,100,100,0.345,-0.025,0.656177774,-0.001033731,9.12024E-07,-2.25E-10,-0.26987966,-0.018148581,0.00209196,-1.91E-05,2,2210,1,26,2.2,4.6,1.27075,2.36328,2.34741,2.72949,2.39868,2.27051,30.4154,14.2546,18,788.863,663.918,25.6233,24.2177,30.0006,23.9732,23.9158,25.5005,18.1837,100,-999.9,405,18.1739,100.527,100.589
20,mod,heat,07pre,2.636,0.569283889,0.012358185,20,1751649431,2466,20250704 10:17:11,10:17:11,15,1751649423,0.000448706,0.448706147,1.29579034,403.8883667,320.5690383,32.45492455,40.89030724,0.028129404,3,0.027983693,0.017502837,161.9133809,27.47555638,26.62208667,3.500482857,54.75801577,1.920580618,3.507396298,1.579902239,-19.78794109,5.41869512,0.388399789,147.9325347,1.29579034,0.448706147,1.26209431,412.6649898,411.7010788,-0.000180519,66.95746997,0.498534167,18.64681681,19.01190182,0.000422363,79.22557334,390,49,1,0,53555.82028,999.9836,841.1862231,0.841200019,0.161916036,6,0.5,1: Needles,2,FALSE,1751649423,403.8883667,404.9961,18.97027,18.64013333,403.5413667,18.97827,800.0215333,101.1415,0.10010688,26.65559,26.62208667,999.9,0,0,10002.646,0,0.00152894,-1.109204333,411.7031667,412.6886,0.345124467,404.9961,18.64013333,1.920197,1.885291,16.80120333,16.51248667,999.9836,0.959999767,0.040000417,0,-0.033666667,0,5779.666,7946.783333,37.63933333,41.89346667,39.13926667,41.3872,38.16013333,959.9843333,40,0,1751649450,0,1751649448,10:17:27,1751649446,1751649448,20,0.002,-0.002,0.347,-0.008,405,19,0.54,0.14,-1.103842439,-0.036973171,0.019863846,1,0.333581341,0.184501087,0.018377281,0,1,2,2-Jan,3.45052,2.78068,0.0972433,0.0974644,0.101447,0.0990116,27192.3,30907.7,29258.7,34833.8,30416.1,38877.3,36036.1,46009.8,1.8368,2.2493,0.0867583,0,25.2342,999.9,65.1,25.1,20.5882,61.7619,25.4728,2,-0.237962,0,20.2954,5.21205,11.968,4.99135,3.272,3626.1,9999,9999,999.9,4.97262,1.86264,1.86446,1.86282,1.86287,1.86342,1.85989,1.86278,0,0,0,0,11111111,oooooooo,on,on,on,on,0,100,100,0.347,-0.008,0.628914278,-0.001033731,9.12024E-07,-2.25E-10,-0.271578404,-0.018148581,0.00209196,-1.91E-05,2,2210,1,26,2.2,2.2,1.27197,2.36694,2.34741,2.72705,2.39868,2.29492,30.6524,14.2371,18,376.252,662.508,25.8222,24.489,30.0008,24.2559,24.1752,25.5128,16.4193,100,-999.9,405,18.6277,100.487,100.557
21,mod,heat,07pre,2.02,1.445870627,0.01362363,21,1751649566,2601,20250704 10:19:26,10:19:26,15,1751649558,0.000662227,0.662227059,4.294665229,401.575,222.4564191,22.52278521,40.65779493,0.040466228,3,0.040165418,0.025130226,161.9169513,27.71119934,27.01763667,3.582868824,54.91590792,1.959266815,3.567758213,1.623602009,-29.20421332,-11.6369052,-0.836973244,120.2388595,4.294665229,0.662227059,4.366072827,412.7729813,409.4360848,-0.000177782,66.95897187,0.7194469,18.8695961,19.39764242,0.000266524,79.20254156,0,0,1,0,53461.87418,1000.0067,841.2055668,0.841199931,0.161915866,6,0.5,1: Needles,2,FALSE,1751649558,401.575,404.9954333,19.35158,18.86452333,401.195,19.35858,800.0037333,101.1456667,0.1001652,26.94568667,27.01763667,999.9,0,0,9994.001667,0,0.00152894,-3.452059667,409.4787333,412.7823,0.5144865,404.9954333,18.86452333,1.960103,1.908064333,17.12567333,16.70137333,1000.0067,0.9600038,0.039996073,0,1.851666667,0,6699.858,7946.983667,36.2351,38.91013333,37.4769,38.26426667,36.6915,960.0096667,39.998,0,1751649585,0,1751649583,10:19:43,1751649583,1751649583,21,0.033,-0.006,0.38,-0.007,405,19,0.83,0.14,-3.429061463,-0.455550314,0.047550829,0,0.503628439,0.194894969,0.02175807,0,0,2,0/2,3.45062,2.78106,0.0967604,0.0974146,0.102826,0.0997924,27197,30899.4,29248.9,34823.5,30358.2,38832.3,36022.9,45996.1,2.53385,2.24445,0.0927113,0,25.5143,999.9,65,25.3,20.8025,61.9719,25.3726,2,-0.222434,0,20.2937,5.2119,11.968,4.99095,3.272,3630.3,9999,9999,999.9,4.97263,1.86264,1.86445,1.86287,1.86291,1.86347,1.85992,1.86279,0,0,0,0,11111111,oooooooo,on,on,on,on,0,100,100,0.38,-0.007,0.630669616,-0.001033731,9.12024E-07,-2.25E-10,-0.273741167,-0.018148581,0.00209196,-1.91E-05,2,2210,1,26,2,2,1.27197,2.37183,2.34741,2.72705,2.39868,2.28394,30.8253,14.2196,18,837.939,661.321,26.0591,24.7154,30.0006,24.4561,24.3983,25.5208,16.5524,100,-999.9,405,18.7676,100.451,100.527
22,mod,heat,07pre,3.243,3.047237185,0.032571935,22,1751649804,2839,20250704 10:23:24,10:23:24,15,1751649796,0.001007598,1.007598015,5.637811629,400.4654839,240.6916491,24.36761402,40.54311138,0.060262599,3,0.059598088,0.037307898,161.9124937,28.00680299,27.40225161,3.664595175,54.8336433,2.000868449,3.648979583,1.663726726,-44.43507246,-11.79159786,-0.8513616,104.8344618,5.637811629,1.007598015,5.593595107,412.86942,408.5924909,8.25778E-05,66.95536191,1.06069946,19.01328928,19.79322606,-3.49E-05,79.25631908,218,27,1,0,53448.48601,999.9789677,841.1822554,0.841199948,0.161915899,6,0.5,1: Needles,2,FALSE,1751649796,400.4654839,404.9965806,19.76362258,19.02284194,400.1124839,19.76462258,799.981129,101.1399677,0.099996784,27.32934516,27.40225161,999.9,0,0,10005.30484,0,0.00152894,-4.50235871,408.5827742,412.8501935,0.773523452,404.9965806,19.02284194,2.002203871,1.923969032,17.46177097,16.83213226,999.9789677,0.960003097,0.039997097,0,2.265967742,0,8014.478065,7946.759032,37.11867742,41.24164516,38.59854839,40.60058065,37.7356129,959.9816129,39.99741935,0,1751649823,0,1751649824,10:23:44,1751649821,1751649824,22,-0.027,-0.001,0.353,-0.001,405,19,0.53,0.13,-4.495236829,-0.143042718,0.020127604,0,0.766417512,0.139017596,0.014906694,0,0,2,0/2,3.45061,2.78038,0.0964788,0.0973217,0.104184,0.100229,27192.7,30890.2,29236.2,34811.2,30298.7,38801.4,36006.6,45981.2,2.16698,2.23647,0.0917204,0,25.9068,999.9,64.8,25.6,21.1119,61.7519,25.3526,2,-0.198402,0,20.2948,5.20845,11.9682,4.98985,3.27132,3637.6,9999,9999,999.9,4.97263,1.86272,1.86447,1.86294,1.86295,1.86356,1.86002,1.86279,0,0,0,0,11111111,oooooooo,on,on,on,on,0,100,100,0.353,-0.001,0.66371781,-0.001033731,9.12024E-07,-2.25E-10,-0.279390246,-0.018148581,0.00209196,-1.91E-05,2,2210,1,26,3.7,3.7,1.27319,2.36938,2.34863,2.72339,2.39868,2.27783,31.2591,14.1933,18,562.842,659.189,26.4796,25.0722,30.0007,24.8236,24.7531,25.5296,17.2318,100,-999.9,405,18.9482,100.407,100.493
22,mod,heat,07pre,3.243,3.024505333,0.033796287,23,1751649874,2908.5,20250704 10:24:33,10:24:33,15,1751649866,0.001059891,1.059890916,5.595754547,400.4842667,247.0107536,25.00845368,40.54678627,0.06252782,3,0.061812734,0.038696525,161.9282003,28.18695992,27.56893667,3.700516167,54.55801801,2.013486718,3.690542274,1.687029449,-46.74118939,-7.46249904,-0.53976724,107.1847447,5.595754547,1.059890916,5.708464348,412.8652168,408.5959091,-0.028178033,66.94815773,1.0850106,19.12542435,19.92260909,8.8397E-05,79.37732823,210,26,1,0,53384.90851,1000.073667,841.2621096,0.841200141,0.161916272,6,0.5,1: Needles,2,FALSE,1751649866,400.4842667,404.9994,19.88739,19.10828667,400.1402667,19.88439,800.0061667,101.1442333,0.10015913,27.52279667,27.56893667,999.9,0,0,9999.167667,0,0.001564296,-4.504253,408.6351333,412.8889333,0.812128933,404.9994,19.10828667,2.014833333,1.932692,17.56138667,16.90342333,1000.073667,0.9599952,0.04000507,0,1.049333333,0,7087.430667,7947.486667,37.74966667,41.55813333,39.1748,41.18306667,38.22053333,960.0663333,40.00766667,0,1751649892,0,1751649892,10:24:51,1751649892,1751649892,23,-0.009,-0.004,0.344,0.003,405,19,0.37,0.08,-4.51572425,0.264901801,0.029565624,0,0.812910275,-0.105372957,0.019195418,0,0,2,0/2,3.4506,2.78071,0.096454,0.0972974,0.104646,0.10078,27188.5,30886.3,29231.3,34806.4,30278,38772.4,36000.3,45974.8,2.1778,2.23338,0.0985786,0,25.9748,999.9,64.7,25.7,21.2041,62.0819,25.3526,2,-0.189842,0,20.2933,5.21055,11.9685,4.99055,3.272,3639.8,9999,9999,999.9,4.97263,1.86273,1.86447,1.86295,1.86295,1.86356,1.86005,1.86279,0,0,0,0,11111111,oooooooo,on,on,on,on,0,100,100,0.344,0.003,0.636806931,-0.001033731,9.12024E-07,-2.25E-10,-0.280179273,-0.018148581,0.00209196,-1.91E-05,2,2210,1,26,0.9,0.8,1.27319,2.37671,2.34741,2.72339,2.39868,2.28394,31.368,14.1758,18,570.984,658.064,26.6068,25.1894,30.0007,24.937,24.8677,25.5357,16.5826,100,-999.9,405,19.2245,100.389,100.479
23,mod,heat,07pre,3.22,3.792941307,0.066427573,24,1751649986,3020.5,20250704 10:26:25,10:26:25,15,1751649978,0.00186302,1.863019534,7.067592497,399.179,297.4776116,30.11802681,40.41475175,0.123778087,3,0.121009322,0.075874431,161.9161142,28.09712029,26.95007742,3.568678742,55.26356646,2.053225537,3.715333027,1.515453206,-82.15916146,111.1455009,8.019014178,198.9214678,7.067592497,1.863019534,7.22010328,412.8119471,407.2870667,0.001647895,66.95673079,1.842959385,18.89154496,20.24615576,-0.000103233,79.23107003,138,17,1,0,53373.59909,1000.004355,841.2033571,0.841199694,0.161915409,6,0.5,1: Needles,2,FALSE,1751649978,399.179,405.0372903,20.27983548,18.91094516,398.797,20.23307097,800.0222258,101.1446129,0.100071177,27.63728065,26.95007742,999.9,0,0,10000.89065,0,0.00152894,-5.893551613,407.4057742,412.8445484,1.368895161,405.0372903,18.91094516,2.051194516,1.912739032,17.84514516,16.7398871,1000.004355,0.960011484,0.039988703,0,0.570483871,0,9149.64,7946.983871,36.51393548,39.17722581,37.70141935,38.60654839,37.04409677,960.0151613,39.99,0,1751650005,0,1751650003,10:26:42,1751650003,1751649892,24,0.037,-0.004,0.382,0.003,405,19,0.24,0.08,-5.82519225,-1.170881538,0.120512106,0,1.338057,0.370447205,0.064668465,0,0,2,0/2,3.4507,2.78077,0.0961472,0.0972502,0.10575,0.0996171,27188.3,30879,29221.9,34797.3,30230.1,38813.1,35987.8,45963.2,2.30303,2.22712,0.0559613,0,26.1638,999.9,64.6,25.9,21.423,61.6519,25.2284,2,-0.173956,0,20.2935,5.21145,11.9695,4.99055,3.272,3643.3,9999,9999,999.9,4.97261,1.86273,1.86449,1.86295,1.86295,1.86356,1.86005,1.86279,0,0,0,0,11111111,oooooooo,on,on,on,on,0,100,100,0.382,0.0453,0.628017587,-0.001033731,9.12024E-07,-2.25E-10,-0.284331939,-0.018148581,0.00209196,-1.91E-05,2,2210,1,26,1.6,1.6,1.27319,2.39014,2.34741,2.72217,2.39868,2.27051,31.608,14.1583,18,659.972,655.484,26.8025,25.4041,30.0008,25.1404,25.0741,25.5295,18.8652,100,-999.9,405,18.7704,100.356,100.453
24,mod,heat,07pre,3.212,3.81407451,0.046144423,25,1751650097,3131.5,20250704 10:28:16,10:28:16,15,1751650089,0.001439189,1.439188726,7.124672186,399.2146774,256.2856884,25.94635833,40.41648653,0.086197552,3,0.084844922,0.053147837,161.9215452,28.23719885,27.64013226,3.715952376,55.00668738,2.047543027,3.722352908,1.668409348,-63.4682228,4.762342606,0.344838107,103.5605031,7.124672186,1.439188726,7.083600383,412.8905072,407.4748,-0.000259497,66.95502536,1.460692591,19.17523052,20.24721879,0.000340235,79.25570409,78,10,1,0,53388.83489,1000.031806,841.2269604,0.841200205,0.161916395,6,0.5,1: Needles,2,FALSE,1751650089,399.2146774,404.9891613,20.22464839,19.16707419,398.8326774,20.18015484,799.9901935,101.1400645,0.099916923,27.66957742,27.64013226,999.9,0,0,10005.4571,0,0.00152894,-5.772374516,407.4573871,412.9033226,1.057574839,404.9891613,19.16707419,2.045522581,1.93856,17.80118387,16.95123871,1000.031806,0.959995,0.0400051,0,1.306290323,0,7338.420645,7947.142903,35.62680645,38.20941935,36.7356129,37.56016129,36.21748387,960.0229032,40.00806452,0,1751650116,0,1751650114,10:28:33,1751650114,1751649892,25,0,-0.004,0.382,0.003,405,19,0.29,0.08,-5.76619125,-0.074583602,0.024563711,1,1.04653125,0.193780525,0.019453903,0,1,2,2-Jan,3.45079,2.78027,0.0961209,0.0971939,0.105713,0.100718,27180.7,30872.7,29213.5,34788.9,30223.4,38756.8,35977.6,45952.4,2.3958,2.223,0.0727922,0,26.4436,999.9,64.5,26,21.5203,61.3519,25.2163,2,-0.159492,0,20.2932,5.21055,11.9704,4.9907,3.272,3646.5,9999,9999,999.9,4.97263,1.86279,1.86454,1.86297,1.86297,1.86356,1.86005,1.86281,0,0,0,0,11111111,oooooooo,on,on,on,on,0,100,100,0.382,0.0455,0.665607378,-0.001033731,9.12024E-07,-2.25E-10,-0.284331939,-0.018148581,0.00209196,-1.91E-05,2,2210,1,26,1.6,3.4,1.27319,2.37915,2.34741,2.71973,2.39868,2.29736,31.8269,14.1408,18,733.593,654.501,26.9546,25.606,30.0006,25.3352,25.27,25.537,18.3885,100,-999.9,405,19.0754,100.327,100.429
24,mod,heat,07pre,3.212,3.827177079,0.049272187,26,1751650152,3186.5,20250704 10:29:11,10:29:11,15,1751650144,0.001540211,1.540210654,7.14914772,399.1794194,264.0803627,26.73553623,40.41298534,0.0920402,3,0.090499754,0.056698602,161.9140769,28.23509423,27.67104194,3.722671503,54.96403318,2.048782599,3.727496839,1.673888903,-67.92328986,3.58532191,0.25968146,97.83579037,7.14914772,1.540210654,7.244656736,412.9186253,407.3834848,-0.001341904,66.9466179,1.524199926,19.10987592,20.22976909,5.07608E-05,79.48912073,74,9,1,0,53371.85261,999.9822258,841.1855431,0.841200495,0.161916955,6,0.5,1: Needles,2,FALSE,1751650144,399.1794194,405.0027742,20.23685806,19.10500323,398.8034194,20.19186452,799.9479677,101.1405484,0.099604245,27.69320968,27.67104194,999.9,0,0,10002.90839,0,0.00152894,-5.814801935,407.4330323,412.8909032,1.131860645,405.0027742,19.10500323,2.04676871,1.93229,17.81085161,16.90016774,999.9822258,0.959984258,0.040015661,0,0.904032258,0,6560.757097,7946.716452,35.59251613,38.55819355,36.79003226,37.73967742,36.26177419,959.9670968,40.01580645,0,1751650170,0,1751650174,10:29:33,1751650174,1751649892,26,-0.006,-0.004,0.376,0.003,405,19,0.33,0.08,-5.81601275,-0.136691595,0.02867285,0,1.13896425,-0.171623977,0.018696445,0,0,2,0/2,3.45078,2.78109,0.0960905,0.0971804,0.105626,0.100454,27178.4,30870.5,29210.3,34786.3,30223.2,38765.3,35973.6,45948.9,2.40027,2.2203,0.0704825,0,26.5176,999.9,64.4,26.1,21.6114,61.9119,25.2043,2,-0.153732,0,20.2955,5.21085,11.9709,4.9899,3.272,3648.1,9999,9999,999.9,4.97263,1.86279,1.86455,1.86296,1.86297,1.86356,1.86005,1.86281,0,0,0,0,11111111,oooooooo,on,on,on,on,0,100,100,0.376,0.0447,0.665818175,-0.001033731,9.12024E-07,-2.25E-10,-0.284331939,-0.018148581,0.00209196,-1.91E-05,2,2210,1,26,0.6,4.3,1.27319,2.38403,2.34863,2.71851,2.39868,2.24487,31.9146,14.1408,18,738.28,653.33,27.0106,25.6869,30.0007,25.4191,25.3551,25.5338,18.5804,100,-999.9,405,19.0897,100.316,100.422
25,mod,heat,07pre,3.157,1.981610423,0.058014608,27,1751650247,3281.5,20250704 10:30:46,10:30:46,15,1751650239,0.001871947,1.871946746,3.766126872,401.6494194,335.8521434,34.00275842,40.66428768,0.110258996,3,0.108056215,0.06772938,161.9107592,28.12570039,27.82903226,3.757181192,55.17377094,2.053593668,3.722046967,1.703587524,-82.55285149,-26.01706165,-1.885641294,51.45520472,3.766126872,1.871946746,3.940505958,412.8386331,409.8341818,-0.002301818,66.95461058,1.828917263,18.83758532,20.22113273,-0.009893421,79.26129714,38,5,1,0,53365.64478,999.9741613,841.1777167,0.841199452,0.161914943,6,0.5,1: Needles,2,FALSE,1751650239,401.6494194,405.0378065,20.28376129,18.90832258,401.2024194,20.23682903,800.0254516,101.1430968,0.100141026,27.66817097,27.82903226,999.9,0,0,10000.56419,0,0.00152894,-3.45773871,409.8941613,412.8438065,1.375433226,405.0378065,18.90832258,2.051560968,1.912445161,17.84796452,16.73743548,999.9741613,0.960015677,0.039984329,0,1.21983871,0,5910.849355,7946.759355,36.8263871,40.74564516,38.12670968,40.07835484,37.49364516,959.9919355,39.98064516,0,1751650266,0,1751650265,10:31:05,1751650265,1751649892,27,0.071,-0.004,0.447,0.003,405,19,0.32,0.08,-3.38656275,-1.105831407,0.127824348,0,1.34225225,0.543040413,0.058770302,0,0,2,0/2,3.45071,2.78085,0.0965003,0.0971544,0.105556,0.0993911,27161.8,30867.3,29206,34782.3,30221.6,38807.5,35968.3,45944.3,2.4518,2.2173,0.089772,0,26.3752,999.9,64.2,26.3,21.8006,61.7419,25.2564,2,-0.145648,0,20.2953,5.2113,11.9715,4.9916,3.272,3650.9,9999,9999,999.9,4.97265,1.86279,1.86461,1.86304,1.86307,1.86357,1.86006,1.86287,0,0,0,0,11111111,oooooooo,on,on,on,on,0,100,100,0.447,0.0443,0.659945707,-0.001033731,9.12024E-07,-2.25E-10,-0.284331939,-0.018148581,0.00209196,-1.91E-05,2,2210,1,26,1.2,5.9,1.27319,2.38281,2.34863,2.71484,2.39868,2.28027,32.0464,14.132,18,782.456,652.358,27.0846,25.8038,30.0005,25.5412,25.4771,25.5289,20.2748,100,-999.9,405,18.7643,100.301,100.411
26,mod,heat,07pre,3.25,1.855395522,0.014554248,28,1751650362,3396.5,20250704 10:32:41,10:32:41,15,1751650354,0.000473826,0.473825754,3.425345578,402.2656,189.0491591,19.14018848,40.72718142,0.026869381,3,0.026736399,0.016722142,161.9278513,28.70090171,28.04733667,3.805324401,54.72133326,2.06305691,3.770114481,1.742267492,-20.89571575,-25.78395312,-1.872832068,113.3753503,3.425345578,0.473825754,3.379196414,413.2317279,410.7158667,-0.020778623,66.95396376,0.613463972,20.04283708,20.46597515,0.006875913,79.27132716,58,7,1,0,53303.09616,1000.074267,841.2623831,0.84119991,0.161915826,6,0.5,1: Needles,2,FALSE,1751650354,402.2656,404.9775,20.37697667,20.02885667,401.8976,20.34697667,800.0183,101.1444333,0.100071353,27.88791667,28.04733667,999.9,0,0,9995.817333,0,0.001538177,-2.631878333,410.7237333,413.2544667,0.369794633,404.9775,20.02885667,2.063212667,2.025809333,17.93793,17.64752333,1000.074267,0.960003033,0.039996843,0,2.362333333,0,6233.492333,7947.512333,37.84553333,41.44146667,39.1956,41.32893333,38.37473333,960.075,40,0,1751650380,0,1751650383,10:33:03,1751650383,1751650379,28,-0.078,-0.009,0.368,0.03,405,20,0.46,0.16,-2.63825561,0.216379443,0.033911175,0,0.33312239,0.653104098,0.066256124,0,0,2,0/2,3.45114,2.78042,0.0966029,0.0971286,0.106427,0.103851,27156.3,30864.6,29203.8,34778.5,30189.7,38611.7,35965.7,45940,2.42103,2.21735,0.111565,0,26.28,999.9,63.9,26.5,21.9566,61.7619,25.1963,2,-0.139817,0,20.2925,5.20786,11.9698,4.98975,3.27125,3654.5,9999,9999,999.9,4.97262,1.86279,1.86461,1.86304,1.86309,1.86359,1.86006,1.86286,0,0,0,0,11111111,oooooooo,on,on,on,on,0,100,100,0.368,0.03,0.730771899,-0.001033731,9.12024E-07,-2.25E-10,-0.284331939,-0.018148581,0.00209196,-1.91E-05,2,2210,1,26,1.6,7.8,1.27441,2.38281,2.34741,2.71606,2.39868,2.28027,32.1784,14.1145,18,758.232,653.687,27.1602,25.8983,30.0002,25.6493,25.5843,25.5624,15.128,100,-999.9,405,20.0009,100.294,100.401
27,mod,heat,07pre,2.854,3.087693864,0.04305663,29,1751650450,3485,20250704 10:34:10,10:34:10,15,1751650442,0.001473728,1.473727815,6.491297542,399.7529677,274.4607708,27.7873298,40.47233242,0.090518493,3,0.089028117,0.055774434,161.9117778,28.50942265,27.70289032,3.729605773,55.54870766,2.101939135,3.783956862,1.627666638,-64.99139665,40.08705019,2.907661027,139.9150924,6.491297542,1.473727815,6.661577196,413.1257893,408.0419576,-0.003667659,66.9509234,1.406700475,19.51514233,20.62143333,-0.018237206,79.33860307,18,2,1,0,53304.95686,999.9797419,841.1824708,0.841199512,0.161915058,6,0.5,1: Needles,2,FALSE,1751650442,399.7529677,405.0630323,20.76125484,19.67895806,399.3379677,20.70267742,800.0382581,101.1430323,0.100324723,27.95074516,27.70289032,999.9,0,0,9998.501613,0,0.001539112,-5.354408387,408.183,413.1941935,1.082296935,405.0630323,19.67895806,2.099855806,1.99039,18.21797742,17.36772258,999.9797419,0.960015129,0.039985113,0,1.75016129,0,7725.514516,7946.803226,36.67516129,39.31229032,37.93329032,38.7316129,37.22958065,959.9964516,39.98290323,0,1751650469,0,1751650467,10:34:27,1751650467,1751650379,29,0.047,-0.009,0.415,0.03,405,20,0.3,0.16,-5.24649561,-1.703656516,0.194199847,0,0.948042902,2.052539352,0.221342775,0,0,2,0/2,3.45089,2.77998,0.0961118,0.0971183,0.106952,0.101748,27169.8,30864.3,29202.5,34778,30170.3,38702.6,35963.8,45940.3,2.478,2.21445,0.0846647,0,26.406,999.9,63.7,26.6,22.0175,61.1719,25.2284,2,-0.136623,0,20.2925,5.20771,11.9704,4.99005,3.27132,3657.4,9999,9999,999.9,4.97263,1.86279,1.86462,1.86306,1.86307,1.8636,1.86006,1.86294,0,0,0,0,11111111,oooooooo,on,on,on,on,0,100,100,0.415,0.0523,0.652277476,-0.001033731,9.12024E-07,-2.25E-10,-0.292952663,-0.018148581,0.00209196,-1.91E-05,2,2210,1,26,1.1,1.2,1.27441,2.38281,2.34863,2.71362,2.39868,2.2998,32.2887,14.097,18,807.293,652.159,27.2593,25.9466,30.0004,25.712,25.6538,25.5574,18.4037,100,-999.9,405,19.4766,100.289,100.401
28,mod,heat,07pre,3.806,4.17583123,0.068360334,30,1751650578,3613,20250704 10:36:18,10:36:18,15,1751650570,0.001871079,1.871078741,6.583023484,399.4952581,290.3451849,29.39535186,40.44600802,0.10776721,3,0.105661842,0.066224384,161.9111149,28.50639273,28.16262258,3.830965171,54.9334693,2.090569873,3.805639621,1.740395298,-82.51457247,-18.41599138,-1.339497664,59.64105334,6.583023484,1.871078741,6.673883201,412.9531413,407.8542788,-0.001418072,66.95380069,1.855711944,19.27625574,20.63875091,0.000132277,79.23622709,535,67,1,0,53284.84618,999.9700968,841.174823,0.841199978,0.161915957,6,0.5,1: Needles,2,FALSE,1751650570,399.4952581,404.993,20.64907742,19.27478065,399.0802581,20.59521935,800.0205161,101.1426774,0.100096313,28.04875806,28.16262258,999.9,0,0,9997.999032,0,0.00152894,-5.495537742,407.9207097,412.9526774,1.374296129,404.993,19.27478065,2.088502903,1.949502581,18.13175484,17.04005484,999.9700968,0.960000452,0.039999406,0,0.270322581,0,6948.404839,7946.682258,35.43509677,38.03409677,36.61874194,37.42922581,36.1066129,959.9722581,39.99806452,0,1751650597,0,1751650595,10:36:35,1751650595,1751650379,30,0,-0.009,0.415,0.03,405,20,0.33,0.16,-5.487815122,-0.214396516,0.031572513,0,1.382691707,-0.155456028,0.019632313,0,0,2,0/2,3.45087,2.78085,0.0960418,0.0970903,0.107021,0.100989,27171,30864.9,29201.7,34777.9,30167.7,38736.5,35963.3,45941.6,1.46707,2.21168,0.10762,0,26.4254,999.9,63.5,26.8,22.2079,61.8718,25.3486,2,-0.133925,0,20.2955,5.2107,11.971,4.99085,3.272,3661.2,9999,9999,999.9,4.97264,1.86279,1.86462,1.8631,1.8631,1.86364,1.86009,1.86295,0,0,0,0,11111111,oooooooo,on,on,on,on,0,100,100,0.415,0.0534,0.698859611,-0.001033731,9.12024E-07,-2.25E-10,-0.292952663,-0.018148581,0.00209196,-1.91E-05,2,2210,1,26,1.9,3.3,1.27441,2.39014,2.34863,2.7063,2.39868,2.26562,32.4654,14.0883,18,236.422,650.585,27.3695,25.9976,30.0001,25.8131,25.7109,25.5571,19.8371,100,-999.9,405,19.2856,100.287,100.402
29,mod,control,07pre,3.288,0.97874432,0.023763721,31,1751650735,3769.9,20250704 10:38:55,10:38:55,15,1751650727,0.000762774,0.762773715,1.786029781,403.4141,326.7179062,33.0773956,40.84222971,0.043364454,3,0.043019211,0.026917796,161.9165933,28.91829626,28.19155667,3.837424019,54.63142629,2.094904685,3.834614666,1.742519334,-33.63832085,-2.03463888,-0.148107981,126.0955256,1.786029781,0.762773715,1.734043666,413.3152529,411.9854727,0.000749902,66.9529002,0.806740244,20.1390265,20.73119212,8.57674E-05,79.28865152,69,9,1,0,53281.42884,1000.005533,841.2044978,0.841199843,0.161915697,6,0.5,1: Needles,2,FALSE,1751650727,403.4141,404.9844,20.69216333,20.13192333,403.0191,20.65916333,800.0038667,101.1414667,0.0999865,28.17897667,28.19155667,999.9,0,0,10001.964,0,0.001553785,-1.549481,411.9691667,413.3049667,0.583911167,404.9844,20.13192333,2.095229667,2.036173333,18.18296333,17.72846,1000.005533,0.960006133,0.039994073,0,2.221333333,0,4572.713,7946.979333,37.44563333,41.47683333,38.8643,40.9893,38.10596667,960.0106667,39.995,0,1751650754,0,1751650752,10:39:12,1751650751,1751650752,31,-0.02,0,0.395,0.033,405,20,0.32,0.12,-1.546594634,-0.064512544,0.02077991,1,0.579713634,0.075028808,0.007490137,1,2,2,2-Feb,3.45122,2.78073,0.0967786,0.0970888,0.107348,0.104148,27147.2,30863.1,29200.1,34776,30155.1,38599,35961.5,45939.9,2.4019,2.2108,0.0899546,0,26.74,999.9,63.2,27,22.3658,61.5018,25.2524,2,-0.130396,0,20.2949,5.21085,11.9713,4.99075,3.272,3666.1,9999,9999,999.9,4.97264,1.86287,1.86462,1.8631,1.8631,1.86369,1.86013,1.86295,0,0,0,0,11111111,oooooooo,on,on,on,on,0,100,100,0.395,0.033,0.698929285,-0.001033731,9.12024E-07,-2.25E-10,-0.292952663,-0.018148581,0.00209196,-1.91E-05,2,2210,1,26,2.3,5.9,1.27563,2.39258,2.34863,2.70508,2.39868,2.2644,32.6426,14.062,18,744.911,650.606,27.4694,26.0436,30.0004,25.8266,25.7722,25.5794,16.7483,100,-999.9,405,20.1568,100.282,100.398
30,mod,control,07pre,2.693,1.185922497,0.035344568,32,1751650882,3916.4,20250704 10:41:21,10:41:21,15,1751650874,0.001409106,1.409106341,2.642233561,402.5956667,337.5139544,34.17131927,40.76046303,0.078747644,3,0.077617068,0.048610893,161.9098828,29.06742309,28.58322,3.925792824,54.87159434,2.142832801,3.905176853,1.782960023,-62.14158964,-14.66622048,-1.071355994,84.03071669,2.642233561,1.409106341,2.657819015,413.3085853,411.2717394,0.000737025,66.95266846,1.39592384,20.13508494,21.15995515,-1.49E-05,79.29161851,11,1,1,0,53255.37743,999.9652667,841.1705267,0.841199744,0.161915507,6,0.5,1: Needles,2,FALSE,1751650874,402.5956667,405.0028667,21.165,20.13051667,402.2026667,21.08947667,799.9834667,101.1442,0.099967303,28.49254,28.58322,999.9,0,0,10007.43567,0,0.001554422,-2.404345333,411.3037,413.3232,1.034475333,405.0028667,20.13051667,2.140717667,2.036086,18.52543333,17.72778667,999.9652667,0.960006433,0.039993263,0,2.096833333,0,5265.901,7946.662,36.86226667,39.57066667,38.0582,39.0498,37.42473333,959.973,39.99,0,1751650900,0,1751650900,10:41:39,1751650900,1751650752,32,-0.002,0,0.393,0.033,405,20,0.27,0.12,-2.406010488,0.011169826,0.023589612,1,1.042871463,-0.128733659,0.015761089,0,1,2,2-Jan,3.45126,2.78115,0.0965982,0.0970579,0.108835,0.104105,27146.6,30857.7,29194,34769.2,30098,38594.4,35953.7,45932,2.4832,2.20645,0.0886694,0,27.1484,999.9,63,27.2,22.5574,61.6019,25.2524,2,-0.119555,0,20.293,5.211,11.9727,4.99135,3.272,3670.6,9999,9999,999.9,4.97263,1.86289,1.86463,1.8631,1.8631,1.86371,1.86016,1.86295,0,0,0,0,11111111,oooooooo,on,on,on,on,0,100,100,0.393,0.0753,0.678622931,-0.001033731,9.12024E-07,-2.25E-10,-0.293131428,-0.018148581,0.00209196,-1.91E-05,2,2210,1,26,2.2,2.2,1.27563,2.38525,2.34863,2.70386,2.39868,2.29492,32.8869,14.0357,18,815.12,648.516,27.6867,26.1652,30.0006,25.9428,25.8936,25.5874,17.7009,100,-999.9,405,20.0977,100.26,100.379
31,mod,control,07pre,2.982,1.455062314,0.016877518,33,1751651019,4053.9,20250704 10:43:39,10:43:39,15,1751651011,0.000627045,0.627044936,2.927690773,402.6103333,254.1728473,25.73176537,40.75917135,0.033958789,3,0.033746673,0.021110618,161.9188935,29.31992156,28.77446,3.969582392,54.76381532,2.145308882,3.917383895,1.82427351,-27.65268168,-36.90438136,-2.699123336,94.66270715,2.927690773,0.627044936,2.925532375,413.5900333,411.3504788,-0.000288206,66.95123517,0.654608298,20.73717195,21.21738364,7.81606E-05,79.31787614,0,0,1,0,53204.73523,1000.022367,841.2184376,0.841199623,0.161915272,6,0.5,1: Needles,2,FALSE,1751651011,402.6103333,404.9953667,21.1909,20.73059667,402.2473333,21.1349,800.0254333,101.1370667,0.10020414,28.54628333,28.77446,999.9,0,0,10000.10667,0,0.00152894,-2.353882,411.3677,413.5689,0.4818765,404.9953667,20.73059667,2.145366667,2.09663,18.56007667,18.19361333,1000.022367,0.9600147,0.03998554,0,-0.293833333,0,3661.293,7947.140333,35.89143333,38.6061,37.04563333,37.9643,36.5186,960.0343333,39.98833333,0,1751651038,0,1751651040,10:44:00,1751651036,1751651040,33,-0.03,-0.003,0.363,0.056,405,21,0.4,0.18,-2.35942775,-0.038737148,0.02955156,1,0.488042525,-0.107952011,0.011894266,0,1,2,2-Jan,3.45167,2.78076,0.0965561,0.097008,0.108981,0.106233,27136.9,30848.6,29182.9,34758,30081.4,38490.6,35939.1,45917.2,2.49972,2.20222,0.0883266,0,27.3353,999.9,62.8,27.4,22.7517,62.0519,25.1603,2,-0.101385,0,20.293,5.2107,11.9736,4.9912,3.272,3674.8,9999,9999,999.9,4.97264,1.8629,1.86463,1.8631,1.8631,1.86371,1.8602,1.86295,0,0,0,0,11111111,oooooooo,on,on,on,on,0,100,100,0.363,0.056,0.677041343,-0.001033731,9.12024E-07,-2.25E-10,-0.293131428,-0.018148581,0.00209196,-1.91E-05,2,2210,1,26,2,4.5,1.27686,2.3938,2.34863,2.69775,2.39868,2.26196,33.1322,14.0182,18,832.532,647.343,27.8526,26.3801,30.0007,26.1376,26.0843,25.6035,15.8253,100,-999.9,405,20.78,100.221,100.347
32,mod,control,07pre,3.732,3.254951393,0.041663648,34,1751651144,4178.9,20250704 10:45:44,10:45:44,15,1751651136,0.001268001,1.268000665,5.233040825,400.6999677,264.1981352,26.74690764,40.56608886,0.066983357,3,0.06616345,0.041424986,161.9156258,29.30889421,29.07710968,4.039752827,54.62849082,2.158956899,3.952071286,1.880795927,-55.91882932,-61.28229213,-4.492221891,40.22228244,5.233040825,1.268000665,5.260939871,413.4350675,409.4083091,-0.000286421,66.94936044,1.334758297,20.4013034,21.37965879,0.000320092,79.36341284,378,47,1,0,53183.81542,999.9996452,841.1995374,0.841199836,0.161915683,6,0.5,1: Needles,2,FALSE,1751651136,400.6999677,405.0056774,21.32554516,20.39485484,400.3149677,21.28754516,800.0254194,101.1379355,0.100128213,28.69820645,29.07710968,999.9,0,0,10001.16839,0,0.00152894,-4.325426129,409.4293226,413.4376129,0.974131935,405.0056774,20.39485484,2.161214839,2.062694194,18.67767742,17.93396129,999.9996452,0.960005194,0.039995042,0,0.843709677,0,6803.206129,7946.923548,35.34858065,38.187,36.528,37.46951613,36,960.0051613,39.99451613,0,1751651163,0,1751651161,10:46:01,1751651160,1751651161,34,0.022,-0.003,0.385,0.038,405,20,0.3,0.07,-4.32256125,-0.10194743,0.021139785,0,0.9813045,-0.122316968,0.01496177,0,0,2,0/2,3.45155,2.78047,0.0961402,0.0969539,0.109498,0.104969,27139.4,30840,29172.9,34747.2,30053.8,38533.6,35926.4,45903.3,1.83585,2.1959,0.104606,0,27.3885,999.9,62.7,27.6,22.9799,62.3319,25.2123,2,-0.0831199,0,20.2925,5.21085,11.9734,4.99145,3.272,3678.6,9999,9999,999.9,4.97265,1.86293,1.86472,1.86313,1.86319,1.86371,1.8602,1.86296,0,0,0,0,11111111,oooooooo,on,on,on,on,0,100,100,0.385,0.038,0.647306688,-0.001033731,9.12024E-07,-2.25E-10,-0.296078419,-0.018148581,0.00209196,-1.91E-05,2,2210,1,26,1.8,1.7,1.27686,2.39502,2.34863,2.68677,2.39868,2.26562,33.3559,13.9919,18,388.799,644.606,27.9919,26.6026,30.0007,26.3654,26.2874,25.5992,18.2367,100,-999.9,405,20.4098,100.186,100.316
33,mod,control,07pre,3.143,2.551860925,0.037793331,35,1751651253,4287.9,20250704 10:47:33,10:47:33,15,1751651245,0.001304369,1.304368848,4.871513062,400.9332258,281.6784049,28.50773527,40.57711937,0.072147625,3,0.071197386,0.044582699,161.9184346,29.31811417,28.79929032,3.975299091,55.03895167,2.177507356,3.956302382,1.797791735,-57.52266619,-13.36461089,-0.978413748,90.05274372,4.871513062,1.304368848,4.831696379,413.5061842,409.8056424,5.78132E-05,66.95242737,1.327152164,20.56558334,21.53995455,-7.82E-05,79.24960171,800,100,1,0,53187.66208,1000.015806,841.2132317,0.841199935,0.161915875,6,0.5,1: Needles,2,FALSE,1751651245,400.9332258,404.9796452,21.51545161,20.55809032,400.5612258,21.46945161,799.8890968,101.1338387,0.072838016,28.71665806,28.79929032,999.9,0,0,10002.9829,0,0.001532947,-4.031472903,409.7812903,413.4799677,0.99760829,404.9796452,20.55809032,2.180011613,2.079119032,18.81618065,18.06010645,1000.015806,0.959999516,0.040000619,0,2.054677419,0,5292.673871,7947.032258,35.45341935,38.87880645,36.77196774,37.98158065,36.22551613,960.0151613,39.9983871,0,1751651272,0,1751651273,10:47:52,1751651273,1751651269,35,-0.014,0.001,0.372,0.046,405,21,0.31,0.09,-4.030460488,0.090726063,0.027670904,1,1.006548756,-0.181350188,0.017899515,0,1,2,2-Jan,3.45151,2.75465,0.0961022,0.0969178,0.109955,0.105517,27134.2,30835.1,29166.5,34741,30031.7,38503.6,35918,45895.3,0.297,2.19245,0.0850931,0,27.4569,999.9,62.5,27.8,23.1806,62.2019,23.8141,2,-0.0709299,0,20.2944,5.2122,11.9739,4.99005,3.272,3681.8,9999,9999,999.9,4.97266,1.86294,1.86473,1.86322,1.86321,1.86371,1.8602,1.86299,0,0,0,0,11111111,oooooooo,on,on,on,on,0,100,100,0.372,0.046,0.669132695,-0.001033731,9.12024E-07,-2.25E-10,-0.299472967,-0.018148581,0.00209196,-1.91E-05,2,2210,1,26,1.6,1.5,1.27686,2.38892,2.34863,2.677,2.39868,2.31689,33.558,13.9919,18,-0.902644,643.598,28.1221,26.7702,30.0004,26.7592,26.4401,25.6096,18.2455,100,-999.9,405,20.4988,100.163,100.299
34,mod,control,07pre,2.656,-0.028440827,-0.029230231,36,1751651429,4463.4,20250704 10:50:28,10:50:28,15,1751651421,-0.001209608,-1.209607883,-0.064248856,405.4065161,392.2983585,39.69274633,41.01902967,-0.066032148,3,-0.066850414,-0.041707151,161.9180218,30.03844288,28.26408387,3.853655764,52.23877511,2.076531092,3.975076153,1.777124672,53.34370765,86.40563195,6.311449722,307.9788111,-0.064248856,-1.209607883,-0.088888835,413.8778769,413.9414242,0.001357589,66.94962573,-1.260531857,21.40769815,20.48174182,-1.64E-05,79.34824003,800,100,1,0,53141.25057,1000.017581,841.2143615,0.841199573,0.161915175,6,0.5,1: Needles,2,FALSE,1751651421,405.4065161,404.9905484,20.52313871,21.4117129,405.0545161,20.44413871,800.0117097,101.1337097,0.04628629,28.79832258,28.26408387,999.9,0,0,9996.716129,0,0.0015536,0.435566581,413.9052258,413.851871,-0.926204226,404.9905484,21.4117129,2.071775806,2.165445161,18.00382581,18.70894839,1000.017581,0.960012935,0.039986952,0,0.092258065,0,6062.614839,7947.095806,37.31435484,41.155,38.80022581,40.56232258,37.91909677,960.0309677,39.98645161,0,1751651448,0,1751651451,10:50:51,1751651451,1751651449,36,-0.02,-0.003,0.352,0.079,405,21,0.31,0.11,0.440539073,-0.062374035,0.019796729,1,-0.927014439,0.035955366,0.007055056,1,2,2,2-Feb,3.452,2.72716,0.096886,0.0968954,0.106201,0.108497,27108.7,30834.5,29164.9,34740,30159,38375.1,35916.3,45894.9,0.297,2.19085,0.0704527,0,27.1413,999.9,62.2,28.1,23.4742,62.1019,21.7268,2,-0.0654649,0,20.2927,5.21444,11.974,4.9911,3.272,3687.3,9999,9999,999.9,4.97263,1.86295,1.86478,1.86325,1.86325,1.86374,1.8602,1.86301,0,0,0,0,11111111,oooooooo,on,on,on,on,0,100,100,0.352,0.079,0.655575813,-0.001033731,9.12024E-07,-2.25E-10,-0.298860841,-0.018148581,0.00209196,-1.91E-05,2,2210,1,26,2.6,2.7,1.27808,2.39624,2.34741,2.67456,2.39868,2.2522,33.8735,13.9394,18,-0.902633,643.699,28.2069,26.8861,29.9999,26.869,26.5599,25.6378,15.7196,100,-999.9,405,21.3506,100.158,100.297
35,mod,control,07pre,3.792,6.14740253,0.123162652,37,1751651541,4575.4,20250704 10:52:20,10:52:20,15,1751651533,0.003442634,3.442633595,9.726902737,396.6602667,304.1286672,30.78834227,40.15574121,0.194877614,3,0.188108133,0.118156204,161.9175689,28.82683233,28.76578667,3.967587216,54.71002526,2.171029531,3.968248088,1.796557685,-151.8201415,0.46472144,0.034025057,10.59617385,9.726902737,3.442633595,9.822802566,412.7906757,405.2823394,-0.000234712,66.94851622,3.425069713,18.91490552,21.42981212,-0.000291818,79.37628165,404,51,1,0,53233.95332,1000.0066,841.2058111,0.841200259,0.1619165,6,0.5,1: Needles,2,FALSE,1751651533,396.6602667,404.9795667,21.44553,18.91894,396.2462667,21.36587667,800.0042333,101.1346667,0.099927727,28.76866,28.76578667,999.9,0,0,10013.776,0,0.001554422,-8.378217667,405.2931,412.7890333,2.526584667,404.9795667,18.91894,2.168886,1.913361,18.73433,16.74501667,1000.0066,0.959992667,0.040007643,0,0.609,0,8207.744333,7946.943,35.94566667,38.97893333,37.31646667,38.11226667,36.6748,960,40.009,0,1751651559,0,1751651565,10:52:44,1751651565,1751651449,37,0.062,-0.003,0.414,0.079,405,21,0.26,0.11,-8.37439175,-0.130336773,0.018895123,0,2.538657,-0.212702364,0.021890063,0,0,2,0/2,3.45068,2.78087,0.0953448,0.0968794,0.109628,0.0994403,27161.8,30844.3,29171.9,34750.2,30049.3,38778.1,35925.6,45910.3,1.775,2.18668,0.116862,0,26.8575,999.9,62,28.2,23.5348,61.5219,25.5409,2,-0.0751956,0,20.2925,5.21085,11.9713,4.9897,3.272,3690.8,9999,9999,999.9,4.97263,1.86295,1.86478,1.86325,1.86325,1.86373,1.86021,1.86299,0,0,0,0,11111111,oooooooo,on,on,on,on,0,100,100,0.414,0.079,0.635536118,-0.001033731,9.12024E-07,-2.25E-10,-0.30140054,-0.018148581,0.00209196,-1.91E-05,2,2210,1,26,1.5,1.5,1.27563,2.3877,2.34741,2.67456,2.39868,2.28882,34.0092,13.9482,18,361.299,639.656,28.2359,26.8061,29.9994,26.5841,26.5015,25.5952,26.5295,100,-999.9,405,18.9584,100.183,100.329
36,mod,control,07pre,2.673,1.90928162,0.022182544,38,1751651653,4687.4,20250704 10:54:12,10:54:12,15,1751651645,0.000907967,0.907967231,4.285705096,401.4808065,253.056274,25.6189897,40.64523864,0.049792466,3,0.049337863,0.030876663,161.9057127,29.31971614,28.73161613,3.95973528,54.73032314,2.152886889,3.933627221,1.80684839,-40.04135487,-18.44520821,-1.349241651,102.069908,4.285705096,0.907967231,4.189472373,413.4702008,410.2580061,0.001169559,66.94612035,0.98022665,20.60583098,21.32080788,0.00113097,79.52167287,87,11,1,0,53194.56709,999.9365806,841.146642,0.84119999,0.161915981,6,0.5,1: Needles,2,FALSE,1751651645,401.4808065,404.9685484,21.26553548,20.59902903,401.0958065,21.21253548,799.9851935,101.1386129,0.099697842,28.61757097,28.73161613,999.9,0,0,10000.41903,0,0.00152894,-3.45708,410.2436452,413.4859355,0.686279097,404.9685484,20.59902903,2.152766452,2.083355484,18.61505484,18.09249677,999.9365806,0.960000194,0.039999858,0,1.978709677,0,4727.023548,7946.410323,35.05232258,38.13283871,36.40096774,37.18519355,35.82441935,959.9383871,39.99709677,0,1751651671,0,1751651673,10:54:33,1751651670,1751651673,38,-0.029,0.008,0.385,0.053,405,21,0.25,0.21,-3.462980488,0.096719164,0.019830546,1,0.666091683,0.403047303,0.041639535,0,1,2,2-Jan,3.45135,2.78003,0.0962666,0.0969251,0.109287,0.10567,27141.6,30848.4,29179.5,34755.9,30068.9,38517.2,35935.5,45919.6,2.3641,2.19163,0.114597,0,26.8954,999.9,61.7,28.4,23.6967,61.6619,25.3446,2,-0.0870274,0,20.2938,5.20741,11.9712,4.98905,3.27132,3693.9,9999,9999,999.9,4.97262,1.86295,1.86478,1.86325,1.86325,1.86379,1.86021,1.86303,0,0,0,0,11111111,oooooooo,on,on,on,on,0,100,100,0.385,0.053,0.697993048,-0.001033731,9.12024E-07,-2.25E-10,-0.30140054,-0.018148581,0.00209196,-1.91E-05,2,2210,1,26,1.5,3.4,1.27808,2.39868,2.34741,2.68066,2.39868,2.24243,34.1225,13.9219,18,722.681,642.623,28.2139,26.669,29.9996,26.467,26.4133,25.6366,19.5414,100,-999.9,405,20.5966,100.21,100.347
37,mod,control,07pre,3.253,1.420891162,0.006379663,39,1751651748,4782.9,20250704 10:55:48,10:55:48,15,1751651740,0.000200144,0.200144191,2.620764516,402.9574516,39.90020489,4.039297853,40.79340379,0.011766978,3,0.011741397,0.007340667,161.9094576,29.36531119,28.06803226,3.809916256,54.69883367,2.134929237,3.903061717,1.67498702,-8.826358828,67.14965683,4.892444802,225.1252004,2.620764516,0.200144191,2.412814086,413.6665365,411.7755818,0.012623356,66.94904164,0.323667916,20.94929452,21.16025273,0.006664021,79.35952524,141,18,1,0,53174.47158,999.9638065,841.1692006,0.841199647,0.161915318,6,0.5,1: Needles,2,FALSE,1751651740,402.9574516,404.9835484,21.08884194,20.94189677,402.6154516,21.01884194,799.9857097,101.1349032,0.1001121,28.4832129,28.06803226,999.9,0,0,9992.220323,0,0.001557607,-1.982119677,411.6844516,413.6460645,0.149341555,404.9835484,20.94189677,2.13305871,2.117954839,18.46817097,18.35487097,999.9638065,0.960012935,0.039987181,0,1.205,0,4963.186774,7946.669032,36.41516129,40.59651613,37.94941935,39.43322581,37.14490323,959.9770968,39.98677419,0,1751651767,0,1751651766,10:56:06,1751651764,1751651766,39,-0.043,0.003,0.342,0.07,405,21,0.21,0.15,-1.9562265,-0.457189418,0.054342081,0,0.10671441,0.770037901,0.075101274,0,0,2,0/2,3.45195,2.78113,0.0965787,0.096952,0.108729,0.106932,27139.1,30855.2,29186.5,34763.9,30095.4,38472.7,35944.9,45931.5,2.27865,2.19352,0.0932068,0,26.6867,999.9,61.5,28.5,23.759,61.5119,25.4006,2,-0.0993699,0,20.2947,5.2101,11.9698,4.991,3.272,3696.8,9999,9999,999.9,4.97265,1.86295,1.86478,1.86325,1.86325,1.86377,1.86028,1.86309,0,0,0,0,11111111,oooooooo,on,on,on,on,0,100,100,0.342,0.07,0.66900413,-0.001033731,9.12024E-07,-2.25E-10,-0.293111028,-0.018148581,0.00209196,-1.91E-05,2,2210,1,26,1.3,1.2,1.2793,2.3999,2.34863,2.68433,2.39868,2.28638,34.1905,13.9131,18,655.9,642.762,28.1456,26.5348,29.9995,26.3499,26.2935,25.6501,18.3351,100,-999.9,405,20.9678,100.235,100.372
38,control,control,07pre,4.088,3.528083046,0.023633956,40,1751651858,4892.4,20250704 10:57:37,10:57:37,15,1751651850,0.000591177,0.591177435,5.178204079,400.9425667,153.1843593,15.50785644,40.59004321,0.034687802,3,0.034466514,0.021561335,161.9230155,29.48530643,28.24490333,3.849357304,54.7547684,2.164500597,3.953081458,1.684856707,-26.07092489,74.02818456,5.404255183,215.2845303,5.178204079,0.591177435,5.171108928,413.6450601,409.6849818,-0.000328781,66.94707827,0.615561595,20.9463866,21.39720061,0.000240966,79.49299955,220,28,1,0,53167.6815,1000.043967,841.2369312,0.841199946,0.161915897,6,0.5,1: Needles,2,FALSE,1751651850,400.9425667,405.0038667,21.38062333,20.94673333,400.5945667,21.30862333,800.0244667,101.1363,0.100252537,28.70261333,28.24490333,999.9,0,0,9998.326,0,0.001554422,-4.065477333,409.7049667,413.6689667,0.4503601,405.0038667,20.94673333,2.164026,2.118477,18.69843333,18.35878667,1000.043967,0.960001733,0.039998153,0,2.889666667,0,7556.715333,7947.274,37.49133333,41.49973333,39.04146667,40.67886667,38.079,960.0446667,40,0,1751651877,0,1751651878,10:57:57,1751651875,1751651878,40,0.006,0.002,0.348,0.072,405,21,0.23,0.23,-4.075478049,0.1256423,0.023490258,0,0.439890683,0.138019735,0.022191669,0,0,2,0/2,3.45167,2.78107,0.0962219,0.0969785,0.109564,0.106942,27153.5,30856.3,29190,34765.8,30071,38475.6,35950.3,45935.7,2.14267,2.1935,0.0885539,0,26.8346,999.9,61.3,28.6,23.817,61.6219,25.4487,2,-0.10595,0,20.2926,5.21055,11.9707,4.9906,3.272,3700.3,9999,9999,999.9,4.97262,1.86295,1.86478,1.86325,1.86325,1.86378,1.86021,1.86302,0,0,0,0,11111111,oooooooo,on,on,on,on,0,100,100,0.348,0.072,0.626039333,-0.001033731,9.12024E-07,-2.25E-10,-0.290001973,-0.018148581,0.00209196,-1.91E-05,2,2210,1,26,1.6,1.5,1.2793,2.40112,2.34863,2.68066,2.39868,2.29858,34.2587,13.8781,18,561.006,641.801,28.1224,26.4314,30.0001,26.2616,26.2128,25.6581,18.8809,100,-999.9,405,20.9445,100.249,100.38
39,control,control,07pre,5.076,8.911948815,0.124001764,41,1751651977,5011.9,20250704 10:59:37,10:59:37,15,1751651969,0.002491645,2.491644552,10.53421846,396.3691,269.4454425,27.27686115,40.12576647,0.146574189,3,0.142708824,0.089531812,161.9112883,29.15259843,28.48181667,3.902745173,54.87988673,2.188422449,3.987658466,1.714322724,-109.8815248,60.0121428,4.38949077,116.4313971,10.53421846,2.491644552,10.69505304,413.1660689,404.9884727,-0.001716581,66.94780633,2.448185191,19.78334513,21.58316303,-0.000819362,79.389848,272,34,1,0,53162.87927,999.9707333,841.1753949,0.841200014,0.161916027,6,0.5,1: Needles,2,FALSE,1751651969,396.3691,405.0106333,21.61760667,19.78923667,395.9561,21.51809667,799.9850667,101.1334,0.099936473,28.85286667,28.48181667,999.9,0,0,10002.87467,0,0.001554422,-8.703115,405.0639667,413.1873,1.828372,405.0106333,19.78923667,2.186262333,2.001352,18.86198667,17.45503333,999.9707333,0.960001833,0.039998197,0,1.9725,0,10673.05333,7946.688333,36.2789,39.14346667,37.55816667,38.3393,36.91013333,959.9723333,39.99933333,0,1751651996,0,1751652002,11:00:02,1751652002,1751651878,41,0.066,0.002,0.413,0.072,405,21,0.15,0.23,-8.678169512,-0.442173868,0.046643343,0,1.845975366,-0.347745784,0.035531753,0,0,2,0/2,3.45108,2.78074,0.0953596,0.0969651,0.1102,0.102724,27176.8,30855.4,29187.3,34764.4,30046.2,38656.7,35946.7,45934.8,2.0506,2.18965,0.0881851,0,27.0511,999.9,61.2,28.7,23.9194,61.8319,25.621,2,-0.103006,0,20.2919,5.20621,11.9694,4.9901,3.27125,3703.8,9999,9999,999.9,4.97263,1.86296,1.86479,1.86325,1.86325,1.86379,1.86022,1.86304,0,0,0,0,11111111,oooooooo,on,on,on,on,0,100,100,0.413,0.098,0.631612919,-0.001033731,9.12024E-07,-2.25E-10,-0.288417701,-0.018148581,0.00209196,-1.91E-05,2,2210,1,26,1.7,1.7,1.27808,2.40356,2.34741,2.67944,2.39868,2.27539,34.3497,13.8431,18,503.753,638.544,28.1797,26.4467,30.0002,26.2568,26.1988,25.6405,24.209,100,-999.9,405,19.8618,100.239,100.377
40,control,control,07pre,3.264,2.038433223,0.015953494,42,1751652093,5127.9,20250704 11:01:33,11:01:33,15,1751652085,0.000510014,0.510014289,3.747119895,402.0436129,188.4028014,19.07260001,40.70012206,0.029326276,3,0.02916794,0.018244117,161.9159657,29.64926046,28.47926452,3.902166629,54.82273287,2.185282071,3.986087443,1.716884558,-22.49163016,59.3247648,4.339011758,203.0881121,3.747119895,0.510014289,3.631226355,413.7978618,411.0147879,0.000177625,66.94495668,0.526529259,21.19915578,21.58543576,2.4352E-05,79.56293411,88,11,1,0,53115.51307,1000.003419,841.2025717,0.841199695,0.161915412,6,0.5,1: Needles,2,FALSE,1751652085,402.0436129,405.0077742,21.58663548,21.21237742,401.7006129,21.50363548,799.9904516,101.1332258,0.099876148,28.84606452,28.47926452,999.9,0,0,9993.366452,0,0.001552367,-2.89254,410.9937419,413.7851935,0.390114839,405.0077742,21.21237742,2.184728065,2.145274194,18.85075806,18.55937742,1000.003419,0.960010484,0.039989261,0,0.805806452,0,7151.634839,7946.978387,35.59858065,38.34045161,36.74993548,37.61077419,36.258,960.013871,39.99,0,1751652112,0,1751652110,11:01:50,1751652110,1751652110,42,-0.07,0,0.343,0.083,405,21,0.57,0.09,-2.895059,0.046621914,0.025774878,1,0.36642845,0.354385081,0.043743163,0,1,2,2-Jan,3.45182,2.78103,0.0964244,0.0969683,0.110202,0.10784,27139.9,30849.2,29182.2,34757.7,30040.5,38429,35939.7,45926.2,2.36497,2.1902,0.0809953,0,27.1898,999.9,61.1,28.8,24.0164,61.5719,25.4808,2,-0.0964228,0,20.2926,5.21025,11.9713,4.98975,3.272,3707.3,9999,9999,999.9,4.97265,1.86296,1.86481,1.86326,1.86328,1.86385,1.86028,1.8631,0,0,0,0,11111111,oooooooo,on,on,on,on,0,100,100,0.343,0.083,0.697269093,-0.001033731,9.12024E-07,-2.25E-10,-0.288417701,-0.018148581,0.00209196,-1.91E-05,2,2210,1,26,1.5,3.6,1.28052,2.39502,2.34741,2.67822,2.39868,2.30103,34.4408,13.8343,18,721.221,639.536,28.201,26.5045,30.0004,26.2947,26.2464,25.6775,18.6033,100,-999.9,405,21.2261,100.221,100.358
41,control,control,07pre,3.282,2.841360806,0.038984797,43,1751652201,5235.4,20250704 11:03:20,11:03:20,15,1751652193,0.001292452,1.292451652,5.194443886,400.7181333,272.9043542,27.62665608,40.56550173,0.071270196,3,0.070342769,0.044046551,161.9200139,29.50272857,28.86753,3.991046944,54.72036335,2.187812009,3.998167912,1.803234935,-56.99711785,4.97823408,0.364905907,110.2660361,5.194443886,1.292451652,5.248284776,413.5438279,409.526703,-0.000635783,66.94698052,1.359615947,20.66847303,21.66489576,0.000299369,79.48000535,4,0,1,0,53082.46563,1000.021267,841.2181851,0.841200296,0.16191657,6,0.5,1: Needles,2,FALSE,1751652193,400.7181333,405.0024,21.61186,20.66347,400.3141333,21.55186,799.9996,101.1318,0.10020913,28.89831,28.86753,999.9,0,0,9988.834,0,0.00152894,-4.343591333,409.5264667,413.5477333,0.989753233,405.0024,20.66347,2.189829667,2.089734,18.88809667,18.14114333,1000.021267,0.9599877,0.0400126,0,2.1825,0,6443.768667,7947.033333,35.25,38.15393333,36.4412,37.40393333,35.937,960.0096667,40.01066667,0,1751652219,0,1751652221,11:03:41,1751652219,1751652221,43,0.061,0,0.404,0.06,405,21,0.25,0.09,-4.33756825,0.000831107,0.022615211,1,0.9968439,-0.102656713,0.013439501,0,1,2,2-Jan,3.45165,2.78103,0.0961313,0.0969333,0.110439,0.105907,27139.5,30841.6,29172.9,34748.4,30022.9,38502.8,35927.8,45914.6,2.48522,2.1845,0.0872314,0,27.4804,999.9,61,28.9,24.1177,61.7019,25.4728,2,-0.0827033,0,20.2923,5.21145,11.9724,4.99105,3.272,3710.9,9999,9999,999.9,4.97264,1.86298,1.8648,1.86329,1.86325,1.86382,1.86029,1.86308,0,0,0,0,11111111,oooooooo,on,on,on,on,0,100,100,0.404,0.06,0.626806444,-0.001033731,9.12024E-07,-2.25E-10,-0.288105568,-0.018148581,0.00209196,-1.91E-05,2,2210,1,26,1.5,1.5,1.2793,2.39746,2.34741,2.67822,2.39868,2.29492,34.5777,13.8168,18,823.693,636.378,28.2711,26.6506,30.0007,26.4166,26.3687,25.6691,21.4221,100,-999.9,405,20.6283,100.188,100.332
42,control,control,07pre,3.82,5.795348338,0.118006598,44,1751652305,5339.9,20250704 11:05:05,11:05:05,15,1751652297,0.003434388,3.434387546,9.102641368,397.1975806,305.5937458,30.93510674,40.20811852,0.185350678,3,0.179215683,0.11254409,161.9163843,29.00591136,29.28627419,4.088878156,55.10705114,2.209320781,4.00914354,1.879557375,-151.4564908,-55.08989025,-4.047464332,-48.6774611,9.102641368,3.434387546,9.31848732,412.9792336,405.8570121,-0.001223203,66.94603343,3.33859973,19.26670876,21.73962242,-0.005856185,79.50508642,139,17,1,0,53183.38125,1000.006032,841.2047674,0.841199693,0.161915408,6,0.5,1: Needles,2,FALSE,1751652297,397.1975806,405.0475484,21.82486774,19.30532903,396.7035806,21.71614516,800.0113226,101.1293871,0.100128097,28.94565806,29.28627419,999.9,0,0,10010.51935,0,0.001529248,-7.937220323,405.9706129,413.0210645,2.519547419,405.0475484,19.30532903,2.207135161,1.952335806,19.01412258,17.06293871,1000.006032,0.960009032,0.039990829,0,0.599354839,0,9095,7946.988387,35.09045161,38.004,36.20325806,37.395,35.812,960.0158065,39.99,0,1751652324,0,1751652325,11:05:25,1751652325,1751652221,44,0.091,0,0.494,0.06,405,21,0.21,0.09,-7.924092,-0.45659955,0.051878327,0,2.5384975,-0.458980413,0.045130253,0,0,2,0/2,3.45079,2.78075,0.0954102,0.0968869,0.110646,0.100739,27152.7,30836.1,29164.3,34741.3,30007,38717.8,35916.6,45905.2,2.27828,2.17705,0.0993162,0,27.695,999.9,61,29.1,24.4017,61.8519,25.5489,2,-0.0670605,0,20.2916,5.20771,11.9731,4.99,3.27125,3714,9999,9999,999.9,4.97266,1.86305,1.86486,1.86335,1.86328,1.86384,1.86034,1.8631,0,0,0,0,11111111,oooooooo,on,on,on,on,0,100,100,0.494,0.1049,0.687349807,-0.001033731,9.12024E-07,-2.25E-10,-0.288225063,-0.018148581,0.00209196,-1.91E-05,2,2210,1,26,1.4,1.4,1.27808,2.40234,2.34863,2.677,2.39868,2.28516,34.7379,13.7906,18,658.296,632.254,28.373,26.8345,30.0008,26.5874,26.5281,25.6423,27.5513,99.6299,-999.9,405,19.3188,100.157,100.311
43,control,control,07pre,3.276,3.110785992,0.041531381,45,1751652665,5699.5,20250704 11:11:04,11:11:04,15,1751652657,0.00147728,1.477279781,5.697410242,400.2777,268.4746798,27.17324406,40.51348023,0.0760648,3,0.07500939,0.046974473,161.9118312,30.17049288,29.79157333,4.209709582,54.72528626,2.280260377,4.166739971,1.929449205,-65.14803835,-28.82566816,-2.130184521,65.80794012,5.697410242,1.477279781,5.536937682,413.8716015,409.6251455,0.000801884,66.94462902,1.480535314,21.45176864,22.53694424,5.31989E-05,79.54776476,124,16,1,0,53011.91054,999.9775,841.1808006,0.841199728,0.161915474,6,0.5,1: Needles,2,FALSE,1751652657,400.2777,404.9943,22.52922667,21.44621667,399.8827,22.38935,799.9914,101.1133,0.100133153,29.61334667,29.79157333,999.9,0,0,10001.53133,0,0.001551555,-4.615453333,409.6070667,413.8702667,1.083012333,404.9943,21.44621667,2.278004333,2.168496333,19.52169333,18.73145333,999.9775,0.960009967,0.039990017,0,1.956166667,0,5907.541333,7946.769333,35.0641,38.125,36.187,37.52273333,35.8708,959.987,39.99,0,1751652684,0,1751652682,11:11:21,1751652682,1751652221,45,-0.099,0,0.395,0.06,405,21,0.22,0.09,-4.622388,0.068547917,0.023908828,1,1.08262025,0.004114559,0.001267358,1,2,2,2-Feb,3.45205,2.78082,0.095838,0.0967174,0.113201,0.108467,27108.8,30809.5,29133.2,34707.9,29888.1,38348.1,35875.9,45859.9,2.29295,2.16432,0.0858754,0,28.392,999.9,60.4,29.6,24.8697,61.881,25.2364,2,-0.0101728,0,20.2918,5.2101,11.974,4.9913,3.272,3725.1,9999,9999,999.9,4.97263,1.8631,1.86493,1.8634,1.8634,1.86386,1.86035,1.8631,0,0,0,0,11111111,oooooooo,on,on,on,on,0,100,100,0.395,0.1403,0.778101714,-0.001033731,9.12024E-07,-2.25E-10,-0.288225063,-0.018148581,0.00209196,-1.91E-05,2,2210,1,26,5.7,7.4,1.28052,2.39868,2.34741,2.67822,2.39868,2.29858,35.4986,13.7118,18,676.971,629.712,28.9452,27.5434,30.0007,27.2644,27.2001,25.6899,20.6759,100,-999.9,405,21.4423,100.047,100.213
44,control,control,07pre,5.232,7.659905098,0.151254627,46,1751652780,5814.5,20250704 11:12:59,11:12:59,15,1751652772,0.003255326,3.255326146,8.784294837,397.480871,303.4171464,30.71125668,40.23219255,0.173457141,3,0.168071912,0.105514859,161.9142306,29.67745456,29.69608065,4.186638961,55.06425779,2.288895341,4.15677144,1.89774362,-143.559883,-20.10534999,-1.484753794,-3.235756171,8.784294837,3.255326146,9.282050375,413.3616855,406.3660182,-0.032608852,66.94267749,3.177894091,20.15496747,22.52888545,-0.011044968,79.64896894,93,12,1,0,52987.85296,999.9901935,841.1916567,0.841199906,0.161915818,6,0.5,1: Needles,2,FALSE,1751652772,397.480871,405.0395806,22.61353548,20.22723871,396.996871,22.46987742,799.9956452,101.1178387,0.100095245,29.57177097,29.69608065,999.9,0,0,9994.899677,0,0.0015536,-7.64422871,406.5899677,413.4017097,2.3863,405.0395806,20.22723871,2.286632581,2.045334194,19.58248065,17.79966774,999.9901935,0.960002677,0.03999709,0,1.659516129,0,9754.89871,7946.842903,35.11280645,38.125,36.18903226,37.625,35.875,959.9932258,39.99645161,0,1751652799,0,1751652799,11:13:18,1751652799,1751652221,46,0.088,0,0.484,0.06,405,21,0.17,0.09,-7.5764515,-1.256811782,0.12268592,0,2.40467625,-0.285154334,0.034080742,0,0,2,0/2,3.45141,2.78035,0.0952284,0.0966693,0.113124,0.103759,27120.3,30805.2,29126.5,34702.1,29884.2,38544.5,35867.2,45852.2,2.33885,2.15817,0.0889003,0,28.2702,999.9,60.1,29.8,25.0325,61.481,25.3926,2,0.00294461,0,20.291,5.20756,11.974,4.98875,3.27132,3728.5,9999,9999,999.9,4.97266,1.8631,1.86494,1.8634,1.86339,1.86388,1.86035,1.86315,0,0,0,0,11111111,oooooooo,on,on,on,on,0,100,100,0.484,0.1398,0.679243596,-0.001033731,9.12024E-07,-2.25E-10,-0.288225063,-0.018148581,0.00209196,-1.91E-05,2,2210,1,26,1.6,9.3,1.28052,2.40234,2.34741,2.677,2.39868,2.31567,35.6613,13.6942,18,714.645,626.8,29.0782,27.727,30.0005,27.4432,27.3774,25.6735,26.163,100,-999.9,405,20.2471,100.023,100.197
45,control,control,07pre,3.175,4.073642697,0.057005739,47,1751652875,5910,20250704 11:14:35,11:14:35,15,1751652867,0.001949978,1.949978281,7.698222419,398.6220667,272.4517958,27.57803399,40.34920331,0.107727381,3,0.105623552,0.066200319,161.9142214,30.00272716,29.25097667,4.080551671,54.64032863,2.270463468,4.155288822,1.810088203,-85.99404219,50.88268472,3.749221644,130.5520856,7.698222419,1.949978281,7.568881614,413.6897722,407.8893455,0.00055986,66.94185649,2.167774479,21.01224695,22.57195091,0.007361783,79.67431773,51,6,1,0,52975.22267,999.9957333,841.1958473,0.841199436,0.161914912,6,0.5,1: Needles,2,FALSE,1751652867,398.6220667,404.9788333,22.4306,21.00089333,398.1780667,22.3656,799.9847,101.1218,0.099900167,29.56558,29.25097667,999.9,0,0,9991.795,0,0.00152894,-6.314371667,407.8427667,413.6663333,1.503471,404.9788333,21.00089333,2.275682333,2.123649,19.50525667,18.39768,999.9957333,0.9600164,0.039983237,0,1.018,0,8384.499,7946.936667,35.125,38.25,36.312,37.68286667,35.937,960.0136667,39.981,0,1751652894,0,1751652898,11:14:58,1751652892,1751652898,47,-0.04,-0.011,0.444,0.065,405,21,0.15,0.05,-6.31363525,-0.031824653,0.028700447,1,1.45668825,0.835847617,0.08382029,0,1,2,2-Jan,3.45181,2.78098,0.095458,0.0966508,0.113259,0.10685,27109.6,30801.7,29122.8,34697.9,29875.5,38407.4,35861.8,45847,2.4011,2.1566,0.0639856,0,28.3159,999.9,59.9,30,25.2366,61.901,25.2724,2,0.0103608,0,20.2914,5.2107,11.9739,4.9899,3.272,3731.3,9999,9999,999.9,4.97268,1.8631,1.86493,1.8634,1.8634,1.86387,1.86037,1.86312,0,0,0,0,11111111,oooooooo,on,on,on,on,0,100,100,0.444,0.065,0.767667449,-0.001033731,9.12024E-07,-2.25E-10,-0.288225063,-0.018148581,0.00209196,-1.91E-05,2,2210,1,26,1.3,10.9,1.28052,2.41455,2.34863,2.677,2.39868,2.27295,35.801,13.6592,18,767.001,626.984,29.1964,27.8501,30.0004,27.5704,27.5067,25.6922,23.4791,100,-999.9,405,20.9463,100.009,100.185
46,control,control,07pre,2.929,1.849055737,0.023843151,48,1751652972,6007,20250704 11:16:12,11:16:12,15,1751652964,0.000940397,0.940397403,3.787755008,401.8196452,266.4056141,26.96765101,40.67531382,0.048842234,3,0.048404734,0.03029194,161.9137902,30.45846513,29.64878387,4.175253131,54.03480968,2.271240693,4.203291742,1.904012438,-41.47152548,18.80520124,1.389744613,140.6372106,3.787755008,0.940397403,3.746597187,414.0212607,411.1204909,0.008445573,66.94203498,1.177910105,21.88584285,22.65122,0.024517249,79.66647275,94,12,1,0,52932.10231,999.981129,841.1845639,0.841200438,0.161916846,6,0.5,1: Needles,2,FALSE,1751652964,401.8196452,404.9438387,22.43692903,21.74746129,401.3746452,22.33792903,800.0064839,101.1276129,0.100175003,29.76505484,29.64878387,999.9,0,0,9989.579677,0,0.001544352,-3.124137742,411.0540323,413.9462258,0.717405,404.9438387,21.74746129,2.271817742,2.19926871,19.47777419,18.95680323,999.981129,0.959984742,0.040015387,0,2.314193548,0,4919.992903,7946.708065,35.187,38.375,36.375,37.762,36,959.9677419,40.01387097,0,1751652991,0,1751652991,11:16:31,1751652991,1751652990,48,0.001,-0.007,0.445,0.099,405,22,0.33,0.13,-3.109300244,-0.367629617,0.040203512,0,0.750648073,-0.462796934,0.064887255,0,0,2,0/2,3.45235,2.78026,0.0960145,0.0966234,0.113553,0.109932,27086.6,30795.6,29116.4,34690.6,29859.5,38266.6,35854.1,45837,2.33353,2.1547,0.0727326,0,28.5225,999.9,59.7,30.2,25.4399,61.981,25.2284,2,0.0202998,0,20.2909,5.20741,11.9739,4.9888,3.27132,3734.1,9999,9999,999.9,4.97264,1.86311,1.86503,1.86341,1.86341,1.86392,1.8604,1.86318,0,0,0,0,11111111,oooooooo,on,on,on,on,0,100,100,0.445,0.099,0.727513023,-0.001033731,9.12024E-07,-2.25E-10,-0.298776732,-0.018148581,0.00209196,-1.91E-05,2,2210,1,26,1.3,1.2,1.28174,2.40601,2.34741,2.67334,2.39868,2.30103,35.9645,13.6592,18,713.719,627.112,29.3171,27.9825,30.0006,27.7158,27.6547,25.7154,20.1803,100,-999.9,405,22.0247,99.9875,100.164
47,control,control,07pre,1.319,0.44116159,0.004007621,49,1751653062,6096.5,20250704 11:17:41,11:17:41,15,1751653054,0.00037915,0.37915024,2.00680026,403.3876333,216.4074188,21.90791153,40.83677275,0.018230269,3,0.018168947,0.011361084,161.9177456,30.77646603,30.34839333,4.346454548,54.24638824,2.303271341,4.245944138,2.043183207,-16.7205256,-65.94893224,-4.894936496,74.35335127,2.00680026,0.37915024,2.03394076,414.2845984,412.7261091,-0.000585128,66.94282615,0.484741361,22.47260289,22.80261333,0.006318561,79.62471362,213,27,1,0,52993.44763,1000.014567,841.2119359,0.841199682,0.161915387,6,0.5,1: Needles,2,FALSE,1751653054,403.3876333,405.0073667,22.75182667,22.47394667,402.9556333,22.62982667,800.0371667,101.1345667,0.10000122,29.94063667,30.34839333,999.9,0,0,10006.98,0,0.00152894,-1.606253667,412.7980333,414.3188333,0.2898783,405.0073667,22.47394667,2.302210667,2.272893667,19.69186,19.48556333,1000.014567,0.960011867,0.039988303,0,1.793666667,0,4359.307333,7947.067667,35.25,38.437,36.437,37.875,36.062,960.0246667,39.99,0,1751653081,0,1751653080,11:17:59,1751653080,1751653078,49,-0.013,-0.002,0.432,0.122,405,23,0.21,0.08,-1.55747975,-0.863903302,0.098302457,0,0.185894055,1.538477689,0.176986684,0,0,2,0/2,3.45266,2.78084,0.0962564,0.0966039,0.114038,0.111913,27073.5,30790.2,29110.5,34684.4,29836.8,38175,35846.1,45829,2.13022,2.15298,0.103213,0,28.6862,999.9,59.5,30.3,25.499,61.721,25.2163,2,0.0301448,0,20.2911,5.20995,11.974,4.9901,3.272,3737,9999,9999,999.9,4.97266,1.8631,1.86503,1.8634,1.8634,1.86398,1.86044,1.86319,0,0,0,0,11111111,oooooooo,on,on,on,on,0,100,100,0.432,0.122,0.728859368,-0.001033731,9.12024E-07,-2.25E-10,-0.305408515,-0.018148581,0.00209196,-1.91E-05,2,2210,1,26,1.2,1.2,1.28296,2.41699,2.34741,2.67334,2.39868,2.27417,36.152,13.6329,18,567.908,627.177,29.456,28.1294,30.0005,27.8592,27.7847,25.7329,18.6369,100,-999.9,405,22.6052,99.9662,100.146
48,control,heat,07pre,3.673,2.666558035,0.050116032,50,1751653170,6205,20250704 11:19:30,11:19:30,15,1751653162,0.001516441,1.516441325,4.355934715,401.3579333,304.5257675,30.82738857,40.62978665,0.081866646,3,0.080645486,0.050511628,161.9133532,30.3246532,29.68356333,4.183623018,55.66520961,2.341447597,4.206303386,1.842175421,-66.87506242,15.19347984,1.123093453,111.354864,4.355934715,1.516441325,4.328991257,414.1258169,410.8102667,-0.001234719,66.94262263,1.427786465,21.87139936,22.99027576,-0.018190073,79.63058194,0,0,1,0,52948.50926,999.9906667,841.1915604,0.841199412,0.161914864,6,0.5,1: Needles,2,FALSE,1751653162,401.3579333,405.0812,23.12979333,22.01881667,400.9639333,22.98082667,800.0346333,101.1304667,0.100338257,29.77750333,29.68356333,999.9,0,0,9992.941667,0,0.001575763,-3.683604333,410.9017,414.2015333,1.110985667,405.0812,22.01881667,2.339126,2.226771333,19.9483,19.15599667,999.9906667,0.960017667,0.039982067,0,0.094833333,0,5499.981667,7946.904,35.04133333,38.1996,36.2416,37.65806667,35.937,960.0103333,39.98,0,1751653189,0,1751653188,11:19:48,1751653188,1751653078,50,-0.038,-0.002,0.394,0.122,405,23,0.33,0.08,-3.66072561,-0.514136655,0.068132559,0,0.991239805,1.884249679,0.226583865,0,0,2,0/2,3.45233,2.78084,0.0958956,0.0965948,0.114635,0.109636,27086.6,30793.6,29113.1,34687.9,29819.5,38277.9,35849.6,45835,2.4903,2.1511,0.0842586,0,28.3635,999.9,59.2,30.5,25.6635,61.831,25.2003,2,0.0284832,0,20.2914,5.20995,11.9739,4.98975,3.272,3740.1,9999,9999,999.9,4.97267,1.8631,1.86508,1.86352,1.86342,1.864,1.86043,1.86324,0,0,0,0,11111111,oooooooo,on,on,on,on,0,100,100,0.394,0.1423,0.716079711,-0.001033731,9.12024E-07,-2.25E-10,-0.307108139,-0.018148581,0.00209196,-1.91E-05,2,2210,1,26,1.5,1.5,1.28296,2.41089,2.34741,2.67212,2.39868,2.29614,36.2929,13.6154,18,849.243,625.973,29.5294,28.1531,29.9998,27.8751,27.8106,25.731,22.0988,100,-999.9,405,21.6947,99.9755,100.158
49,control,heat,07pre,3.268,3.149633993,0.084171219,51,1751653272,6306.5,20250704 11:21:11,11:21:11,15,1751653264,0.002868622,2.868622303,5.782681749,399.8239667,327.4248311,33.14386042,40.47252525,0.154537121,3,0.150246979,0.094279894,161.9162401,30.12611725,29.75858667,4.20172765,54.96728938,2.331419182,4.241466532,1.870308468,-126.5062436,26.47456584,1.959117127,63.8436795,5.782681749,2.868622303,5.862689632,413.634631,409.1507636,-0.002123077,66.9429947,2.834192899,20.88303328,22.98486121,-0.006272325,79.60503452,46,6,1,0,52984.15133,999.9999333,841.2000739,0.84120013,0.161916251,6,0.5,1: Needles,2,FALSE,1751653264,399.8239667,405.0211667,23.03185333,20.92994667,399.3779667,22.88733333,800.0029667,101.1258667,0.099994263,29.92227667,29.75858667,999.9,0,0,10005.41467,0,0.001530533,-5.247098,409.1987333,413.6795667,2.101911,405.0211667,20.92994667,2.329117,2.116558667,19.87918667,18.34431667,999.9999333,0.959995033,0.040004887,0,-1.253,0,6020.427,7946.895333,34.937,38,36.0998,37.437,35.75413333,959.9956667,40.00433333,0,1751653291,0,1751653289,11:21:29,1751653289,1751653078,51,0.052,-0.002,0.446,0.122,405,23,0.32,0.08,-5.23091625,-0.144746904,0.037624361,0,2.10863875,-0.032009493,0.025087122,1,1,2,2-Jan,3.45173,2.78024,0.0956086,0.0965794,0.114636,0.106305,27098.5,30798,29116.5,34692.1,29823,38426.6,35854.2,45841.7,2.40275,2.14797,0.0784099,0,28.5079,999.9,58.9,30.6,25.6848,61.871,25.3766,2,0.0241819,0,20.2911,5.20711,11.9728,4.989,3.27132,3743.2,9999,9999,999.9,4.97263,1.86311,1.86506,1.86355,1.86342,1.86399,1.86044,1.86324,0,0,0,0,11111111,oooooooo,on,on,on,on,0,100,100,0.446,0.1423,0.677864481,-0.001033731,9.12024E-07,-2.25E-10,-0.307108139,-0.018148581,0.00209196,-1.91E-05,2,2210,1,26,1.4,3.2,1.28174,2.41333,2.34741,2.67212,2.39868,2.31812,36.4107,13.6154,18,772.237,623.501,29.5835,28.1015,30.0003,27.865,27.8115,25.7107,25.5767,100,-999.9,405,20.9236,99.9878,100.171
50,control,heat,07pre,3.559,4.030956942,0.034963275,52,1751653370,6405,20250704 11:22:50,11:22:50,15,1751653362,0.001152379,1.15237878,6.795656547,399.5307419,203.8172807,20.63196246,40.44359361,0.058943425,3,0.058307523,0.036498763,161.9077887,30.5591555,29.97316774,4.253887878,54.66350693,2.318186732,4.240830606,1.935701146,-50.81990421,-8.652876,-0.640985051,101.7940234,6.795656547,1.15237878,6.716689057,414.1071783,408.9553818,0.000194129,66.94150899,1.309095725,22.06474541,22.99960909,0.006098501,79.68283073,15,2,1,0,52949.80918,999.9486774,841.1568785,0.841200051,0.161916099,6,0.5,1: Needles,2,FALSE,1751653362,399.5307419,404.9728065,22.90070645,22.0562129,399.1087419,22.79770645,799.9979355,101.1278065,0.099932394,29.91966774,29.97316774,999.9,0,0,9998.363226,0,0.001570555,-5.416044839,408.9369355,414.1065484,0.881749968,404.9728065,22.0562129,2.319665484,2.230495806,19.8135871,19.18304516,999.9486774,0.959997903,0.040002335,0,1.097258065,0,5943.783226,7946.496129,35.07835484,38.29812903,36.29003226,37.60454839,35.93516129,959.9496774,39.99967742,0,1751653389,0,1751653391,11:23:11,1751653390,1751653391,52,-0.024,0.001,0.422,0.103,405,22,0.54,0.06,-5.40707675,-0.243502176,0.029891197,0,0.846836675,0.693048191,0.068128116,0,0,2,0/2,3.45244,2.78045,0.0955527,0.0965736,0.114685,0.110471,27096.7,30793.6,29112.9,34687.1,29817.9,38241.7,35849.8,45834.8,2.4464,2.14795,0.0890009,0,28.5424,999.9,58.7,30.8,25.8916,61.811,25.3125,2,0.0288897,0,20.2927,5.20666,11.9737,4.9891,3.27132,3746.1,9999,9999,999.9,4.97265,1.8631,1.86507,1.8635,1.86342,1.86399,1.86041,1.86324,0,0,0,0,11111111,oooooooo,on,on,on,on,0,100,100,0.422,0.103,0.729583569,-0.001033731,9.12024E-07,-2.25E-10,-0.307108139,-0.018148581,0.00209196,-1.91E-05,2,2210,1,26,1.4,4.9,1.28296,2.41333,2.34741,2.6709,2.39868,2.30957,36.4343,13.6067,18,810.467,623.993,29.6047,28.1469,30.0002,27.912,27.8582,25.74,21.2038,100,-999.9,405,22.0193,99.9756,100.156
51,control,heat,07pre,3.064,3.085646564,0.035496615,53,1751653476,6510.5,20250704 11:24:35,11:24:35,15,1751653468,0.001358226,1.358225739,6.042388832,400.0510333,249.1743371,25.22275094,40.49529215,0.069510343,3,0.068627846,0.042970759,161.9126499,30.66758377,30.11941333,4.289759702,54.95392204,2.352116988,4.28016218,1.937642714,-59.89775508,-6.31147784,-0.468250665,95.23516636,6.042388832,1.358225739,6.034439939,414.2122006,409.5857879,-0.000683762,66.94209367,1.398735163,22.24540617,23.26616182,0.000969731,79.63794827,152,19,1,0,52936.89703,999.979,841.1823608,0.841200026,0.16191605,6,0.5,1: Needles,2,FALSE,1751653468,400.0510333,404.9902667,23.23645,22.24146667,399.6550333,23.08133667,800.0126333,101.1251667,0.100149057,30.08039,30.11941333,999.9,0,0,10001.623,0,0.00155283,-4.911179667,409.5967,414.2027667,0.9949829,404.9902667,22.24146667,2.349792333,2.249174333,20.02185333,19.31694333,999.979,0.9599975,0.040002413,0,2.384833333,0,6414.309667,7946.736667,36.66013333,41.156,38.1164,40.4289,37.6164,959.9783333,40,0,1751653495,0,1751653503,11:25:02,1751653503,1751653391,53,-0.027,0.001,0.396,0.103,405,22,0.33,0.06,-4.904838,-0.08877591,0.02097576,1,0.976145475,0.315142953,0.030747074,0,1,2,2-Jan,3.45256,2.7808,0.0956374,0.0965645,0.115569,0.111082,27092.3,30792.1,29111,34685.2,29786,38214.2,35847.6,45833.1,2.23725,2.14768,0.0945926,0,28.6394,999.9,58.4,30.9,25.9059,61.541,25.2965,2,0.0308232,0,20.2934,5.2098,11.9737,4.9907,3.272,3749.2,9999,9999,999.9,4.97266,1.86311,1.86507,1.86354,1.86345,1.86401,1.86042,1.86323,0,0,0,0,11111111,oooooooo,on,on,on,on,0,100,100,0.396,0.1566,0.705765581,-0.001033731,9.12024E-07,-2.25E-10,-0.305761026,-0.018148581,0.00209196,-1.91E-05,2,2210,1,26,1.4,1.4,1.28418,2.40967,2.34741,2.66724,2.39868,2.31201,36.3871,13.5892,18,643.113,624.05,29.6495,28.1806,30.0002,27.9459,27.8832,25.7555,20.8716,100,-999.9,405,22.1695,99.9692,100.152
52,control,heat,07pre,3.723,4.063335089,0.05396214,54,1751653589,6623.5,20250704 11:26:28,11:26:28,15,1751653581,0.001649774,1.649773848,6.548485236,399.6111613,267.2126724,27.04902118,40.45126554,0.086965576,3,0.085588942,0.053614959,161.9200368,30.80647817,30.04606774,4.271736327,55.03863382,2.384691847,4.332759883,1.887044481,-72.7550267,39.99000859,2.968922657,132.1239413,6.548485236,1.649773848,6.554475696,414.2605552,409.2229273,0.002864841,66.94249231,1.707930247,22.30654148,23.55866364,-0.000352448,79.62573813,634,79,1,0,52866.58309,1000.02471,841.2208044,0.841200019,0.161916036,6,0.5,1: Needles,2,FALSE,1751653581,399.6111613,405.0167419,23.55796452,22.34983548,399.2341613,23.38806774,800.0346774,101.1264839,0.10008199,30.29332258,30.04606774,999.9,0,0,9994.953226,0,0.001553601,-5.384833871,409.2735484,414.2756774,1.20813129,405.0167419,22.34983548,2.382332903,2.260159355,20.24419032,19.39520968,1000.02471,0.959998,0.0400025,0,2.812903226,0,6987.235806,7947.097097,37.09858065,40.39696774,38.37277419,39.94529032,37.83232258,960.0232258,40.0016129,0,1751653608,0,1751653615,11:26:54,1751653615,1751653391,54,-0.019,0.001,0.377,0.103,405,22,0.29,0.06,-5.33144425,-1.041793058,0.115664318,0,1.166319075,0.912078946,0.093999902,0,0,2,0/2,3.45269,2.78008,0.0955388,0.0965613,0.116514,0.111219,27095.3,30791.2,29111.1,34684.2,29754.4,38208.1,35848.2,45832.8,1.14015,2.14543,0.0806302,0,28.7648,999.9,58.3,31,26.0092,61.671,25.4247,2,0.0333181,0,20.2914,5.21025,11.9737,4.99065,3.272,3752.6,9999,9999,999.9,4.97268,1.8631,1.86508,1.86351,1.86344,1.86398,1.86044,1.86323,0,0,0,0,11111111,oooooooo,on,on,on,on,0,100,100,0.377,0.1699,0.679423986,-0.001033731,9.12024E-07,-2.25E-10,-0.305761026,-0.018148581,0.00209196,-1.91E-05,2,2210,1,26,1.4,3.3,1.28418,2.42188,2.34741,2.66846,2.39868,2.28394,36.4107,13.5629,18,146.131,622.646,29.7336,28.2084,30.0004,28.0497,27.918,25.766,21.3712,100,-999.9,405,22.1839,99.9703,100.15
52,control,heat,07pre,3.723,4.089627012,0.061100106,55,1751653644,6678.5,20250704 11:27:23,11:27:23,15,1751653636,0.001875979,1.875979243,6.590857393,399.5119032,280.2271199,28.36663483,40.44151142,0.098469148,3,0.096708207,0.06059822,161.9208126,30.88888915,30.21432258,4.313180294,55.28863549,2.414793903,4.367613491,1.898386391,-82.73068461,35.39774965,2.631994192,117.2198719,6.590857393,1.875979243,6.53406021,414.3239715,409.3026848,0.002394475,66.94,1.876810588,22.37054607,23.79920545,-0.013666633,79.69618729,616,77,1,0,52799.67451,1000.026516,841.2225744,0.841200269,0.161916519,6,0.5,1: Needles,2,FALSE,1751653636,399.5119032,405.0171613,23.85516452,22.48174194,399.1109032,23.67148387,799.9988387,101.1271935,0.100106787,30.43318387,30.21432258,999.9,0,0,9986.492903,0,0.00152894,-5.527258065,409.2528065,414.332129,1.373414194,405.0171613,22.48174194,2.412404194,2.273514194,20.44728065,19.48982903,1000.026516,0.959990742,0.04000919,0,-0.212580645,0,6985.62129,7947.093871,36.86077419,39.77596774,38.012,39.27996774,37.562,960.0158065,40.01,0,1751653663,0,1751653664,11:27:43,1751653664,1751653391,55,0.024,0.001,0.401,0.103,405,22,0.37,0.06,-5.5275105,0.093513996,0.023458952,1,1.308304925,1.460478428,0.146922374,0,1,2,2-Jan,3.45247,2.78062,0.0955341,0.0965671,0.117289,0.111341,27092.5,30788.5,29108.1,34681.6,29724.2,38200.4,35843.4,45829.8,1.20117,2.14395,0.080131,0,28.9051,999.9,58.2,31.1,26.1104,61.391,25.4567,2,0.0369944,0,20.2914,5.2095,11.974,4.9908,3.272,3754,9999,9999,999.9,4.97267,1.86313,1.86506,1.86349,1.86342,1.86398,1.86044,1.86322,0,0,0,0,11111111,oooooooo,on,on,on,on,0,100,100,0.401,0.1807,0.660646235,-0.001033731,9.12024E-07,-2.25E-10,-0.305761026,-0.018148581,0.00209196,-1.91E-05,2,2210,1,26,0.5,4.2,1.28418,2.41821,2.34741,2.66602,2.39868,2.29614,36.4343,13.5629,18,162.053,621.865,29.7947,28.2493,30.0004,28.079,27.9533,25.771,21.4462,100,-999.9,405,22.2408,99.9583,100.143
53,control,heat,07pre,3.769,5.146933493,0.109272409,56,1751653743,6778,20250704 11:29:03,11:29:03,15,1751653735,0.003151821,3.151820655,8.193579453,398.0075,310.0249295,31.38276461,40.28893968,0.173954485,3,0.16853885,0.10580931,161.9099399,30.48396798,29.91677667,4.240126003,55.41909882,2.409277058,4.347376823,1.830848945,-138.9952909,70.40691552,5.225301126,98.54686562,8.193579453,3.151820655,8.374832318,413.9181301,407.5091455,-0.002972263,66.94179828,3.011874772,21.35796097,23.63500788,-0.017938896,79.65081773,133,17,1,0,52887.15244,999.9656667,841.1708592,0.84119974,0.161915499,6,0.5,1: Needles,2,FALSE,1751653735,398.0075,405.0933667,23.80083333,21.49328,397.5355,23.61969,800.0174,101.1265333,0.1000508,30.35209667,29.91677667,999.9,0,0,10001.02267,0,0.00155283,-7.153604667,407.6419,413.9913667,2.307545,405.0933667,21.49328,2.406896667,2.173542667,20.41008667,18.76841333,999.9656667,0.960010867,0.039989273,0,2.305833333,0,9174.106,7946.682333,36.562,39.312,37.6622,38.812,37.25,959.9763333,39.99,0,1751653762,0,1751653760,11:29:20,1751653760,1751653391,56,0.07,0.001,0.472,0.103,405,22,0.33,0.06,-7.098346098,-0.951898955,0.105619751,0,2.282947561,0.363589756,0.049625104,0,0,2,0/2,3.45217,2.78107,0.0952074,0.0965353,0.116729,0.107815,27095.8,30785.7,29101.4,34677.7,29736.5,38348.4,35834.8,45825.4,2.2666,2.1398,0.0718832,0,28.8397,999.9,58.2,31.2,26.2632,61.861,25.3125,2,0.0453455,0,20.2911,5.20965,11.974,4.98915,3.27192,3757.1,9999,9999,999.9,4.97264,1.8631,1.86508,1.86353,1.86344,1.86398,1.86041,1.86322,0,0,0,0,11111111,oooooooo,on,on,on,on,0,100,100,0.472,0.1731,0.685189678,-0.001033731,9.12024E-07,-2.25E-10,-0.305761026,-0.018148581,0.00209196,-1.91E-05,2,2210,1,26,1.3,5.9,1.28418,2.42554,2.34741,2.66479,2.39868,2.25586,36.5051,13.5454,18,666.567,619.588,29.8633,28.3519,30.0007,28.1039,28.0456,25.7593,25.5712,100,-999.9,405,21.4102,99.9348,100.133
54,control,heat,07pre,4.714,6.317278897,0.068662561,57,1751653858,6893,20250704 11:30:58,11:30:58,15,1751653850,0.001696079,1.696079179,8.040660454,398.4863548,239.2034102,24.21394237,40.33774277,0.087394011,3,0.086003896,0.05387549,161.9133998,31.1619937,30.41452903,4.36295061,55.00003025,2.433667011,4.424846676,1.929283599,-74.79709179,39.82357703,2.967344428,129.9072295,8.040660454,1.696079179,7.972799545,414.4463971,408.3303636,-0.000963317,66.94099236,1.673282037,22.75332787,23.99386848,-0.003926008,79.70864303,412,52,1,0,52820.67832,999.9902581,841.1912751,0.84119947,0.161914977,6,0.5,1: Needles,2,FALSE,1751653850,398.4863548,405.0239032,24.04158065,22.80007419,398.0573548,23.84921613,799.9810645,101.1274194,0.099993542,30.66075484,30.41452903,999.9,0,0,9998.421613,0,0.001553601,-6.492052581,408.3492258,414.4740323,1.241501613,405.0239032,22.80007419,2.431263548,2.305713871,20.57350645,19.7163129,999.9902581,0.960016258,0.039984039,0,1.181451613,0,8823.579032,7946.892581,36.45122581,39.25,37.5,38.786,37.187,960.0080645,39.98193548,0,1751653877,0,1751653878,11:31:17,1751653878,1751653391,57,-0.042,0.001,0.429,0.103,405,22,0.45,0.06,-6.490109024,-0.040794774,0.012908571,1,1.184232732,0.901313812,0.100304944,0,1,2,2-Jan,3.4527,2.78063,0.095272,0.0964896,0.117891,0.112768,27084,30775.1,29091.4,34664.8,29687,38121.2,35821.9,45807.8,1.73592,2.13792,0.0790395,0,29.1384,999.9,58.1,31.3,26.366,61.761,25.3726,2,0.0603455,0,20.2905,5.20471,11.974,4.989,3.27132,3760.3,9999,9999,999.9,4.97264,1.86315,1.86508,1.86354,1.8635,1.86401,1.86049,1.86325,0,0,0,0,11111111,oooooooo,on,on,on,on,0,100,100,0.429,0.1901,0.755635416,-0.001033731,9.12024E-07,-2.25E-10,-0.305761026,-0.018148581,0.00209196,-1.91E-05,2,2210,1,26,1.6,7.8,1.28662,2.41821,2.34741,2.66602,2.39868,2.29004,36.6469,13.5366,18,352.667,619.988,30.0227,28.554,30.0007,28.2991,28.2192,25.7924,20.6319,100,-999.9,405,22.7362,99.8995,100.095
55,control,heat,07pre,5.024,4.598269354,0.036367646,58,1751653970,7004.5,20250704 11:32:49,11:32:49,15,1751653962,0.000897137,0.897136831,5.491563719,400.6175484,187.1441362,18.94494296,40.55524664,0.043432698,3,0.043086372,0.026959868,161.9165327,31.43538273,30.85040968,4.473042157,54.85676936,2.437152334,4.442755858,2.035889823,-39.56373424,-19.24188844,-1.437348392,101.6735617,5.491563719,0.897136831,5.479812481,414.7361959,410.5254667,0.000720177,66.94109457,1.002915782,23.42697645,24.15594061,0.001262909,79.69865557,205,26,1,0,52844.01603,999.9997097,841.2000562,0.8412003,0.16191658,6,0.5,1: Needles,2,FALSE,1751653962,400.6175484,405.0056774,24.07496129,23.41832258,400.1825484,23.92396129,800.0182903,101.1317097,0.100118055,30.73143871,30.85040968,999.9,0,0,10005.0129,0,0.001536646,-4.391879032,410.5154194,414.7177419,0.701670968,405.0056774,23.41832258,2.439296774,2.368336129,20.62703226,20.14888065,999.9997097,0.959989742,0.04001011,0,2.546935484,0,7279.934194,7946.879032,36.375,39.312,37.49796774,38.71951613,37.137,959.9896774,40.01,0,1751653989,0,1751653992,11:33:11,1751653992,1751653987,58,0.006,-0.015,0.435,0.151,405,23,0.4,0.1,-4.3866295,-0.172738762,0.026482504,0,0.68851615,0.294641088,0.029200346,0,0,2,0/2,3.45304,2.78055,0.0956285,0.0964649,0.118398,0.115035,27065.6,30768.1,29083.8,34656.8,29661.9,38015,35811.5,45796.8,2.13703,2.13497,0.0910908,0,29.4113,999.9,58.1,31.5,26.663,61.8511,25.2324,2,0.0735747,0,20.2909,5.2113,11.974,4.99015,3.272,3763.8,9999,9999,999.9,4.97266,1.8632,1.86508,1.86355,1.86355,1.86401,1.8605,1.86325,0,0,0,0,11111111,oooooooo,on,on,on,on,0,100,100,0.435,0.151,0.713213076,-0.001033731,9.12024E-07,-2.25E-10,-0.305761026,-0.018148581,0.00209196,-1.91E-05,2,2210,1,26,1.5,9.6,1.28662,2.41943,2.34741,2.66602,2.39868,2.28882,36.8129,13.5191,18,578.078,619.487,30.1935,28.7495,30.0006,28.4601,28.3888,25.8099,18.6704,100,-999.9,405,23.325,99.8719,100.071
56,control,heat,07pre,4.193,4.857656179,0.074175403,59,1751654281,7315.4,20250704 11:38:00,11:38:00,15,1751654273,0.002173489,2.17348869,6.951093984,399.134,281.2574231,28.47178524,40.40447148,0.106141765,3,0.104098779,0.065242016,161.9190796,31.46926989,31.07179667,4.529879367,54.90403468,2.489560847,4.534385973,2.04031852,-95.85085124,2.8222932,0.211425754,69.10194735,6.951093984,2.17348869,6.952515588,414.5140531,409.1746485,0.000605269,66.9406043,2.150525894,22.99121509,24.56622485,-0.000419666,79.7376772,184,23,1,0,52729.27245,1000.018333,841.2154796,0.841200058,0.161916111,6,0.5,1: Needles,2,FALSE,1751654273,399.134,404.9982,24.59303,23.00293667,398.674,24.38877,799.9666333,101.1303,0.100042383,31.08924667,31.07179667,999.9,0,0,9994.77,0,0.001562386,-5.886565667,409.1745,414.5337,1.590097333,404.9982,23.00293667,2.487099667,2.326292333,20.94231667,19.85962,1000.018333,0.9599969,0.040003483,0,1.83,0,7449.049667,7947.051,36.26653333,39.2458,37.375,38.6684,37.0704,960.016,40.00266667,0,1751654299,0,1751654297,11:38:17,1751654297,1751653987,59,0.025,-0.015,0.46,0.151,405,23,0.32,0.1,-5.884564634,-0.004538885,0.017101926,1,1.579140732,0.139042369,0.026784764,0,1,2,2-Jan,3.45306,2.78031,0.0952583,0.096356,0.119678,0.113436,27060.4,30756.3,29067.6,34641.2,29602.5,38067.7,35790.5,45777,2.16892,2.12427,0.0780672,0,29.8214,999.9,57.4,32,27.104,62.0711,25.1322,2,0.101456,0,20.2897,5.20681,11.974,4.9883,3.27125,3773.4,9999,9999,999.9,4.97264,1.86325,1.86508,1.86356,1.86356,1.86401,1.8605,1.86325,0,0,0,0,11111111,oooooooo,on,on,on,on,0,100,100,0.46,0.2029,0.719083203,-0.001033731,9.12024E-07,-2.25E-10,-0.320548955,-0.018148581,0.00209196,-1.91E-05,2,2210,1,26,4.8,4.9,1.28662,2.41943,2.34741,2.66113,2.39868,2.32056,37.242,13.4578,18,603.789,615.35,30.6372,29.1618,30.0004,28.8627,28.7913,25.8087,21.9436,100,-999.9,405,22.994,99.8145,100.027
57,control,heat,07pre,3.829,2.892489895,0.062215628,60,1751654441,7475.4,20250704 11:40:40,11:40:40,15,1751654433,0.001944547,1.944546551,4.532499183,400.9976667,313.8797606,31.77469292,40.5938175,0.097491191,3,0.095764723,0.060005522,161.9189897,31.72286777,30.95839333,4.50068697,54.88060143,2.516366,4.585164766,1.98432097,-85.75450289,52.79656072,3.956740431,132.917788,4.532499183,1.944546551,4.504514992,414.7114464,411.2667394,-0.004414192,66.94061745,1.970615961,23.44278895,24.88136606,0.000656302,79.73191215,198,25,1,0,52770.80642,1000.020067,841.2167457,0.841199866,0.161915741,6,0.5,1: Needles,2,FALSE,1751654433,400.9976667,404.9818667,24.85740333,23.43524333,400.5416667,24.64054,799.9986667,101.1321,0.09995414,31.28483,30.95839333,999.9,0,0,10009.50133,0,0.001565889,-3.978133667,411.2257667,414.7003667,1.422155,404.9818667,23.43524333,2.513878,2.370052667,21.11662667,20.16059,1000.020067,0.960005133,0.03999478,0,0.854166667,0,6168.380667,7947.083333,36.13533333,39.18286667,37.2562,38.5809,36.937,960.024,39.99633333,0,1751654460,0,1751654461,11:41:01,1751654461,1751653987,60,-0.004,-0.015,0.456,0.151,405,23,0.38,0.1,-3.98706575,0.229095872,0.025689365,0,1.41348825,0.18281212,0.01799858,0,0,2,0/2,3.45313,2.78087,0.0955795,0.0963376,0.120686,0.114948,27049.1,30754.8,29066.1,34639.3,29567.2,38001.5,35788.7,45775.2,2.14162,2.1225,0.0680983,0,29.871,999.9,57,32.2,27.2222,61.2811,25.1522,2,0.106456,0,20.2906,5.2107,11.974,4.9899,3.272,3778.2,9999,9999,999.9,4.97265,1.86325,1.86515,1.86357,1.86356,1.86401,1.8605,1.86325,0,0,0,0,11111111,oooooooo,on,on,on,on,0,100,100,0.456,0.218,0.744110646,-0.001033731,9.12024E-07,-2.25E-10,-0.320548955,-0.018148581,0.00209196,-1.91E-05,2,2210,1,26,2.4,7.6,1.28784,2.41577,2.34741,2.66113,2.39868,2.31812,37.5059,13.4141,18,586.112,615.239,30.822,29.2646,30.0003,28.9805,28.9127,25.8254,20.8386,100,-999.9,405,23.3891,99.8094,100.023
11,high,heat,07rec1,1.269,0.810364856,0.012512757,1,1751822387,0,20250706 10:19:46,10:19:46,15,1751822379,0.002118927,2.118927121,3.831512323,401.2703333,277.0599453,28.11555957,40.7202129,0.05916197,3,0.058521371,0.036632834,161.9148604,28.13430505,28.00474333,3.795889155,5.185651243,0.19381917,3.737605184,3.602069986,-93.44468605,-42.88861336,-3.112275491,22.46928554,3.831512323,2.118927121,4.526853539,404.9588239,401.5610545,0.000469431,66.94081045,1.867102043,0.323819516,1.727587152,-0.00145702,79.74870872,302,38,1,0,53452.29059,999.9928667,841.1940074,0.841200008,0.161916015,6,0.5,1: Needles,2,FALSE,1751822379,401.2703333,404.7816,1.909957667,0.323826767,400.3893333,2.096957667,800.0147,101.3781333,0.100120893,27.73956667,28.00474333,999.9,0,0,9995.755,0,0.00152894,-3.934399667,401.5548,404.9126667,1.438102,404.7816,0.323826767,0.178621133,0.032828943,-15.87374667,-34.53665667,999.9928667,0.9600006,0.039999103,0,1.3415,0,5707.237333,7946.857,35.875,38.812,37.1124,38.1082,36.312,959.9933333,40,0,1751822405,0,1751822415,10:20:14,1751822412,1751822415,1,0.424,0.128,0.881,-0.187,404,0,0.37,0.05,-3.94088225,-0.002571445,0.025686631,1,1.45528875,-0.37930773,0.03686247,0,1,2,2-Jan,3.44144,2.78077,0.0961963,0.096942,0.0163391,0.00286324,27097.8,30803.4,29131.6,34707.8,33161.9,42826.9,35858.4,45777.3,2.0003,2.1631,0.0667572,0,26.9594,999.9,60.9,25.4,19.5592,62.55,25.8293,2,-0.0535722,0,20.2924,5.20771,11.9697,4.991,3.272,3802.7,9999,9999,999.9,4.97261,1.86279,1.86448,1.86295,1.86296,1.86356,1.86005,1.86283,0,0,0,0,11111111,oooooooo,on,on,on,on,0,100,100,0.881,-0.187,0.739987067,-0.001033731,9.12024E-07,-2.25E-10,-0.305995874,-0.018148581,0.00209196,-1.91E-05,2,2210,1,26,2798.8,2806.7,1.23657,2.37183,2.34863,2.68677,2.39868,2.24609,31.4988,16.1371,18,475.819,618.973,26.9055,26.7755,30.0012,26.4228,26.3278,24.8139,100,0,-999.9,405,0,100.017,100.11
12,high,heat,07rec1,4.18,0.20090006,0.030306085,2,1751822483,96.5,20250706 10:21:23,10:21:23,15,1751822475,0.001632375,1.632375076,0.288373292,404.1983667,370.1139832,37.55505372,41.01355816,0.043501557,3,0.043154137,0.027002319,161.91964,28.65925726,28.54997667,3.918224005,4.105365351,0.157076576,3.826129039,3.761147429,-71.98774085,-66.15757168,-4.823515062,18.95081243,0.288373292,1.632375076,0.319283669,405.0544297,404.8203152,-0.001599316,66.9405573,1.531763222,0.32572808,1.497178606,-0.006047076,79.77265476,3,0,1,0,53444.87444,1000.0263,841.2218032,0.84119968,0.161915382,6,0.5,1: Needles,2,FALSE,1751822475,404.1983667,404.9094667,1.548027,0.325696733,403.3363667,1.751361667,800.0365333,101.3689333,0.099953097,28.14093,28.54997667,999.9,0,0,10009.164,0,0.00152894,-0.692360433,404.8437333,405.0413667,1.222330667,404.9094667,0.325696733,0.156921867,0.033015537,-17.42095667,-34.47937,1000.0263,0.960009167,0.039990983,0,1.910833333,0,5725.596333,7947.151333,35.7395,38.6229,36.90186667,37.937,36.25,960.035,39.99033333,0,1751822502,0,1751822501,10:21:40,1751822501,1751822415,2,-0.018,0.128,0.862,-0.187,405,0,0.35,0.05,-0.68643035,-0.065780826,0.022081464,1,1.2583125,-0.661061313,0.065265682,0,1,2,2-Jan,3.44122,2.78045,0.096636,0.0968589,0.0136589,0.00287492,27072.5,30793.6,29119.6,34694.9,33238.7,42810.2,35843.7,45760.2,2.48585,2.15555,0.0761822,0,27.3422,999.9,60.1,25.8,19.7709,62.18,25.7372,2,-0.0295503,0,20.2923,5.2101,11.9712,4.98945,3.272,3805.8,9999,9999,999.9,4.97259,1.86279,1.8646,1.86301,1.86303,1.86356,1.86005,1.8629,0,0,0,0,11111111,oooooooo,on,on,on,on,0,100,100,0.862,-0.2027,1.16398819,-0.001033731,9.12024E-07,-2.25E-10,-0.177866495,-0.018148581,0.00209196,-1.91E-05,2,2210,1,26,1.2,1.1,1.24268,2.36938,2.34741,2.69043,2.39868,2.25708,31.8488,16.1371,18,829.005,617.071,27.3295,27.0848,30.0014,26.7482,26.6875,24.9237,100,0,-999.9,405,0,99.9764,100.073
13,high,heat,07rec1,2.102,0.674046879,0.014508728,3,1751822597,210,20250706 10:23:16,10:23:16,15,1751822589,0.001550014,1.550014073,1.924015829,403.031871,306.8174951,31.13260185,40.89542146,0.041414067,3,0.04109906,0.025715015,161.8761279,29.08353093,28.47620968,3.901474229,3.856613341,0.151064179,3.917016452,3.75041005,-68.35562062,11.07213352,0.808589935,105.4012307,1.924015829,1.550014073,1.789937646,405.0800706,403.7351152,0.000621489,66.9407492,1.444041994,0.32801817,1.43296303,-0.005835157,79.71551269,0,0,1,0,53339.56983,999.7597742,840.9974165,0.841199494,0.161915024,6,0.5,1: Needles,2,FALSE,1751822589,403.031871,404.9433548,1.488765161,0.328019806,402.258871,1.691431613,800.0237742,101.3691613,0.100286668,28.54466774,28.47620968,999.9,0,0,10002.54129,0,0.00152894,-1.821897097,403.7225806,405.0762258,1.160746452,404.9433548,0.328019806,0.150914968,0.03325109,-17.88525161,-34.40747419,999.7597742,0.960017645,0.03998249,0,-0.320483871,0,4607.343548,7945.062903,35.562,38.5,36.812,37.81403226,36.183,959.7864516,39.97354839,0,1751822615,0,1751822625,10:23:45,1751822625,1751822415,3,-0.089,0.128,0.773,-0.187,405,0,0.44,0.05,-1.83038325,0.228918687,0.03851793,0,1.21101825,-0.898305704,0.088648994,0,0,2,0/2,3.44144,2.78088,0.0963519,0.0967758,0.0131942,0.0028919,27068.3,30782.3,29107.1,34680.7,33240.1,42791.5,35828.5,45741.2,2.49748,2.14715,0.0379048,0,27.8654,999.9,59.1,26.1,19.7893,62.04,25.645,2,-0.00174289,0,20.2921,5.2095,11.973,4.99045,3.272,3808.9,9999,9999,999.9,4.97263,1.86279,1.86462,1.8631,1.8631,1.86359,1.86007,1.86292,0,0,0,0,11111111,oooooooo,on,on,on,on,0,100,100,0.773,-0.2021,1.145481992,-0.001033731,9.12024E-07,-2.25E-10,-0.177866495,-0.018148581,0.00209196,-1.91E-05,2,2210,1,26,1.6,3,1.24634,2.37793,2.34741,2.68799,2.39868,2.29248,32.2225,16.1284,18,844.914,614.725,27.7953,27.4476,30.001,27.1267,27.0702,24.993,100,0,-999.9,405,0,99.9338,100.032
14,high,heat,07rec1,3.999,0.294313202,0.020734019,4,1751822703,316,20250706 10:25:02,10:25:02,15,1751822695,0.001223432,1.223431818,0.441580198,404.2473333,357.3444702,36.25976345,41.0189996,0.031108806,3,0.030930699,0.019347604,161.9143888,29.53521713,29.1525,4.057399693,3.163790155,0.126603513,4.001640638,3.930796181,-53.95334315,-38.68671208,-2.839975592,66.43435798,0.441580198,1.223431818,0.425467552,405.0780429,404.7605879,-0.000516941,66.94056696,1.110344925,0.331513024,1.185225152,-0.00545769,79.72827606,25,3,1,0,53280.52039,999.9925667,841.1935359,0.841199789,0.161915592,6,0.5,1: Needles,2,FALSE,1751822695,404.2473333,404.9494333,1.247693333,0.3312799,403.5093333,1.433693333,800.0136,101.3699667,0.100089463,28.91330333,29.1525,999.9,0,0,10003.64833,0,0.00152894,-0.6665191,404.7825,405.0835333,0.902773633,404.9494333,0.3312799,0.125096067,0.033581867,-20.07617667,-34.30727,999.9925667,0.9600054,0.039994627,0,2.079833333,0,6566.062667,7946.876667,35.5,38.375,36.687,37.7416,36.125,960,39.99266667,0,1751822721,0,1751822722,10:25:21,1751822719,1751822722,4,-0.035,0.001,0.738,-0.186,405,0,0.27,0.1,-0.67732235,0.230371092,0.027674507,0,0.94081805,-0.632404458,0.062008883,0,0,2,0/2,3.44162,2.78069,0.0965043,0.0967102,0.0112518,0.00291928,27054.6,30775,29098.1,34671.1,33296,42778.5,35818.2,45728.7,2.44453,2.14008,0.0741705,0,27.9826,999.9,58.1,26.4,19.8004,61.85,25.5449,2,0.0166514,0,20.292,5.2107,11.9734,4.9899,3.272,3812.3,9999,9999,999.9,4.97261,1.86281,1.86463,1.8631,1.8631,1.86364,1.86012,1.86295,0,0,0,0,11111111,oooooooo,on,on,on,on,0,100,100,0.738,-0.186,1.056952535,-0.001033731,9.12024E-07,-2.25E-10,-0.177866495,-0.018148581,0.00209196,-1.91E-05,2,2210,1,26,1.3,4.8,1.24878,2.38037,2.34741,2.68433,2.39868,2.23633,32.5318,16.1196,18,802.193,612.516,28.149,27.7287,30.0009,27.4286,27.374,25.038,100,0,-999.9,405,0,99.9041,100.005
15,high,heat,07rec1,3.847,2.949643782,0.039320452,5,1751822812,425.5,20250706 10:26:52,10:26:52,15,1751822804,0.002338005,2.338005176,4.600432205,400.8141,259.2946519,26.31259262,40.67364309,0.061326414,3,0.06063838,0.037960161,161.9167286,29.48122858,29.08756667,4.042196525,5.217667458,0.21157929,4.0550551,3.830617234,-103.1060282,8.8846976,0.652754113,68.34815207,4.600432205,2.338005176,4.415769448,405.0798319,401.6891818,0.023029403,66.94015426,2.2403437,0.335332376,2.035230848,-0.005732712,79.80809148,87,11,1,0,53241.28347,1000.004567,841.2038359,0.841199994,0.161915989,6,0.5,1: Needles,2,FALSE,1751822804,400.8141,404.9672333,2.084985667,0.3351462,400.0781,2.293141667,800.0038333,101.3773,0.100275487,29.1425,29.08756667,999.9,0,0,10003.125,0,0.001554422,-4.149579667,401.6549333,405.1029,1.749839,404.9672333,0.3351462,0.2113701,0.033976213,-13.83347667,-34.18898,1000.004567,0.960000567,0.039999267,0,1.594333333,0,7953.838,7946.955,35.39773333,38.27273333,36.6124,37.63533333,36.062,960.0046667,40,0,1751822831,0,1751822830,10:27:09,1751822830,1751822722,5,-0.002,0.001,0.736,-0.186,405,0,0.38,0.1,-4.159709024,0.095066341,0.020039779,1,1.792704634,-0.666503206,0.067278102,0,1,2,2-Jan,3.44147,2.78088,0.0958369,0.0966435,0.0175661,0.0029549,27066.4,30769.1,29090.1,34663,33073.5,42766.9,35808.1,45718,2.35012,2.13482,0.0558421,0,28.1939,999.9,57,26.7,19.7713,62.22,25.597,2,0.0319029,0,20.2919,5.21085,11.973,4.9904,3.272,3815.4,9999,9999,999.9,4.97261,1.86287,1.86465,1.8631,1.8631,1.8637,1.86017,1.86295,0,0,0,0,11111111,oooooooo,on,on,on,on,0,100,100,0.736,-0.2077,1.021474623,-0.001033731,9.12024E-07,-2.25E-10,-0.177311594,-0.018148581,0.00209196,-1.91E-05,2,2210,1,26,1.6,1.5,1.25,2.37549,2.34863,2.68433,2.39868,2.24487,32.8202,16.1196,18,726.671,611.205,28.4909,27.9768,30.0005,27.6915,27.6311,25.0724,100,0,-999.9,405,0,99.8763,99.9811
16,high,heat,07rec1,3.651,2.985591479,0.042995389,6,1751822917,530,20250706 10:28:36,10:28:36,15,1751822909,0.002733163,2.733162984,4.906477369,400.4730645,267.232083,27.11849808,40.63968634,0.070657993,3,0.069746321,0.043672381,161.911947,29.45254828,29.47145161,4.132803602,5.939067594,0.241832824,4.071898825,3.890970778,-120.5324876,-41.6021513,-3.063408315,-3.286100274,4.906477369,2.733162984,4.84623773,405.0914588,401.4509273,0.001386308,66.94027459,2.617546734,0.338312791,2.323143636,-0.006531852,79.7550087,1,0,1,0,53200.27686,999.9782258,841.1814103,0.841199727,0.161915473,6,0.5,1: Needles,2,FALSE,1751822909,400.4730645,404.9737742,2.383077742,0.338120935,399.7600645,2.593717419,800.0119032,101.3789677,0.100232577,29.21422903,29.47145161,999.9,0,0,9997.394839,0,0.00152894,-4.476315161,401.4542258,405.1108387,2.044957097,404.9737742,0.338120935,0.241593839,0.034278329,-12.18704194,-34.0992,999.9782258,0.960009226,0.039990606,0,3.528387097,0,6440.533226,7946.770968,35.26,38.125,36.47967742,37.46341935,35.97967742,959.9877419,39.99,0,1751822935,0,1751822938,10:28:57,1751822938,1751822722,6,-0.022,0.001,0.713,-0.186,405,0,0.26,0.1,-4.477424878,-0.036649129,0.02946119,1,2.088486098,-0.793475958,0.080651649,0,1,2,2-Jan,3.44147,2.78089,0.0957331,0.0966042,0.0196006,0.00297439,27066.1,30767,29086.8,34659.8,33001.5,42762.6,35804.5,45714.4,2.47045,2.13105,0.0780821,0,28.2274,999.9,55.9,27,19.7361,62.35,25.5529,2,0.0407546,0,20.2918,5.21055,11.9737,4.98975,3.272,3818.5,9999,9999,999.9,4.97263,1.86293,1.86468,1.86312,1.86311,1.86371,1.8602,1.86295,0,0,0,0,11111111,oooooooo,on,on,on,on,0,100,100,0.713,-0.2102,1.01925574,-0.001033731,9.12024E-07,-2.25E-10,-0.177311594,-0.018148581,0.00209196,-1.91E-05,2,2210,1,26,1.4,3.2,1.25122,2.38403,2.34741,2.68311,2.39868,2.26929,33.0652,16.1109,18,831.058,610.131,28.7318,28.132,30.0003,27.8584,27.8048,25.1037,100,0,-999.9,405,0,99.8657,99.9727
17,high,heat,07rec1,4.339,2.87823954,0.049735111,7,1751823040,653,20250706 10:30:39,10:30:39,15,1751823032,0.002639862,2.639861927,3.980050067,401.1993871,286.2561461,29.04674516,40.71016994,0.068774064,3,0.067910038,0.042520499,161.9203045,29.73130956,29.31435806,4.095513558,5.691911405,0.235206204,4.132288565,3.860307354,-116.417911,25.05812369,1.846072126,72.40658933,3.980050067,2.639861927,3.937857285,405.1331154,402.1780909,0.000179891,66.94011252,2.601484072,0.34297894,2.291313152,-0.000418557,79.85560064,56,7,1,0,53126.90844,1000.026968,841.2226531,0.841199968,0.161915938,6,0.5,1: Needles,2,FALSE,1751823032,401.1993871,404.9787742,2.317960968,0.342645323,400.4913871,2.528089677,799.9965484,101.3710645,0.100102323,29.46929032,29.31435806,999.9,0,0,9992.617742,0,0.00152894,-3.772555161,402.1384516,405.1176774,1.975315161,404.9787742,0.342645323,0.234974065,0.034734316,-12.52982258,-33.96500968,1000.026968,0.960000323,0.03999949,0,1.952419355,0,6468.35129,7947.137097,35.25,38.062,36.397,37.399,35.937,960.0267742,40,0,1751823058,0,1751823061,10:31:00,1751823061,1751822722,7,-0.005,0.001,0.708,-0.186,405,0,0.25,0.1,-3.774583,0.094994522,0.021506029,1,1.98587125,-0.262050844,0.02535873,0,1,2,2-Jan,3.44143,2.78078,0.0958206,0.0965557,0.019372,0.00301382,27059.2,30763.5,29082.7,34654.7,33005.3,42755.4,35800.2,45708.6,2.38985,2.1261,0.0616908,0,28.3488,999.9,54.7,27.3,19.657,61.84,25.5529,2,0.0500813,0,20.2923,5.20965,11.9737,4.9904,3.272,3822.3,9999,9999,999.9,4.97262,1.86295,1.86476,1.86316,1.8631,1.86371,1.8602,1.86299,0,0,0,0,11111111,oooooooo,on,on,on,on,0,100,100,0.708,-0.2099,0.996996734,-0.001033731,9.12024E-07,-2.25E-10,-0.177311594,-0.018148581,0.00209196,-1.91E-05,2,2210,1,26,1.7,5.3,1.25244,2.39014,2.34863,2.68188,2.39868,2.20703,33.3335,16.1021,18,763.515,608.154,28.9688,28.2744,30.0006,28.0292,27.9805,25.1311,100,0,-999.9,405,0,99.8528,99.9591
18,high,heat,07rec1,2.758,2.106351032,0.044889036,8,1751823186,799.5,20250706 10:33:06,10:33:06,15,1751823178,0.003781828,3.781827775,4.582344523,400.4146,302.0754616,30.64800966,40.62531416,0.097655626,3,0.095923385,0.060105191,161.9189094,29.78035592,29.88607,4.23264857,7.651189743,0.322403548,4.213770136,3.910245022,-166.7786049,-12.57281752,-0.930450488,-18.36296349,4.582344523,3.781827775,4.523383543,405.1489161,401.7513636,0.001154439,66.94002887,3.735263231,0.350352223,3.14642303,-0.000869056,79.80221802,154,19,1,0,53109.91994,1000.012667,841.2111,0.841200445,0.161916858,6,0.5,1: Needles,2,FALSE,1751823178,400.4146,404.987,3.177700667,0.3503941,399.7646,3.393253,800.0144667,101.3577333,0.100390713,29.80833333,29.88607,999.9,0,0,10002.33167,0,0.00152894,-4.512572,401.7511,405.1289333,2.827307,404.987,0.3503941,0.3220848,0.035515173,-8.560061,-33.73887,1000.012667,0.9599857,0.040014323,0,1.237333333,0,7180.716667,7946.963667,35.37913333,38.1622,36.4958,37.625,36.125,959.9973333,40.01533333,0,1751823204,0,1751823206,10:33:25,1751823206,1751822722,8,-0.058,0.001,0.65,-0.186,405,0,0.45,0.1,-4.524640976,0.210822021,0.035968427,0,2.848303415,-0.332073449,0.032910406,0,0,2,0/2,3.4415,2.78122,0.0956176,0.0964925,0.0251752,0.00307378,27056,30755,29073.5,34643.7,32799.2,42738.6,35789.1,45693.6,2.23358,2.11867,0.067018,0,28.7962,999.9,53.5,27.7,19.6828,62.11,25.617,2,0.0675025,0,20.2921,5.21115,11.974,4.9904,3.272,3826.7,9999,9999,999.9,4.97262,1.86295,1.86478,1.86325,1.86324,1.86372,1.8602,1.86301,0,0,0,0,11111111,oooooooo,on,on,on,on,0,100,100,0.65,-0.2154,0.991668721,-0.001033731,9.12024E-07,-2.25E-10,-0.177311594,-0.018148581,0.00209196,-1.91E-05,2,2210,1,26,2.1,7.7,1.25366,2.39624,2.34741,2.67822,2.39868,2.22412,33.6479,16.0934,18,643.994,604.974,29.2904,28.5235,30.0006,28.2797,28.2243,25.153,100,0,-999.9,405,0,99.8215,99.9268
19,high,heat,07rec1,3.407,0.204984563,0.019635673,9,1751823284,897.4000001,20250706 10:34:44,10:34:44,15,1751823276,0.001436755,1.436755007,0.36099424,404.2741935,361.8740484,36.71496171,41.01678913,0.034579993,3,0.034360074,0.021494688,161.9145229,30.46759228,30.13942903,4.294689698,3.425028101,0.145087634,4.236100529,4.149602065,-63.36089581,-38.6835991,-2.867676052,57.00235198,0.36099424,1.436755007,0.272578987,405.1035623,404.9097697,-0.003181025,66.94004625,1.264606771,0.353675604,1.333520848,-0.008140688,79.84942034,0,0,1,0,53112.94239,999.9965806,841.1966452,0.841199522,0.161915077,6,0.5,1: Needles,2,FALSE,1751823276,404.2741935,404.9805484,1.43002871,0.354038548,403.6851935,1.61502871,800.026129,101.3575806,0.100266003,29.90025161,30.13942903,999.9,0,0,10006.1071,0,0.00152894,-0.645379839,404.9075161,405.1238387,1.059750355,404.9805484,0.354038548,0.143298355,0.035884519,-18.49827419,-33.63347419,999.9965806,0.960015065,0.039985077,0,1.092741935,0,3457.58871,7946.939032,35.375,38.177,36.5,37.61483871,36.125,960.0116129,39.98387097,0,1751823303,0,1751823308,10:35:07,1751823302,1751823308,9,-0.061,0.002,0.589,-0.185,405,0,0.26,0.09,-0.65243078,0.202164462,0.041751379,0,1.119921927,-1.099636093,0.111257774,0,0,2,0/2,3.44155,2.78062,0.0962913,0.096458,0.012339,0.00310529,27031.5,30751.9,29069.4,34639.5,33228.2,42732.4,35785.1,45688.5,2.48565,2.11515,0.0790693,0,28.86,999.9,52.8,27.9,19.6529,61.46,25.5849,2,0.0761585,0,20.2918,5.2101,11.9739,4.98975,3.272,3829.4,9999,9999,999.9,4.9726,1.86295,1.86478,1.86325,1.86324,1.86372,1.8602,1.86304,0,0,0,0,11111111,oooooooo,on,on,on,on,0,100,100,0.589,-0.185,0.933365805,-0.001033731,9.12024E-07,-2.25E-10,-0.177311594,-0.018148581,0.00209196,-1.91E-05,2,2210,1,26,1.3,9.4,1.25488,2.3999,2.34741,2.67822,2.39868,2.22656,33.8283,16.0846,18,852.563,603.625,29.4481,28.662,30.0003,28.4012,28.3556,25.1711,100,0,-999.9,405,0,99.809,99.9152
20,mod,heat,07rec1,0.256,-0.821250002,0.017502075,10,1751823407,1019.9,20250706 10:36:46,10:36:46,15,1751823399,0.012812444,12.81244377,-19.24804692,415.4237419,471.7565825,47.84325217,42.13025017,0.410204881,3,0.381398368,0.240793341,161.9150061,27.55984367,30.23685484,4.318756879,23.66284992,1.00124276,4.231285595,3.317514119,-565.0287703,-57.64062348,-4.274633397,-465.0290211,-19.24804692,12.81244377,-19.28524009,405.1048928,419.5721212,0.000352355,66.94003563,12.67315998,0.358906834,9.805121636,-0.008717532,79.84539916,800,100,1,0,53083.39843,999.9902581,841.1921074,0.841200302,0.161916583,6,0.5,1: Needles,2,FALSE,1751823399,415.4237419,404.9801613,9.872716452,0.358718032,414.8390968,10.03910355,800.0390323,101.3530968,0.06202691,29.88046774,30.23685484,999.9,0,0,10000.08387,0,0.00152894,10.44353226,419.5659677,405.1254839,9.513997419,404.9801613,0.358718032,1.000630032,0.036357174,6.925449355,-33.5000129,999.9902581,0.959990355,0.040009371,0,2.579677419,0,4399.779032,7946.807097,35.24593548,38,36.375,37.375,36,959.9803226,40.00967742,0,1751823425,0,1751823308,10:35:07,1751823302,1751823308,9,-0.061,0.002,0.589,-0.185,405,0,0.26,0.09,10.43653171,0.217714286,0.034033151,0,9.537446098,-0.554420906,0.054679783,0,0,2,0/2,3.44146,2.7426,0.0983096,0.0964409,0.0619928,0.0031474,26973.1,30751.7,29071.1,34639,31552.6,42730.8,35785.7,45688.8,0.301,2.1121,0.0951588,0,28.7117,999.9,51.9,28.2,19.6606,62.19,23.4856,2,0.0784604,0,20.2918,5.211,11.974,4.99035,3.272,3833.1,9999,9999,999.9,4.97261,1.86295,1.86478,1.86325,1.86324,1.86371,1.8602,1.86301,0,0,0,0,11111111,oooooooo,on,on,on,on,0,100,100,0.585,-0.1677,0.872536985,-0.001033731,9.12024E-07,-2.25E-10,-0.175724929,-0.018148581,0.00209196,-1.91E-05,2,2210,1,26,1.7,1.6,1.2561,2.39624,2.34863,2.67578,2.39868,2.29858,34.0545,16.0846,18,-0.430669,602.088,29.5386,28.72,30.0002,28.7299,28.434,25.1912,100,0,-999.9,405,0,99.8125,99.9149
21,mod,heat,07rec1,1.349,0.623127677,0.009022871,11,1751823510,1122.9,20250706 10:38:29,10:38:29,15,1751823502,0.001655035,1.655035275,2.771509311,402.4169355,268.9266292,27.2841821,40.82755575,0.040131378,3,0.039835506,0.024923592,161.9157963,30.64503577,30.10268065,4.285642117,3.794260666,0.162893338,4.293150945,4.122748779,-72.98705562,4.933469729,0.366081103,94.22829151,2.771509311,1.655035275,2.812283602,405.123441,403.0318,-0.005450794,66.94,1.631210512,0.366544609,1.588793152,-0.00019715,79.83630676,0,0,1,0,53046.57804,999.9950968,841.1961812,0.841200306,0.16191659,6,0.5,1: Needles,2,FALSE,1751823502,402.4169355,404.9950645,1.60555871,0.366281742,401.8369355,1.807363548,800.0042258,101.3559355,0.099923239,30.13318387,30.10268065,999.9,0,0,10001.25323,0,0.00152894,-2.568416129,403.0738387,405.1436129,1.239276774,404.9950645,0.366281742,0.162732871,0.037124832,-16.98670645,-33.28653871,999.9950968,0.959989323,0.040011045,0,0.157741935,0,5173.256774,7946.83871,35.312,38.062,36.399,37.5,36.058,959.9851613,40.01,0,1751823528,0,1751823527,10:38:46,1751823527,1751823308,10,-0.009,0.002,0.58,-0.185,405,0,0.37,0.09,-2.571981707,0.072325923,0.018931879,1,1.249917073,-0.178650523,0.01774465,0,1,2,2-Jan,3.44143,2.7802,0.0959103,0.0964178,0.0142598,0.00321402,27039.9,30748.8,29066.5,34635.1,33161.1,42723.4,35782.7,45684,2.48622,2.10922,0.0692382,0,29.0204,999.9,51.3,28.4,19.6587,62.03,25.621,2,0.0833613,0,20.2916,5.20995,11.974,4.98985,3.272,3836.1,9999,9999,999.9,4.97261,1.86295,1.86478,1.86325,1.86325,1.86374,1.86026,1.86309,0,0,0,0,11111111,oooooooo,on,on,on,on,0,100,100,0.58,-0.2016,0.872536985,-0.001033731,9.12024E-07,-2.25E-10,-0.175724929,-0.018148581,0.00209196,-1.91E-05,2,2210,1,26,3.5,3.4,1.25732,2.40356,2.34741,2.677,2.39868,2.24976,34.2133,16.0671,18,855.245,600.678,29.6638,28.7811,30.0004,28.5513,28.5118,25.2039,100,0,-999.9,405,0,99.8008,99.904
22,mod,heat,07rec1,5.951,4.62611307,0.06336182,12,1751823618,1231.4,20250706 10:40:18,10:40:18,15,1751823610,0.002519193,2.519193008,4.66420407,400.7450333,261.6370932,26.54452998,40.6577998,0.063883536,3,0.063137304,0.039527135,161.9108381,30.60234329,29.70653,4.189158099,5.285042357,0.229205899,4.336879124,3.9599522,-111.0964117,97.58718944,7.233465428,155.6350813,4.66420407,2.519193008,4.753621682,405.1878424,401.6219939,-0.00020417,66.94013058,2.465199823,0.374259306,2.224161879,-0.001277411,79.8641107,248,31,1,0,53046.17635,999.9712667,841.1755655,0.841199736,0.16191549,6,0.5,1: Needles,2,FALSE,1751823610,400.7450333,405.0003333,2.259176,0.374057967,400.1450333,2.467227667,800.0035,101.3556333,0.09989678,30.30990333,29.70653,999.9,0,0,10007.285,0,0.00152894,-4.273327333,401.6343,405.1519333,1.885117333,405.0003333,0.374057967,0.228980233,0.037912897,-12.84940667,-33.07149667,999.9712667,0.960007733,0.039991897,0,1.971833333,0,8108.023,7946.709667,35.38946667,38.14773333,36.4979,37.6019,36.125,959.98,39.99,0,1751823636,0,1751823635,10:40:35,1751823635,1751823308,11,0.019,0.002,0.6,-0.185,405,0,0.3,0.09,-4.27469925,-0.018410994,0.027716836,1,1.904049,-0.406994296,0.039763503,0,1,2,2-Jan,3.44162,2.78066,0.0955822,0.0963996,0.0188458,0.00327524,27045.1,30745.4,29061.9,34631,33001.3,42715.8,35777,45678.7,2.06815,2.10532,0.0412688,0,29.1017,999.9,50.6,28.6,19.616,61.93,25.7011,2,0.0912271,0,20.2918,5.20995,11.974,4.98965,3.272,3839.5,9999,9999,999.9,4.97263,1.86299,1.86481,1.86328,1.86325,1.86385,1.86031,1.8631,0,0,0,0,11111111,oooooooo,on,on,on,on,0,100,100,0.6,-0.2077,0.864010305,-0.001033731,9.12024E-07,-2.25E-10,-0.175724929,-0.018148581,0.00209196,-1.91E-05,2,2210,1,26,1.5,5.2,1.25732,2.39624,2.34741,2.677,2.39868,2.32178,34.418,16.0758,18,535.02,598.747,29.7932,28.886,30.0005,28.6675,28.6155,25.2164,100,0,-999.9,405,0,99.785,99.8923
22,mod,heat,07rec1,3.816,2.441596211,0.040613388,13,1751823713,1326.4,20250706 10:41:53,10:41:53,15,1751823705,0.00253205,2.532049924,3.838987753,401.3420645,282.275466,28.63914379,40.71941943,0.063857528,3,0.0631119,0.039511204,161.9166223,30.61604554,29.80189355,4.212209524,5.31745783,0.230835629,4.341089988,3.981373894,-111.6634017,84.90253061,6.296736806,141.4524881,3.838987753,2.532049924,3.824753273,405.164806,402.2954667,-9.04E-05,66.94074759,2.372870892,0.381025813,2.192126121,-0.008808774,79.93300081,61,8,1,0,53011.01992,1000.00729,841.2058435,0.841199711,0.161915442,6,0.5,1: Needles,2,FALSE,1751823705,401.3420645,404.9834516,2.275180968,0.380473194,400.7760645,2.483359355,800.0038065,101.3582581,0.099882081,30.32683871,29.80189355,999.9,0,0,10000.68161,0,0.00152894,-3.606227419,402.2923871,405.1374839,1.894707097,404.9834516,0.380473194,0.230608323,0.038564084,-12.76529032,-32.89683548,1000.00729,0.960007742,0.039992368,0,1.565322581,0,6480.439677,7946.995161,35.47967742,38.282,36.61280645,37.687,36.25,960.0164516,39.99064516,0,1751823732,0,1751823730,10:42:10,1751823730,1751823308,12,-0.034,0.002,0.566,-0.185,405,0,0.2,0.09,-3.585557561,-0.261384251,0.04914601,0,1.960786585,-1.186426829,0.121776757,0,0,2,0/2,3.44143,2.7801,0.0956821,0.0963832,0.0186039,0.00332924,27038,30741.4,29057.8,34626.3,33005.2,42708,35772.4,45672.9,2.372,2.1023,0.0417605,0,29.2194,999.9,50,28.9,19.7246,62.27,25.7973,2,0.0984121,0,20.2915,5.20696,11.974,4.98875,3.272,3842.3,9999,9999,999.9,4.9726,1.86301,1.86485,1.86331,1.86327,1.86384,1.86034,1.8631,0,0,0,0,11111111,oooooooo,on,on,on,on,0,100,100,0.566,-0.2075,0.883297041,-0.001033731,9.12024E-07,-2.25E-10,-0.175724929,-0.018148581,0.00209196,-1.91E-05,2,2210,1,26,1.3,6.8,1.25854,2.39746,2.34741,2.677,2.39868,2.2998,34.6006,16.0671,18,757.84,597.382,29.9069,28.9889,30.0004,28.7556,28.7087,25.2284,100,0,-999.9,405,0,99.7716,99.8793
23,mod,heat,07rec1,3.344,2.353344208,0.028459674,14,1751823803,1415.9,20250706 10:43:22,10:43:22,15,1751823795,0.002107111,2.107110967,4.222507551,401.1952,246.273132,24.986591,40.70480727,0.051064008,3,0.05058601,0.03165883,161.9183238,30.76240358,30.28568667,4.330864001,4.574882382,0.199038439,4.350678818,4.131825562,-92.92359365,12.88442888,0.95803633,82.83719538,4.222507551,2.107110967,4.154432882,405.1653959,402.0508303,-0.00073866,66.94025878,2.020971672,0.3847291,1.917636667,-0.005005204,79.87527213,47,6,1,0,52990.58085,1000.018433,841.2151637,0.841199658,0.161915339,6,0.5,1: Needles,2,FALSE,1751823795,401.1952,404.9961333,1.961765,0.384519333,400.7042,2.167188667,799.9935667,101.3587,0.1001591,30.36535,30.28568667,999.9,0,0,9997.939333,0,0.00152894,-3.724764667,402.0601,405.1519333,1.577247,404.9961333,0.384519333,0.198842,0.038974387,-14.57831,-32.78810333,1000.018433,0.960012867,0.03998735,0,2.0965,0,7089.044333,7947.102667,35.4412,38.2872,36.625,37.625,36.2416,960.0293333,39.98933333,0,1751823821,0,1751823826,10:43:45,1751823826,1751823308,13,-0.074,0.002,0.491,-0.185,405,0,0.69,0.09,-3.730129512,0.109878606,0.020780784,0,1.606455854,-0.564194216,0.05701242,0,0,2,0/2,3.44153,2.78104,0.0956511,0.0963664,0.0166493,0.0033604,27037.6,30741.1,29056.5,34625.5,33069.9,42705.8,35771.2,45672,2.39208,2.09973,0.0641197,0,29.2545,999.9,49.5,29.1,19.7547,62.1901,25.6931,2,0.101372,0,20.2917,5.2107,11.974,4.98985,3.272,3844.7,9999,9999,999.9,4.97263,1.86305,1.86492,1.86337,1.8633,1.86385,1.86035,1.8631,0,0,0,0,11111111,oooooooo,on,on,on,on,0,100,100,0.491,-0.205,0.849472004,-0.001033731,9.12024E-07,-2.25E-10,-0.175724929,-0.018148581,0.00209196,-1.91E-05,2,2210,1,26,1.2,8.2,1.25854,2.40479,2.34741,2.67334,2.39868,2.27051,34.7608,16.0583,18,775.479,595.984,29.9837,29.0433,30.0001,28.8117,28.7652,25.2383,100,0,-999.9,405,0,99.7677,99.8772
24,mod,heat,07rec1,3.513,1.362389886,0.041822129,15,1751823901,1513.9,20250706 10:45:00,10:45:00,15,1751823893,0.002955133,2.955132627,2.326882811,402.3435484,325.2778864,33.00283493,40.8219503,0.071429767,3,0.070498212,0.044144067,161.9136031,30.69533827,30.63694839,4.418829008,6.016146994,0.263973534,4.387750734,4.154855474,-130.3213488,-19.9582224,-1.487684732,10.14634712,2.326882811,2.955132627,2.355123392,405.1282919,403.3628424,-0.000460172,66.94073793,2.865698116,0.391646792,2.556289273,-0.005213259,79.92281301,34,4,1,0,52997.42321,999.9863871,841.188449,0.8411999,0.161915807,6,0.5,1: Needles,2,FALSE,1751823893,402.3435484,404.9803871,2.60173871,0.391203645,401.8195484,2.81238,800.0173871,101.3605161,0.099916035,30.51354839,30.63694839,999.9,0,0,10004.19161,0,0.00152894,-2.668327419,403.3613871,405.1387419,2.210535161,404.9803871,0.391203645,0.263713645,0.039652613,-11.0935871,-32.61067742,999.9863871,0.960002839,0.039997184,0,1.271935484,0,4640.445806,7946.816452,35.56606452,38.383,36.687,37.754,36.312,959.9903226,39.99612903,0,1751823919,0,1751823921,10:45:20,1751823921,1751823308,14,0.032,0.002,0.524,-0.185,405,0,0.33,0.09,-2.673772,0.115396998,0.020918662,0,2.237846,-0.545048555,0.053569246,0,0,2,0/2,3.44159,2.78093,0.0958424,0.0963365,0.0211449,0.00342253,27028.6,30738.7,29053.2,34622.1,32914.7,42698.9,35767.2,45667.5,2.40947,2.0966,0.0723228,0,29.4859,999.9,49,29.3,19.7816,62.1701,25.6571,2,0.107693,0,20.2915,5.21115,11.974,4.98995,3.272,3847.8,9999,9999,999.9,4.97262,1.86307,1.86493,1.8634,1.86329,1.86386,1.86035,1.8631,0,0,0,0,11111111,oooooooo,on,on,on,on,0,100,100,0.524,-0.2103,0.775171557,-0.001033731,9.12024E-07,-2.25E-10,-0.175724929,-0.018148581,0.00209196,-1.91E-05,2,2210,1,26,1.2,9.9,1.25977,2.40601,2.34741,2.67456,2.39868,2.28882,34.9444,16.0496,18,791.543,594.528,30.0923,29.124,30.0006,28.8986,28.857,25.2522,100,0,-999.9,405,0,99.7565,99.8675
25,mod,heat,07rec1,4.129,1.294909105,0.033002899,16,1751823998,1610.9,20250706 10:46:37,10:46:37,15,1751823990,0.002081472,2.081472144,1.881679493,402.9324516,314.5749166,31.91670817,40.88144602,0.047957712,3,0.047535841,0.029747495,161.9186995,31.14520686,31.10204194,4.537692937,4.47042808,0.198727216,4.445373292,4.338965721,-91.79292154,-58.27243734,-4.358522129,7.494818525,1.881679493,2.081472144,1.935871654,405.1430592,403.6695394,0.0062705,66.94063958,1.898484843,0.400957787,1.85494497,-0.008180355,79.90732654,128,16,1,0,52951.50555,1000.01329,841.2114636,0.841200284,0.161916548,6,0.5,1: Needles,2,FALSE,1751823990,402.9324516,404.9727097,1.958679355,0.400649032,402.3654516,2.143679355,800.0082581,101.3598065,0.0999937,30.74174839,31.10204194,999.9,0,0,10003.0629,0,0.001554525,-2.082890968,403.6724194,405.1350323,1.537833548,404.9727097,0.400649032,0.19648429,0.040609729,-14.72753548,-32.36487419,1000.01329,0.959991323,0.040008374,0,1.140806452,0,6442.173226,7946.996452,35.754,38.625,36.875,38.004,36.504,960.0035484,40.01,0,1751824016,0,1751824025,10:47:04,1751824018,1751824025,15,0.043,0,0.567,-0.185,405,0,0.3,0.07,-2.07118825,-0.121683265,0.033159417,0,1.59928625,-1.192582852,0.119288829,0,0,2,0/2,3.44161,2.78079,0.0959045,0.0963221,0.0161724,0.0035014,27020.6,30732.8,29047.1,34615.5,33075.8,42687.1,35760.3,45658.7,2.26605,2.09223,0.0882968,0,29.707,999.9,48.4,29.6,19.8823,62.0701,25.6691,2,0.117627,0,20.2911,5.21055,11.974,4.9896,3.272,3850.5,9999,9999,999.9,4.97262,1.8631,1.86493,1.86339,1.86333,1.86386,1.86035,1.8631,0,0,0,0,11111111,oooooooo,on,on,on,on,0,100,100,0.567,-0.185,0.807349358,-0.001033731,9.12024E-07,-2.25E-10,-0.175724929,-0.018148581,0.00209196,-1.91E-05,2,2210,1,26,1.3,11.5,1.25977,2.40845,2.34741,2.67334,2.39868,2.26318,35.1516,16.0408,18,676.372,592.432,30.2462,29.2606,30.0006,29.0243,28.9801,25.2596,100,0,-999.9,405,0,99.7365,99.8481
26,mod,heat,07rec1,2.12,0.689861993,0.013501018,17,1751824096,1709.4,20250706 10:48:16,10:48:16,15,1751824088,0.001687556,1.687556263,1.952439603,403.0169,295.9221842,30.02343225,40.88896081,0.038210429,3,0.037942101,0.023737764,161.913515,31.39095373,31.25172333,4.576534709,3.782557373,0.169555183,4.482554151,4.406979527,-74.42123121,-58.88699936,-4.410916847,24.19436761,1.952439603,1.687556263,1.73579062,405.1769843,403.8482364,0.00786361,66.94139035,1.680618459,0.408115028,1.666567818,-2.47E-05,79.938805,121,15,1,0,52890.62775,999.9806333,841.184046,0.841200337,0.161916651,6,0.5,1: Needles,2,FALSE,1751824088,403.0169,404.9913,1.671199333,0.4076569,402.5449,1.873242667,800.0060667,101.3569,0.100286557,30.88763,31.25172333,999.9,0,0,9996.374667,0,0.00152894,-1.879222333,403.7868667,405.1565333,1.263542,404.9913,0.4076569,0.1693876,0.041318857,-16.50867333,-32.18609667,999.9806333,0.959985667,0.04001405,0,1.5645,0,6378.542333,7946.712667,35.812,38.687,36.937,38.062,36.625,959.967,40.01033333,0,1751824115,0,1751824114,10:48:34,1751824114,1751824025,16,-0.094,0,0.472,-0.185,405,0,0.26,0.07,-1.88327025,0.154210694,0.026434211,0,1.2660095,-0.041700338,0.00405425,1,1,2,2-Jan,3.44153,2.78074,0.0959162,0.0962902,0.0148145,0.00355708,27017.7,30730.1,29044.7,34611.8,33118.8,42680,35757.4,45653.7,2.2758,2.08995,0.0954829,0,29.7172,999.9,47.8,29.8,19.863,61.3201,25.7252,2,0.123773,0,20.2917,5.21115,11.974,4.9899,3.272,3853.2,9999,9999,999.9,4.97261,1.8631,1.86493,1.8634,1.8634,1.86387,1.86035,1.86312,0,0,0,0,11111111,oooooooo,on,on,on,on,0,100,100,0.472,-0.202,0.85028732,-0.001033731,9.12024E-07,-2.25E-10,-0.175263455,-0.018148581,0.00209196,-1.91E-05,2,2210,1,26,1.3,1.2,1.25977,2.40723,2.34863,2.67212,2.39868,2.27905,35.3596,16.0408,18,684.971,591.596,30.3915,29.3677,30,29.124,29.0691,25.2713,100,0,-999.9,405,0,99.7285,99.8373
27,mod,heat,07rec1,5.414,5.434774277,0.083505557,18,1751824274,1886.9,20250706 10:51:13,10:51:13,15,1751824266,0.003816908,3.816907719,6.023022842,399.3390667,271.2303196,27.51775185,40.51506245,0.092544023,3,0.09098682,0.057004488,161.9159544,30.84383638,30.90530667,4.487077752,7.411622527,0.332098822,4.480784349,4.15497893,-168.3256304,-3.97816648,-0.297464424,-10.68530689,6.023022842,3.816907719,5.979613708,405.1633256,400.6765697,5.91695E-05,66.94111592,3.793083057,0.420830513,3.257149273,-0.000198732,79.93288497,194,24,1,0,52906.42426,1000.003833,841.2028794,0.841199655,0.161915334,6,0.5,1: Needles,2,FALSE,1751824266,399.3390667,404.9994667,3.273351333,0.420065,398.8970667,3.487272333,800.0067,101.355,0.1002941,30.88071,30.90530667,999.9,0,0,9999.445333,0,0.00152894,-5.627861333,400.6832333,405.1697,2.853287,404.9994667,0.420065,0.3317706,0.042575677,-8.179807667,-31.87594333,1000.003833,0.960013267,0.039986983,0,0.783833333,0,7010.706,7946.984667,35.8288,38.7416,37,38.04133333,36.625,960.0156667,39.98866667,0,1751824292,0,1751824296,10:51:36,1751824296,1751824025,17,-0.031,0,0.442,-0.185,405,0,0.32,0.07,-5.627897073,0.039701603,0.016373751,1,2.866752683,-0.21424662,0.021355516,0,1,2,2-Jan,3.44167,2.78087,0.0952228,0.0962632,0.0258307,0.00366418,27036.4,30728.9,29042.7,34609.7,32745.6,42673.6,35755,45651.8,2.15185,2.08563,0.0739917,0,29.7168,999.9,46.8,30.3,20.0138,61.5301,25.8053,2,0.129042,0,20.2914,5.21025,11.974,4.99,3.272,3858.5,9999,9999,999.9,4.97264,1.8631,1.86495,1.8634,1.8634,1.86387,1.86042,1.86318,0,0,0,0,11111111,oooooooo,on,on,on,on,0,100,100,0.442,-0.2139,0.756169093,-0.001033731,9.12024E-07,-2.25E-10,-0.175263455,-0.018148581,0.00209196,-1.91E-05,2,2210,1,26,2.7,4.2,1.26099,2.40601,2.34741,2.66968,2.39868,2.26562,35.7078,16.0321,18,595.554,589.362,30.5405,29.4635,30.0002,29.2345,29.1748,25.2806,100,0,-999.9,405,0,99.7216,99.8324
28,mod,heat,07rec1,3.228,2.069559178,0.056247897,19,1751824470,2083.4,20250706 10:54:30,10:54:30,15,1751824462,0.004227656,4.227655885,3.846764272,400.8419677,317.3789942,32.19895359,40.66649701,0.104549995,3,0.102567209,0.064279519,161.9233197,30.78870914,30.75041935,4.447575728,8.124086602,0.365042628,4.493337481,4.0825331,-186.4396245,29.0029169,2.167538685,6.654150755,3.846764272,4.227655885,3.873445721,405.1693858,402.2702182,-0.002142407,66.94121095,4.229278131,0.439705692,3.600170667,1.7082E-05,79.93277381,270,34,1,0,52881.33497,1000.042097,841.2356727,0.841200261,0.161916504,6,0.5,1: Needles,2,FALSE,1751824462,400.8419677,404.998,3.598156129,0.438828645,400.4199677,3.813264516,800.0014194,101.3520323,0.100660519,30.92974194,30.75041935,999.9,0,0,9996.488065,0,0.00152894,-4.134730323,402.3109355,405.1758065,3.159328065,404.998,0.438828645,0.364680581,0.044476194,-6.958089355,-31.42224194,1000.042097,0.959988935,0.040011048,0,1.400967742,0,5781.270968,7947.209677,35.812,38.69309677,36.99187097,37.99593548,36.62093548,960.0303226,40.01032258,0,1751824488,0,1751824487,10:54:47,1751824487,1751824025,18,-0.02,0,0.422,-0.185,405,0,0.29,0.07,-4.1430685,0.157672345,0.027437172,0,3.16152025,-0.042592683,0.004628448,1,1,2,2-Jan,3.44152,2.78018,0.0954841,0.0962419,0.0280507,0.00382084,27028.2,30729,29042.4,34609.3,32671.4,42666.7,35755.6,45651.7,2.02082,2.08183,0.0631586,0,29.6625,999.9,45.9,30.7,20.0836,61.9601,25.9054,2,0.132002,0,20.2914,5.2107,11.974,4.98965,3.272,3864.5,9999,9999,999.9,4.97263,1.8631,1.86505,1.86346,1.8634,1.86388,1.86046,1.86323,0,0,0,0,11111111,oooooooo,on,on,on,on,0,100,100,0.422,-0.2151,0.725481409,-0.001033731,9.12024E-07,-2.25E-10,-0.175263455,-0.018148581,0.00209196,-1.91E-05,2,2210,1,26,2.9,7.4,1.26099,2.41821,2.34863,2.66724,2.39868,2.25342,35.9879,15.997,18,510.856,587.193,30.6069,29.5165,30.0003,29.3044,29.2469,25.2889,100,0,-999.9,405,0,99.722,99.8318
48,control,heat,07rec1,3.192,0.748960536,0.023012254,20,1751824616,2229.4,20250706 10:56:56,10:56:56,15,1751824608,0.001860178,1.860177537,1.407820556,403.3722581,325.6876077,33.04131259,40.92249307,0.043256117,3,0.042912589,0.026851005,161.9165181,31.45251092,30.89194516,4.483658068,4.151006636,0.187192849,4.509577199,4.29646522,-82.0338294,16.34368366,1.222683587,97.44905596,1.407820556,1.860177537,1.364628895,405.2023471,404.1774242,0.000290429,66.94153685,1.843331375,0.453187008,1.833489576,-8.00E-05,79.94223075,39,5,1,0,52910.49045,999.9981935,841.1989004,0.84120042,0.161916811,6,0.5,1: Needles,2,FALSE,1751824608,403.3722581,404.9909032,1.845156452,0.452578839,402.9952581,2.048986452,799.9892581,101.3509677,0.099968084,30.99299677,30.89194516,999.9,0,0,10004.51452,0,0.00152894,-1.573185806,404.1635161,405.1742258,1.392578387,404.9909032,0.452578839,0.18700829,0.045869281,-15.32023871,-31.10065484,999.9981935,0.959984355,0.04001551,0,0.026451613,0,5760.214516,7946.846774,35.812,38.74593548,36.99593548,37.93903226,36.56606452,959.9829032,40.01387097,0,1751824635,0,1751824632,10:57:12,1751824632,1751824025,19,-0.044,0,0.377,-0.185,405,0,0.27,0.07,-1.567807805,-0.041810383,0.01959652,1,1.398287805,-0.11119777,0.010988141,0,1,2,2-Jan,3.44157,2.78098,0.0959386,0.0962311,0.0160195,0.00394247,27013.6,30729,29041.6,34609,33076.4,42661.6,35755.5,45651.8,2.39535,2.07868,0.0823736,0,29.5872,999.9,45.3,31,20.1644,62.0001,25.9335,2,0.13436,0,20.2915,5.2104,11.974,4.98925,3.272,3868.8,9999,9999,999.9,4.97263,1.86311,1.86506,1.86348,1.8634,1.86398,1.86041,1.86324,0,0,0,0,11111111,oooooooo,on,on,on,on,0,100,100,0.377,-0.2037,0.705595362,-0.001033731,9.12024E-07,-2.25E-10,-0.175263455,-0.018148581,0.00209196,-1.91E-05,2,2210,1,26,2.1,9.9,1.26099,2.40601,2.34741,2.66602,2.39868,2.28271,36.152,15.997,18,785.067,585.252,30.6169,29.5596,30.0002,29.3364,29.2921,25.2956,100,0,-999.9,405,0,99.7206,99.8316
49,control,heat,07rec1,4.323771514,3.26259046,0.06249372,21,1751824706,2319.4,20250706 10:58:26,10:58:26,15,1751824698,0.003560123,3.560122986,4.527423037,400.5252581,292.7653437,29.70217926,40.63484039,0.086721123,3,0.085352151,0.053466291,161.911172,31.05509361,30.75653226,4.449128984,7.01111424,0.316782466,4.518289898,4.132346517,-157.0014237,43.72037117,3.269116222,51.89923573,4.527423037,3.560122986,4.555923181,405.1651943,401.7429273,0.001119656,66.94167873,3.381954451,0.461417151,3.020806545,-0.007637698,79.94608644,209,26,1,0,52813.96557,999.9644839,841.1706019,0.841200478,0.161916923,6,0.5,1: Needles,2,FALSE,1751824698,400.5252581,404.9902581,3.122428387,0.46067729,400.1212581,3.310428387,800.0011935,101.3536774,0.100199887,31.02685161,30.75653226,999.9,0,0,9986.369355,0,0.00152894,-4.489689355,401.7449032,405.1769032,2.636649032,404.9902581,0.46067729,0.313925129,0.046691323,-8.889957742,-30.91496452,999.9644839,0.959983645,0.040016287,0,1.338064516,0,7289.750645,7946.575806,35.82825806,38.804,37,38.054,36.631,959.95,40.01451613,0,1751824725,0,1751824733,10:58:53,1751824723,1751824733,20,0.027,-0.001,0.404,-0.188,405,0,0.15,0.04,-4.474599024,-0.198419373,0.038492009,0,2.700943659,-1.147474495,0.118306861,0,0,2,0/2,3.44154,2.78094,0.0954167,0.0962252,0.02424,0.00400879,27029.3,30728,29041.7,34607.8,32799.3,42657.6,35755.2,45650.6,2.12252,2.07705,0.0619441,0,29.7722,999.9,45,31.1,20.1447,61.8501,25.9335,2,0.135785,0,20.2912,5.2092,11.974,4.98955,3.272,3871.2,9999,9999,999.9,4.97263,1.86312,1.86508,1.86352,1.86342,1.86397,1.86047,1.86325,0,0,0,0,11111111,oooooooo,on,on,on,on,0,100,100,0.404,-0.188,0.661188826,-0.001033731,9.12024E-07,-2.25E-10,-0.175263455,-0.018148581,0.00209196,-1.91E-05,2,2210,1,26,1.2,11.4,1.26099,2.41821,2.34741,2.66724,2.39868,2.2583,36.2694,15.9883,18,576.842,584.325,30.6812,29.5877,30.0002,29.3728,29.3228,25.3007,100,0,-999.9,405,0,99.7204,99.8287
50,control,heat,07rec1,4.711123486,0.196222469,0.012140887,22,1751824849,2462.4,20250706 11:00:49,11:00:49,15,1751824841,0.000705387,0.705386594,0.249905318,404.6027742,351.0349709,35.61491674,41.04973951,0.01546241,3,0.015418271,0.009640375,161.9136277,32.01896683,31.47477097,4.634951935,2.219101858,0.101644357,4.580427738,4.533307578,-31.10754879,-33.65830506,-2.528662403,94.61911142,0.249905318,0.705386594,0.238420507,405.2063713,405.0315152,-0.001207232,66.94274597,0.639726521,0.473949664,0.956761273,-0.000866882,79.98839987,32,4,1,0,52805.66302,999.9867742,841.1887548,0.84119988,0.161915769,6,0.5,1: Needles,2,FALSE,1751824841,404.6027742,405.0042581,1.001847742,0.473332742,404.2257742,1.184847742,799.9923226,101.3567742,0.100116677,31.26666452,31.47477097,999.9,0,0,9992.624194,0,0.00152894,-0.374062839,405.0310645,405.196129,0.516196161,405.0042581,0.473332742,0.100295461,0.04797549,-22.60191935,-30.63072903,999.9867742,0.960003903,0.039996097,0,0.506612903,0,5548.80871,7946.820968,36.006,39,37.187,38.25,36.812,959.9912903,39.99548387,0,1751824868,0,1751824868,11:01:08,1751824866,1751824868,21,-0.027,0.005,0.377,-0.183,405,0,0.36,0.14,-0.373570171,0.053743589,0.027071675,1,0.534991683,-0.356311526,0.035497633,0,1,2,2-Jan,3.44145,2.78081,0.0961257,0.0962034,0.00940637,0.00411427,27003.3,30724,29037,34602.9,33294.5,42647,35750.8,45644.1,2.40258,2.07227,0.088051,0,30.0621,999.9,44.5,31.4,20.2613,61.8302,25.9335,2,0.143745,0,20.2907,5.20666,11.974,4.9895,3.272,3875.5,9999,9999,999.9,4.97266,1.86316,1.86508,1.86356,1.86352,1.86401,1.8605,1.86325,0,0,0,0,11111111,oooooooo,on,on,on,on,0,100,100,0.377,-0.183,0.688126301,-0.001033731,9.12024E-07,-2.25E-10,-0.176721693,-0.018148581,0.00209196,-1.91E-05,2,2210,1,26,2.1,1.9,1.26221,2.41943,2.34741,2.65869,2.39868,2.25708,36.4814,15.9708,18,792.893,581.691,30.813,29.6819,30.0006,29.4577,29.4215,25.3077,100,0,-999.9,405,0,99.7064,99.8144
51,control,heat,07rec1,3.241446725,2.806931473,0.035153722,23,1751824968,2581,20250706 11:02:47,11:02:47,15,1751824960,0.002897829,2.89782896,5.195701262,400.2184333,247.8199146,25.1428486,40.604612,0.06507043,3,0.064296393,0.040254023,161.9140223,31.65421645,31.82812333,4.728825944,5.805698998,0.268835197,4.630539707,4.459990746,-127.7942571,-59.86065008,-4.509261669,-30.25014661,5.195701262,2.89782896,5.111076333,405.1636491,401.3289394,-0.000141508,66.94237251,2.883204278,0.482447252,2.639495212,-8.42E-05,79.96546276,150,19,1,0,52887.67474,999.9842333,841.1870351,0.841200298,0.161916575,6,0.5,1: Needles,2,FALSE,1751824960,400.2184333,404.9850667,2.649768,0.482139767,399.8654333,2.857007667,799.9943,101.3562667,0.099859823,31.45801,31.82812333,999.9,0,0,10015.42267,0,0.00152894,-4.740428333,401.3079667,405.1803667,2.167628333,404.9850667,0.482139767,0.2685707,0.048867913,-10.86388333,-30.43721,999.9842333,0.959991867,0.040008133,0,2.904,0,7261.512,7946.76,36.25,39.25,37.375,38.5248,37.04546667,959.9756667,40.00933333,0,1751824986,0,1751824985,11:03:04,1751824985,1751824868,22,-0.024,0.005,0.353,-0.183,405,0,0.21,0.14,-4.746952,0.063147467,0.027932759,1,2.17394475,-0.105582552,0.010208683,0,1,2,2-Jan,3.4417,2.78062,0.0953118,0.0961689,0.0216549,0.00418323,27020.3,30717,29029.5,34594.4,32872.7,42632.8,35740.4,45632.2,2.22113,2.06857,0.0967607,0,30.2945,999.9,44.1,31.6,20.3113,61.9156,25.9295,2,0.155625,0,20.2907,5.2095,11.974,4.98905,3.272,3878.9,9999,9999,999.9,4.97262,1.86318,1.86508,1.86356,1.86355,1.86401,1.8605,1.86325,0,0,0,0,11111111,oooooooo,on,on,on,on,0,100,100,0.353,-0.2072,0.66100421,-0.001033731,9.12024E-07,-2.25E-10,-0.172019158,-0.018148581,0.00209196,-1.91E-05,2,2210,1,26,1.7,1.7,1.26221,2.41699,2.34741,2.66235,2.39868,2.30713,36.6706,15.962,18,648.859,580.215,30.9477,29.8405,30.0004,29.6056,29.5551,25.3158,100,0,-999.9,405,0,99.6788,99.789
52,control,heat,07rec1,2.991413852,0.914364085,0.021714907,24,1751825074,2687,20250706 11:04:33,11:04:33,15,1751825066,0.001898588,1.898587841,1.833977102,403.046129,310.1654054,31.46640539,40.88919224,0.043554469,3,0.043206206,0.027034937,161.9153244,32.08847309,31.14135806,4.54786742,4.148283763,0.194071414,4.67835435,4.353796006,-83.72772379,80.47200766,6.046816571,164.7064249,1.833977102,1.898587841,1.891592697,405.2234632,403.8026182,0.000436084,66.9430717,1.759884069,0.492842752,1.841051758,-0.007684482,79.99428364,431,54,1,0,52755.49255,999.9972903,841.1975979,0.841199877,0.161915763,6,0.5,1: Needles,2,FALSE,1751825066,403.046129,404.9955161,1.912968387,0.491758452,402.681129,2.114180968,800.0039355,101.3503226,0.100080477,31.63890968,31.14135806,999.9,0,0,9996.122581,0,0.00152894,-1.960379677,403.8076774,405.194871,1.421209677,404.9955161,0.491758452,0.19388,0.049839871,-14.88747419,-30.23002903,999.9972903,0.960004742,0.039995126,0,1.081774194,0,5918.285161,7946.906452,36.379,39.437,37.562,38.687,37.187,960.0016129,39.99580645,0,1751825092,0,1751825092,11:04:51,1751825092,1751824868,23,0.011,0.005,0.365,-0.183,405,0,0.3,0.14,-1.96625625,0.102936248,0.029532454,0,1.474816,-0.9411994,0.092896804,0,0,2,0/2,3.44161,2.78056,0.0957808,0.0961407,0.0160123,0.00426672,27001.4,30713.5,29024.7,34589.9,33057.5,42623.8,35735,45626.5,1.68708,2.06512,0.040181,0,30.5557,999.9,43.7,31.8,20.3594,62.0556,26.0096,2,0.164756,0,20.2907,5.2095,11.974,4.9896,3.272,3882,9999,9999,999.9,4.97263,1.86323,1.86508,1.86356,1.86355,1.86401,1.8605,1.86325,0,0,0,0,11111111,oooooooo,on,on,on,on,0,100,100,0.365,-0.2005,0.637117485,-0.001033731,9.12024E-07,-2.25E-10,-0.172019158,-0.018148581,0.00209196,-1.91E-05,2,2210,1,26,1.5,3.4,1.26221,2.41821,2.34863,2.65869,2.39868,2.26929,36.8604,15.9445,18,337.79,578.75,31.0843,29.958,30.0006,29.735,29.6708,25.322,100,0,-999.9,405,0,99.6631,99.7762
53,control,heat,07rec1,4.834664401,2.093974661,0.036517242,25,1751825193,2806.5,20250706 11:06:33,11:06:33,15,1751825185,0.00200979,2.009789922,2.598701155,402.4331667,285.4471023,28.95939036,40.82794701,0.045319268,3,0.044942343,0.028122568,161.9136198,32.1847403,31.46611667,4.632673283,4.328181161,0.203922846,4.711513646,4.428750437,-88.63173556,48.08465192,3.621174038,124.9877102,2.598701155,2.009789922,2.601896723,405.1901778,403.2390545,-0.000385258,66.94304993,1.990121123,0.506369988,1.996442303,-0.000115,79.98121089,24,3,1,0,52750.98951,999.9814667,841.1847314,0.841200322,0.161916621,6,0.5,1: Needles,2,FALSE,1751825185,402.4331667,404.9888,2.010028,0.505713667,402.0551667,2.212166,799.9991,101.3529,0.099838977,31.76342,31.46611667,999.9,0,0,9999.227,0,0.00152894,-2.568099333,403.2312333,405.1937667,1.504315667,404.9888,0.505713667,0.2037221,0.051255493,-14.28198667,-29.93467667,999.9814667,0.959989867,0.040010187,0,1.4145,0,7116.872667,7946.737333,36.53926667,39.625,37.708,38.875,37.3477,959.972,40.01,0,1751825211,0,1751825211,11:06:50,1751825211,1751824868,24,0.013,0.005,0.378,-0.183,405,0,0.43,0.14,-2.5854955,0.388041726,0.041891618,0,1.5113405,-0.135482702,0.013081715,0,0,2,0/2,3.44161,2.78039,0.0956394,0.0961059,0.0171458,0.00438083,27000.2,30708.7,29019.2,34583.8,33013,42611,35728.2,45618.1,2.408,2.06105,0.0545233,0,30.6054,999.9,43.3,32.1,20.5159,61.8156,25.8974,2,0.175376,0,20.2907,5.20995,11.974,4.98915,3.272,3885.7,9999,9999,999.9,4.97265,1.86324,1.86508,1.86357,1.86356,1.86401,1.8605,1.86325,0,0,0,0,11111111,oooooooo,on,on,on,on,0,100,100,0.378,-0.202,0.648410463,-0.001033731,9.12024E-07,-2.25E-10,-0.172019158,-0.018148581,0.00209196,-1.91E-05,2,2210,1,26,1.7,5.4,1.26343,2.42676,2.34741,2.65869,2.39868,2.33154,37.0509,15.9358,18,802.768,576.982,31.2405,30.1,30.0006,29.8495,29.8039,25.3309,100,0,-999.9,405,0,99.6442,99.7583
54,control,heat,07rec1,2.943735934,2.496016378,0.019942111,26,1751825358,2971.5,20250706 11:09:18,11:09:18,15,1751825350,0.000902524,0.90252357,5.087446227,400.9381333,188.8431556,19.15834663,40.67561628,0.040646535,3,0.04034305,0.025241484,161.9169352,32.83141315,32.05373,4.789624203,54.1085072,2.602726383,4.810198096,2.18689782,-39.80128945,12.25635408,0.927346625,135.2993465,5.087446227,0.90252357,4.629823463,415.358509,411.7852061,0.003577812,66.94146322,1.261451199,25.02821891,25.94651333,0.0008139,79.66678457,153,19,1,0,52715.70085,1000.009733,841.2078557,0.841199668,0.161915359,6,0.5,1: Needles,2,FALSE,1751825350,400.9381333,405.0250667,25.65498333,24.99546333,400.7971333,25.57098333,800.0085,101.3510667,0.10003737,32.12951,32.05373,999.9,0,0,10004.95667,0,0.001580859,-3.848674667,411.8784,415.4082333,0.988182733,405.0250667,24.99546333,2.633469,2.533317,21.87572333,21.24213,1000.009733,0.960012467,0.039987813,0,2.372166667,0,7471.523333,7947.039,36.812,39.875,37.9433,39.13533333,37.6166,960.0206667,39.98933333,0,1751825376,0,1751825375,11:09:35,1751825375,1751825375,25,-0.236,-0.301,0.141,0.084,405,25,0.19,0.14,-3.85879122,0.023577909,0.029556661,1,1.087434927,-1.807632105,0.18841459,0,1,2,2-Jan,3.45404,2.781,0.0955519,0.0962803,0.123593,0.120227,26997.4,30685.5,29012.9,34563.6,29411.7,37622.3,35714.6,45588.5,2.21073,2.1119,0.0721551,0,30.904,999.9,54.4,32.4,26.2175,61.6056,24.4631,2,0.19076,0,20.2906,5.211,11.974,4.98945,3.272,3890.8,9999,9999,999.9,4.97265,1.86325,1.86516,1.86358,1.86356,1.86408,1.8605,1.86325,0,0,0,0,11111111,oooooooo,on,on,on,on,0,100,100,0.141,0.084,0.661514643,-0.001033731,9.12024E-07,-2.25E-10,-0.172019158,-0.018148581,0.00209196,-1.91E-05,2,2210,1,26,2.5,8.2,1.28662,2.42798,2.34741,2.65625,2.39868,2.30591,37.3138,15.9007,18,646.128,618.493,31.4926,30.3132,30.0004,30.0821,30.0198,25.814,15.5816,64.2096,-999.9,405,24.9994,99.6135,99.6964
55,control,heat,07rec1,4.152912621,1.473420722,0.010953569,27,1751825465,3078,20250706 11:11:04,11:11:04,15,1751825457,0.000343217,0.343217367,2.128752791,403.2880667,177.4231414,17.99892977,40.91210161,0.015825378,3,0.015779146,0.009866109,161.9164912,33.07767608,32.00136,4.775450811,54.75861352,2.64961055,4.838710076,2.125840261,-15.13588589,37.63650632,2.848403917,187.2655156,2.128752791,0.343217367,2.088576754,415.7341796,414.1226242,0.001049183,66.94058958,0.442209106,25.89864156,26.19367758,0.007019526,79.76630144,153,19,1,0,52682.22891,1000.0102,841.207979,0.841199399,0.16191484,6,0.5,1: Needles,2,FALSE,1751825457,403.2880667,404.9884667,26.11834333,25.86765,403.1110667,26.02834333,799.9888,101.3465,0.099848123,32.23406333,32.00136,999.9,0,0,10002.375,0,0.001577037,-1.735256333,414.0873667,415.7427667,0.296323833,404.9884667,25.86765,2.651626667,2.621594667,21.98837333,21.80175333,1000.0102,0.9600167,0.039982913,0,1.564,0,6600.517667,7947.058333,36.937,40,38.125,39.25,37.729,960.029,39.98033333,0,1751825483,0,1751825482,11:11:21,1751825481,1751825482,26,0.035,-0.034,0.177,0.09,405,26,0.35,0.14,-1.73808878,0.043330244,0.02258895,1,0.287663366,0.062951059,0.0253127,1,2,2,2-Feb,3.45442,2.78106,0.0959708,0.0962544,0.125322,0.123049,26982.7,30683.1,29010.9,34560.2,29351.7,37498.1,35712.2,45584.1,2.20863,2.1109,0.0572056,0,31.1084,999.9,57.1,32.5,27.6743,61.7756,24.4671,2,0.196789,0,20.2907,5.2104,11.974,4.9893,3.272,3893.9,9999,9999,999.9,4.97265,1.86325,1.86522,1.86368,1.86356,1.86404,1.8605,1.86329,0,0,0,0,11111111,oooooooo,on,on,on,on,0,100,100,0.177,0.09,0.425323669,-0.001033731,9.12024E-07,-2.25E-10,-0.472667823,-0.018148581,0.00209196,-1.91E-05,2,2210,1,26,1.5,1.5,1.28784,2.43042,2.34741,2.65503,2.39868,2.28394,37.5059,15.892,18,645.505,618.653,31.6553,30.4013,30.0005,30.1721,30.1113,25.8465,17.8965,76.253,-999.9,405,25.7688,99.6068,99.6867
56,control,heat,07rec1,4.857383398,1.766497628,0.014022961,28,1751825594,3207.5,20250706 11:13:14,11:13:14,15,1751825586,0.000372716,0.372715858,2.182036067,403.2618667,190.8976406,19.36527547,40.90819096,0.017321624,3,0.017266253,0.010796368,161.9175829,32.99357998,31.90376,4.7491338,54.77792606,2.63908414,4.81778762,2.11004966,-16.43676934,41.0216408,3.101938499,189.6043929,2.182036067,0.372715858,2.177940371,415.686973,414.0134788,-0.000938366,66.94107182,0.392391254,25.73729188,26.02454545,-0.000155088,79.69604545,73,9,1,0,52685.51001,1000.013533,841.211069,0.841199685,0.161915392,6,0.5,1: Needles,2,FALSE,1751825586,403.2618667,405.0111333,26.01537667,25.74311,403.1148667,25.94437667,799.9940333,101.3435333,0.099708257,32.15739333,31.90376,999.9,0,0,10000.71,0,0.001560474,-1.718963333,414.0752,415.7128333,0.298287667,405.0111333,25.74311,2.639127,2.608897,21.91092667,21.72227333,1000.013533,0.960008867,0.039991127,0,1.5295,0,4691.964,7947.056,36.906,40,38.1061,39.25,37.75,960.0226667,39.99,0,1751825613,0,1751825618,11:13:37,1751825618,1751825610,27,-0.029,-0.014,0.147,0.071,405,26,0.29,0.19,-1.716236585,-0.026524599,0.014835335,1,0.292170049,0.074082564,0.019987416,1,2,2,2-Feb,3.45431,2.7803,0.0959388,0.0962416,0.124868,0.122514,26982.8,30683.1,29010.1,34560,29367,37520.6,35711.9,45583.4,2.33262,2.10943,0.0592731,0,30.9607,999.9,58.7,32.7,28.7733,61.6156,24.5232,2,0.198925,0,20.29,5.20711,11.974,4.9886,3.27125,3897.7,9999,9999,999.9,4.97265,1.86325,1.86522,1.86371,1.86358,1.86406,1.8605,1.86336,0,0,0,0,11111111,oooooooo,on,on,on,on,0,100,100,0.147,0.071,0.460488071,-0.001033731,9.12024E-07,-2.25E-10,-0.506913608,-0.018148581,0.00209196,-1.91E-05,2,2210,1,26,1.9,1.9,1.28906,2.42188,2.34741,2.65625,2.39868,2.32788,37.6745,15.8745,18,743.134,617.978,31.7551,30.4582,30,30.2193,30.1591,25.8582,20.4644,86.2339,-999.9,405,25.7734,99.6051,99.6856
57,control,heat,07rec1,4.801942319,1.721157683,0.047111337,29,1751825717,3330,20250706 11:15:16,11:15:16,15,1751825709,0.001201178,1.20117794,2.150576873,403.0579032,331.948113,33.67276568,40.88613189,0.058865351,3,0.058231123,0.036450865,161.9103566,32.69588175,31.55637097,4.656485003,55.05384999,2.639255058,4.793951847,2.017229945,-52.97194717,83.0227409,6.264521757,198.2256721,2.150576873,1.20117794,2.158797474,415.4169984,413.7664909,-0.003101769,66.94094534,1.266021792,25.09465686,26.02217758,-0.000679041,79.70424866,51,6,1,0,52617.59446,999.9696774,841.1741125,0.84119962,0.161915266,6,0.5,1: Needles,2,FALSE,1751825709,403.0579032,405.0339677,26.01793226,25.14047742,402.9149032,25.97593226,799.9904194,101.3396774,0.100169226,32.06969355,31.55637097,999.9,0,0,9984.675806,0,0.001529865,-1.970975806,413.8480968,415.4793871,0.919978452,405.0339677,25.14047742,2.640961935,2.547731935,21.9223,21.33465161,999.9696774,0.960013194,0.03998691,0,0.749354839,0,4948.464194,7946.715806,36.87093548,39.879,38,39.187,37.687,959.983871,39.98612903,0,1751825735,0,1751825736,11:15:35,1751825733,1751825736,28,-0.004,0.01,0.143,0.042,405,25,0.17,0.11,-1.958282,-0.290952495,0.034515544,0,0.906462375,0.264191358,0.030504355,0,0,2,0/2,3.45396,2.78066,0.0959021,0.0962401,0.124892,0.120222,26986.4,30686.1,29012.7,34563.3,29369.1,37622.7,35715.5,45588.5,2.36457,2.1068,0.0591725,0,30.6265,999.9,59.2,32.9,29.3479,60.8756,24.5833,2,0.196471,0,20.2906,5.2092,11.974,4.9896,3.272,3901.4,9999,9999,999.9,4.97267,1.86325,1.86522,1.86368,1.86364,1.86408,1.86053,1.86338,0,0,0,0,11111111,oooooooo,on,on,on,on,0,100,100,0.143,0.042,0.431211205,-0.001033731,9.12024E-07,-2.25E-10,-0.521047805,-0.018148581,0.00209196,-1.91E-05,2,2210,1,26,1.6,1.8,1.28906,2.43286,2.34741,2.65381,2.39868,2.29492,37.7711,15.8569,18,769.853,615.839,31.7456,30.4384,30,30.2115,30.1539,25.8598,23.8437,90.0648,-999.9,405,24.939,99.6147,99.696
1,high,control,07rec7,3.745473181,1.681900605,0.034645103,1,1752250932,0,20250711 09:22:11,9:22:11,15,1752250924,0.001852859,1.85285905,2.694293389,402.0062667,304.6102156,30.92677659,40.81530218,0.05549916,3,0.054935019,0.034384595,161.920895,27.40894881,27.01780667,3.582904593,6.241570699,0.222691958,3.567883293,3.360212635,-81.71108411,-11.56789784,-0.832013146,67.80989992,2.694293389,1.85285905,2.677554693,404.9459171,402.9096545,0.007805464,66.94486656,1.514684687,0.807023282,1.940882121,-2.32E-05,79.5657159,119,15,1,0,53605.93909,1000.027633,841.2234632,0.841200218,0.161916421,6,0.5,1: Needles,2,FALSE,1752250924,402.0062667,404.5855333,2.193382333,0.806839333,401.9082667,2.491382333,800.0307333,101.4286667,0.100353053,26.94628333,27.01780667,999.9,0,0,9992.95,0,0.00152894,-2.532919333,402.8361667,404.9121333,1.138494333,404.5855333,0.806839333,0.1973124,0.081836547,-14.67076667,-24.87523,1000.027633,0.959995,0.0400051,0,0.907333333,0,8203.69,7947.11,36.9748,39.8498,38.28313333,39.5872,37.3706,960.0183333,40.00833333,0,1752250951,0,1752250953,9:22:32,1752250949,1752250953,1,-0.045,0.233,0.098,-0.298,404,1,0.4,0.07,-2.54955475,0.20986818,0.037489618,0,1.142092,-0.060577711,0.005874954,1,1,2,2-Jan,3.44149,2.78082,0.0967679,0.0971877,0.0194402,0.00695803,27127.8,30796,29179,34704.2,33120.7,42566.6,35927,45687.3,2.3394,2.19723,0.0697412,0,25.9149,999.9,58.3,24.1,17.3195,62.42,25.8413,2,-0.129952,0,20.2934,5.211,11.968,4.99085,3.272,3928,9999,9999,999.9,4.97262,1.86264,1.86432,1.86275,1.86279,1.86339,1.85988,1.86266,0,0,0,0,11111111,oooooooo,on,on,on,on,0,100,100,0.098,-0.298,0.426987067,-0.001033731,9.12024E-07,-2.25E-10,-0.513523437,-0.018148581,0.00209196,-1.91E-05,2,2210,1,26,7086.6,7086.6,1.22803,2.34619,2.34741,2.72705,2.39868,2.29248,29.7083,15.4804,18,691.245,635.431,25.9161,25.7488,30.0012,25.4785,25.4123,24.6413,100,0,-999.9,405,0.8,100.196,99.9941
2,high,control,07rec7,4.590966653,7.46132427,0.102695776,2,1752251061,129,20250711 09:24:20,9:24:20,15,1752251053,0.004156829,4.156828798,9.751311436,396.3166129,260.9677123,26.49397613,40.23487345,0.134214579,3,0.130965828,0.08213898,161.914204,27.11073142,26.89636452,3.557431966,10.96580155,0.39791376,3.628679203,3.159518206,-183.31615,54.63337734,3.932740575,37.16417192,9.751311436,4.156828798,9.659422934,405.1900984,397.9410242,-0.000310237,66.94410927,4.151556213,0.814724958,3.916129091,-1.90E-05,79.58451209,153,19,1,0,53604.36647,999.9924839,841.1933774,0.8411997,0.161915421,6,0.5,1: Needles,2,FALSE,1752251053,396.3166129,404.8652581,3.91948129,0.814225774,396.2896129,4.240359032,800.0377742,101.4219032,0.100142897,27.23415806,26.89636452,999.9,0,0,10003.33871,0,0.00152894,-8.474031613,397.9510968,405.195129,3.105256452,404.8652581,0.814225774,0.397521452,0.082580361,-5.833094516,-24.77500323,999.9924839,0.960010581,0.039989213,0,0.896774194,0,12151.31613,7946.889355,35.901,38.51387097,37.151,37.77187097,36.39280645,960.0022581,39.98967742,0,1752251080,0,1752251079,9:24:38,1752251079,1752250953,2,-0.071,0.233,0.027,-0.298,405,1,0.22,0.07,-8.469204,-0.032853208,0.027797519,1,3.10712675,-0.034239962,0.00332172,1,2,2,2-Feb,3.4414,2.78049,0.095638,0.0971376,0.0310247,0.00701367,27149.6,30784.5,29166.9,34690.9,32714,42547.5,35911.8,45669.5,2.27805,2.18905,0.0461228,0,26.1597,999.9,57.6,24.5,17.5251,62.69,25.8293,2,-0.104253,0,20.2933,5.21055,11.9682,4.99095,3.27198,3931.8,9999,9999,999.9,4.9726,1.86264,1.86434,1.86279,1.86279,1.8634,1.85989,1.86271,0,0,0,0,11111111,oooooooo,on,on,on,on,0,100,100,0.027,-0.3209,0.381971919,-0.001033731,9.12024E-07,-2.25E-10,-0.280080922,-0.018148581,0.00209196,-1.91E-05,2,2210,1,26,1.9,1.8,1.24023,2.34863,2.34741,2.72461,2.39868,2.28027,30.1576,15.4717,18,649.743,633.174,26.3856,26.0938,30.0009,25.843,25.7769,24.8719,100,0,-999.9,405,0.341752,100.154,99.9555
3,high,control,07rec7,3.890308039,0.172090368,0.042473669,3,1752251176,244,20250711 09:26:15,9:26:15,15,1752251168,0.002145549,2.145549102,0.265413997,404.0689677,376.8447801,38.25899969,41.0229233,0.065506898,3,0.06472251,0.04052126,161.9129274,27.58841254,26.85368387,3.548517274,6.789299371,0.245873451,3.621484899,3.302643823,-94.61871541,56.06239316,4.034063612,127.3906687,0.265413997,2.145549102,0.076769823,405.2205359,405.1565697,0.001866906,66.94439878,2.050237148,0.816681781,2.373089455,-0.005561352,79.56344753,307,38,1,0,53639.50385,999.9843871,841.1865842,0.841199718,0.161915455,6,0.5,1: Needles,2,FALSE,1752251168,404.0689677,404.9181935,2.421812581,0.816636774,404.1339677,2.736279677,800.0443226,101.4243548,0.100203023,27.2003129,26.85368387,999.9,0,0,10008.74742,0,0.00152894,-0.756941194,405.1422903,405.2490968,1.605176129,404.9181935,0.816636774,0.245630613,0.082826787,-11.98042258,-24.74197419,999.9843871,0.960012613,0.039987432,0,2.26483871,0,6810.675161,7946.829677,35.80422581,39.08848387,37.20335484,38.1106129,36.40090323,959.9951613,39.99,0,1752251195,0,1752251193,9:26:32,1752251193,1752250953,3,-0.092,0.233,-0.065,-0.298,405,1,0.4,0.07,-0.772253195,0.26878315,0.030524941,0,1.634042683,-0.543975052,0.054323999,0,0,2,0/2,3.44151,2.78047,0.0970334,0.0971066,0.0207871,0.00702397,27104.5,30783.1,29164,34688.7,33058.8,42545,35909.5,45667.4,2.00233,2.18475,0.0565462,0,25.9511,999.9,56.8,24.8,17.5959,62.11,25.9535,2,-0.0960823,0,20.2954,5.20965,11.9686,4.9909,3.27168,3935.4,9999,9999,999.9,4.97263,1.86265,1.86447,1.86279,1.86289,1.8634,1.85991,1.86279,0,0,0,0,11111111,oooooooo,on,on,on,on,0,100,100,-0.065,-0.3141,0.310770834,-0.001033731,9.12024E-07,-2.25E-10,-0.280080922,-0.018148581,0.00209196,-1.91E-05,2,2210,1,26,1.6,3.7,1.2439,2.35596,2.34741,2.72461,2.39868,2.24487,30.48,15.4542,18,473.796,631.692,26.6142,26.2423,30.0001,26.0183,25.9444,24.957,100,0,-999.9,405,0.341752,100.146,99.9501
4,high,control,07rec7,4.742520138,10.04286724,0.193217926,4,1752251467,535.0999999,20250711 09:31:06,9:31:06,15,1752251459,0.003879944,3.879944262,12.70573486,394.3308,298.8125079,30.33707166,40.0346084,0.244449686,3,0.233898468,0.147096574,161.9130189,27.77808066,27.40862667,3.665963395,53.99891132,2.029078666,3.757628842,1.636884729,-171.105542,68.32483408,4.945631052,64.07794207,12.70573486,3.879944262,12.59162449,412.0662993,402.4525091,0.001653872,66.94440092,4.27810601,17.12592524,20.27408788,-0.001163399,79.556993,216,27,1,0,53494.50412,999.9792667,841.1827539,0.841200195,0.161916376,6,0.5,1: Needles,2,FALSE,1752251459,394.3308,405.0074,19.98591333,17.13416333,394.3916,20.26791333,800.0140333,101.4254667,0.099974407,27.83107333,27.40862667,999.9,0,0,10002.29,0,0.00152894,-10.67651333,402.5100333,412.0679333,3.186272,405.0074,17.13416333,2.061010667,1.737842,17.92096667,15.23862333,999.9792667,0.959994233,0.040005463,0,1.190666667,0,9524.056333,7946.730667,36.77053333,39.3622,38.03733333,38.65806667,37.2706,959.9736667,40.00566667,0,1752251486,0,1752251493,9:31:32,1752251193,1752251493,4,-0.092,-0.22,-0.065,-0.282,405,17,0.4,0.02,-10.6752439,-0.095834843,0.034060699,1,3.218934634,-0.569172125,0.057947768,0,1,2,2-Jan,3.44966,2.78087,0.0953235,0.0972023,0.105845,0.0929109,27154.1,30771.3,29161.8,34678.7,30160.2,38839.5,35904.9,45652.4,2.16103,2.21357,0.0713915,0,26.2515,999.9,57.6,25.4,18.4924,62.3255,25,2,-0.0839024,0,20.2936,5.2116,11.9683,4.9916,3.272,3944.6,9999,9999,999.9,4.97259,1.86274,1.86447,1.86294,1.86295,1.86355,1.86001,1.86279,0,0,0,0,11111111,oooooooo,on,on,on,on,0,100,100,-0.061,-0.282,0.218963707,-0.001033731,9.12024E-07,-2.25E-10,-0.280080922,-0.018148581,0.00209196,-1.91E-05,2,2210,1,26,4.6,8.6,1.26465,2.36328,2.34741,2.71729,2.39868,2.27417,31.1504,15.4104,18,573.05,658.096,27.1285,26.4279,30.0003,26.2664,26.2097,25.3753,11.8836,21.1343,-999.9,405,17.0259,100.136,99.919
5,high,control,07rec7,3.586378501,5.394845497,0.06576112,5,1752251597,665.0999999,20250711 09:33:16,9:33:16,15,1752251589,0.001891916,1.891915685,9.025559619,397.6481613,254.9677616,25.8858161,40.3715635,0.110018148,3,0.107824876,0.067583962,161.9141159,28.39728394,28.04158387,3.804048852,54.83507308,2.074227926,3.782666475,1.729820926,-83.4334817,-15.63778428,-1.136149311,61.70670061,9.025559619,1.891915685,8.78407812,412.8232478,406.1054727,0.000513572,66.9576035,1.916639528,19.03224342,20.44071636,-8.86E-05,79.22040492,216,27,1,0,53448.00179,999.9849355,841.1876153,0.841200288,0.161916555,6,0.5,1: Needles,2,FALSE,1752251589,397.6481613,404.9816774,20.43054194,19.04057419,397.8181613,20.58435484,799.988129,101.4257419,0.100097803,27.94489677,28.04158387,999.9,0,0,9997.13871,0,0.00152894,-7.225517742,406.0520323,412.8424839,1.389956452,404.9816774,19.04057419,2.072183226,1.931205161,18.00694516,16.89129355,999.9849355,0.959992548,0.040007397,0,2.429516129,0,9892.809032,7946.764194,35.60267742,38.151,36.81829032,37.34248387,36.16509677,959.9770968,40.00903226,0,1752251616,0,1752251617,9:33:36,1752251617,1752251493,5,-0.105,-0.22,-0.17,-0.282,405,17,0.22,0.02,-7.22074775,0.008687842,0.035595527,1,1.37910975,0.256864053,0.027365486,0,1,2,2-Jan,3.45059,2.78075,0.0959571,0.0972024,0.107209,0.100219,27134.5,30769.9,29161.4,34677.4,30114.1,38525.3,35905.2,45651.1,2.16065,2.21465,0.108793,0,26.2777,999.9,60.3,25.7,19.7059,61.8955,24.9359,2,-0.0796087,0,20.294,5.2113,11.9683,4.9916,3.272,3948.4,9999,9999,999.9,4.97262,1.86278,1.86447,1.86295,1.86295,1.86356,1.86005,1.86279,0,0,0,0,11111111,oooooooo,on,on,on,on,0,100,100,-0.17,-0.1534,0.218963707,-0.001033731,9.12024E-07,-2.25E-10,-0.50015793,-0.018148581,0.00209196,-1.91E-05,2,2210,1,26,6.7,1.7,1.26953,2.36328,2.34741,2.7124,2.39868,2.29858,31.3898,15.3929,18,573.591,659.96,27.2774,26.5094,30.0002,26.3474,26.2915,25.4486,9.01118,36.3308,-999.9,405,18.9098,100.135,99.9158
6,high,control,07rec7,3.211060647,3.789896779,0.043457032,6,1752251771,839.0999999,20250711 09:36:10,9:36:10,15,1752251763,0.001438809,1.438809289,7.081579322,399.2269355,248.5946694,25.23663017,40.52839327,0.081201267,3,0.07999972,0.050106298,161.911926,28.75968806,28.36342581,3.875985888,54.82517422,2.103956358,3.837573501,1.77202953,-63.45148964,-27.6892032,-2.017446155,68.75378701,7.081579322,1.438809289,6.948904985,413.0917035,407.7743697,0.000347192,66.9571293,1.453896699,19.67199345,20.73896848,0.000203686,79.22710673,393,49,1,0,53475.88754,999.9747097,841.1787366,0.841200011,0.161916021,6,0.5,1: Needles,2,FALSE,1752251763,399.2269355,404.9688387,20.72512581,19.6684,399.4899355,20.86652581,800.0125161,101.4173226,0.09985891,28.19222581,28.36342581,999.9,0,0,10012.01613,0,0.0015536,-5.646730645,407.7732581,413.0938065,1.056718387,404.9688387,19.6684,2.101886774,1.994716774,18.23349677,17.40246774,999.9747097,0.960001194,0.039998997,0,-0.862903226,0,8689.39129,7946.720645,37.30022581,41.20335484,38.74164516,40.56222581,37.94345161,959.9754839,39.99935484,0,1752251790,0,1752251794,9:36:33,1752251794,1752251493,6,-0.093,-0.22,-0.263,-0.282,405,17,0.39,0.02,-5.640115,-0.088326304,0.027536441,1,1.0539555,0.051356848,0.01050842,1,2,2,2-Feb,3.45106,2.7806,0.0962285,0.0971776,0.108229,0.102519,27124.5,30769,29159.8,34676,30079,38425.7,35904.6,45649.6,1.8165,2.21155,0.103571,0,26.7005,999.9,63.6,26,21.1602,62.0755,24.976,2,-0.0721189,0,20.2952,5.2095,11.9689,4.9893,3.27155,3954,9999,9999,999.9,4.97261,1.86279,1.86458,1.86295,1.86295,1.86356,1.86005,1.86281,0,0,0,0,11111111,oooooooo,on,on,on,on,0,100,100,-0.263,-0.1409,0.113941009,-0.001033731,9.12024E-07,-2.25E-10,-0.50015793,-0.018148581,0.00209196,-1.91E-05,2,2210,1,26,2.6,4.6,1.27197,2.35962,2.34741,2.70996,2.39868,2.31689,31.6955,15.3754,18,380.095,658.733,27.4934,26.629,30.0003,26.4681,26.4024,25.5011,14.8713,52.0538,-999.9,405,19.6118,100.132,99.9121
7,high,control,07rec7,5.117564403,3.924615512,0.046419964,7,1752251923,991.0999999,20250711 09:38:42,9:38:42,15,1752251915,0.000918363,0.918363463,4.601347676,401.2576129,255.8703873,25.97311857,40.73121421,0.054424285,3,0.053881669,0.033724344,161.9151588,29.22844523,28.07585161,3.811652441,54.4838214,2.132180446,3.913419418,1.679471995,-40.49982872,73.26536454,5.339449253,200.0201438,4.601347676,0.918363463,4.402594267,413.3588974,409.9904545,-0.000581891,66.95634058,1.078039838,20.30934567,21.10159273,-0.000197753,79.23797714,203,25,1,0,53338.20188,999.989,841.1912338,0.841200487,0.16191694,6,0.5,1: Needles,2,FALSE,1752251915,401.2576129,404.9849355,21.00486452,20.33057097,401.5816129,21.23086452,800.0136129,101.4087742,0.100114119,28.52884516,28.07585161,999.9,0,0,9997.653226,0,0.00152894,-3.664827419,409.9729032,413.3893871,0.775128613,404.9849355,20.33057097,2.140300645,2.061695161,18.52231935,17.92628387,999.989,0.959985419,0.040014597,0,1.811935484,0,7859.34129,7946.779355,37.1146129,39.82029032,38.39490323,39.15896774,37.63677419,959.9735484,40.01580645,0,1752251942,0,1752251942,9:39:01,1752251939,1752251942,7,-0.061,-0.072,-0.324,-0.226,405,20,0.23,0.09,-3.656002195,0.008714216,0.034847397,1,0.772643878,0.095635944,0.012999287,1,2,2,2-Feb,3.45114,2.78038,0.0965837,0.0971474,0.109466,0.104871,27110.8,30765.8,29156.9,34671.7,30034.9,38321.1,35902,45644.9,2.1785,2.20907,0.0667274,0,26.994,999.9,65.8,26.3,22.2845,61.8755,24.8878,2,-0.0635747,0,20.293,5.20666,11.9685,4.98985,3.2712,3958.5,9999,9999,999.9,4.97262,1.86279,1.8646,1.86301,1.863,1.86356,1.86005,1.86288,0,0,0,0,11111111,oooooooo,on,on,on,on,0,100,100,-0.324,-0.226,0.021083888,-0.001033731,9.12024E-07,-2.25E-10,-0.50015793,-0.018148581,0.00209196,-1.91E-05,2,2210,1,26,2.1,7.2,1.27319,2.36572,2.34863,2.70996,2.39868,2.32422,31.9585,15.3579,18,587.662,657.997,27.7052,26.7463,30.0004,26.5675,26.5116,25.5396,16.4998,62.6034,-999.9,405,20.2504,100.124,99.9009
8,high,control,07rec7,4.213085986,7.149283784,0.1080194,8,1752252022,1090.1,20250711 09:40:21,9:40:21,15,1752252014,0.002700655,2.700654693,10.18153981,396.5574839,278.3731976,28.25711708,40.25377208,0.153834126,3,0.149582349,0.093861185,161.9124479,28.80042166,28.60003226,3.92962548,54.90663736,2.151834185,3.919078437,1.777791295,-119.098872,-7.4883768,-0.547232379,34.77796677,10.18153981,2.700654693,10.25808079,412.8731602,405.0414061,-0.003806698,66.95320848,2.667555803,19.16224926,21.15501576,-0.008569185,79.29427289,56,7,1,0,53349.49916,999.9835806,841.1857251,0.841199537,0.161915106,6,0.5,1: Needles,2,FALSE,1752252014,396.5574839,404.9972258,21.19865806,19.21601935,396.8644839,21.38834194,799.9655484,101.4083871,0.099650752,28.55373226,28.60003226,999.9,0,0,10000.76129,0,0.0015536,-8.453302258,405.1320968,412.9321613,1.982637419,404.9972258,19.21601935,2.149721935,1.948665806,18.59246129,17.03324839,999.9835806,0.960014484,0.039985332,0,1.30483871,0,10253.4229,7946.833871,36.30222581,38.88880645,37.51393548,38.1106129,36.87267742,959.9987097,39.98387097,0,1752252041,0,1752252039,9:40:38,1752252039,1752251942,8,0.017,-0.072,-0.307,-0.226,405,20,0.21,0.09,-8.44031675,-0.285719212,0.038942304,0,1.9870595,0.021625891,0.019739723,1,1,2,2-Jan,3.45075,2.78075,0.09568,0.0971197,0.109883,0.100599,27133.7,30763.4,29152.6,34668.4,30016.6,38501.1,35896.7,45641,2.4174,2.20305,0.0959635,0,27.0329,999.9,66.4,26.5,22.7559,62.2055,25.008,2,-0.0555615,0,20.2935,5.211,11.9689,4.9913,3.272,3961.7,9999,9999,999.9,4.97263,1.86279,1.86462,1.86306,1.8631,1.86359,1.86008,1.86294,0,0,0,0,11111111,oooooooo,on,on,on,on,0,100,100,-0.307,-0.1917,-0.039835603,-0.001033731,9.12024E-07,-2.25E-10,-0.571748244,-0.018148581,0.00209196,-1.91E-05,2,2210,1,26,1.4,1.3,1.27319,2.37183,2.34863,2.70874,2.39868,2.28516,32.1564,15.3404,18,768.601,654.138,27.8433,26.849,30.0005,26.6543,26.6035,25.5277,22.9199,64.3692,-999.9,405,19.2553,100.109,99.892
9,high,control,07rec7,3.086165562,2.079372353,0.044865844,9,1752252203,1271.6,20250711 09:43:23,9:43:23,15,1752252195,0.001554408,1.554407753,4.042632798,401.4738667,315.9262685,32.0707296,40.75495172,0.087226385,3,0.085841553,0.053773561,161.9182937,29.14340422,28.62145667,3.934514288,54.73170214,2.151425604,3.930858205,1.783088683,-68.5493819,-2.59101072,-0.189413645,90.58848739,4.042632798,1.554407753,3.975857903,413.2717844,410.232297,-0.001008098,66.95626184,1.600376026,20.08056137,21.23134909,0.005995731,79.2378051,45,6,1,0,53341.64399,1000.0111,841.2095945,0.841200257,0.161916496,6,0.5,1: Needles,2,FALSE,1752252195,401.4738667,404.9738667,21.19352667,20.05243333,401.8438667,21.38341333,800.0034667,101.4133333,0.10000317,28.60543667,28.62145667,999.9,0,0,10000.505,0,0.001579586,-3.435407,410.2327,413.2607,1.141081,404.9738667,20.05243333,2.149305,2.033585,18.58935667,17.70827667,1000.0111,0.959991967,0.040008287,0,2.074666667,0,7193.344333,7946.975333,35.57893333,38.67893333,36.8748,37.76013333,36.2956,960.0016667,40.009,0,1752252223,0,1752252225,9:43:44,1752252225,1752251942,9,-0.063,-0.072,-0.37,-0.226,405,20,0.29,0.09,-3.43327325,0.026817523,0.016775055,1,1.142888,-0.059071295,0.010489445,1,2,2,2-Feb,3.4512,2.78079,0.0965763,0.0970884,0.110125,0.103961,27102.3,30759.1,29148.2,34662.9,30004.9,38351.4,35892.1,45634,2.4312,2.19985,0.089094,0,27.1986,999.9,67.3,26.8,23.4761,62.2755,24.9359,2,-0.0452007,0,20.2953,5.20771,11.9697,4.9901,3.272,3967.2,9999,9999,999.9,4.97264,1.8628,1.86462,1.86309,1.8631,1.86365,1.86011,1.86295,0,0,0,0,11111111,oooooooo,on,on,on,on,0,100,100,-0.37,-0.1882,-0.022735583,-0.001033731,9.12024E-07,-2.25E-10,-0.571748244,-0.018148581,0.00209196,-1.91E-05,2,2210,1,26,2.7,4.4,1.27441,2.37305,2.34741,2.70874,2.39868,2.2876,32.4433,15.3141,18,782.098,653.17,27.9922,26.989,30.0005,26.7931,26.7439,25.5735,20.9479,71.2043,-999.9,405,20.1132,100.095,99.8766
10,high,control,07rec7,4.241062308,5.300215958,0.057736223,10,1752252311,1379.1,20250711 09:45:10,9:45:10,15,1752252303,0.001454294,1.454294404,7.498426911,398.9209355,240.9083217,24.45622349,40.49714632,0.081681738,3,0.080466044,0.050398995,161.9116643,29.36527302,28.72628387,3.958511221,54.81058619,2.179224465,3.975918916,1.779286756,-64.13438323,12.24289347,0.896348477,110.9165231,7.498426911,1.454294404,7.446915274,413.4192619,407.7118303,0.001782216,66.95410411,1.47820712,20.406016,21.48978667,0.000260633,79.26981075,0,0,1,0,53357.92094,999.9792581,841.1820456,0.841199494,0.161915023,6,0.5,1: Needles,2,FALSE,1752252303,398.9209355,404.9797742,21.46665484,20.39936452,399.3059355,21.6447129,800.0122581,101.4168065,0.099917087,28.80198065,28.72628387,999.9,0,0,10010.12742,0,0.001542195,-6.041611935,407.6899355,413.4131613,1.067288387,404.9797742,20.39936452,2.177079677,2.06883871,18.79463548,17.98125806,999.9792581,0.960015452,0.039984223,0,2.690483871,0,9105.044516,7946.801935,37.08045161,41.09454839,38.53809677,40.35054839,37.80422581,959.996129,39.98225806,0,1752252330,0,1752252328,9:45:27,1752252328,1752251942,10,-0.015,-0.072,-0.385,-0.226,405,20,0.2,0.09,-6.03580225,-0.033589531,0.027141458,1,1.069016,-0.009170206,0.007510129,1,2,2,2-Feb,3.4514,2.78046,0.0960922,0.0970721,0.111001,0.105129,27111.5,30754.3,29142.9,34657.5,29969.7,38296.4,35885.3,45627.9,2.50478,2.19648,0.0815541,0,27.4312,999.9,67.3,27,23.7511,61.6255,24.8397,2,-0.0351651,0,20.295,5.211,11.973,4.9897,3.272,3970.4,9999,9999,999.9,4.97262,1.86283,1.86462,1.8631,1.8631,1.86365,1.86014,1.86295,0,0,0,0,11111111,oooooooo,on,on,on,on,0,100,100,-0.385,-0.177,-0.086144316,-0.001033731,9.12024E-07,-2.25E-10,-0.571748244,-0.018148581,0.00209196,-1.91E-05,2,2210,1,26,1.4,6.2,1.27563,2.37305,2.34741,2.7063,2.39868,2.30225,32.6204,15.3141,18,848.364,651.799,28.1288,27.1129,30.0007,26.9095,26.8627,25.5946,20.4971,73.5564,-999.9,405,20.4071,100.076,99.8622
11,high,heat,07rec7,2.924835742,2.256668323,0.022433093,11,1752252492,1560.1,20250711 09:48:11,9:48:11,15,1752252484,0.000850415,0.850415151,4.629323192,401.2740323,229.7505437,23.32422338,40.73724925,0.046019186,3,0.045630582,0.028553755,161.9148143,29.72630461,29.09618387,4.044211251,54.93196501,2.21047585,4.024024717,1.833735402,-37.50330817,-13.99172919,-1.027331269,109.3924457,4.629323192,0.850415151,4.603654859,413.7217877,410.1973152,-0.000842553,66.95280608,0.928208606,21.12941097,21.81217091,-0.000448092,79.29106184,40,5,1,0,53300.72223,999.9891935,841.1912019,0.841200292,0.161916564,6,0.5,1: Needles,2,FALSE,1752252484,401.2740323,405.0019355,21.77384516,21.14992581,401.6510323,21.98884516,800.0056452,101.4197419,0.100032519,29.00967419,29.09618387,999.9,0,0,10005.81129,0,0.00152894,-3.734490323,410.221129,413.7527742,0.676662226,405.0019355,21.14992581,2.213646452,2.14502,19.06140968,18.55749677,999.9891935,0.959992581,0.04000751,0,2.533548387,0,6012.986129,7946.811613,36.84454839,39.57041935,38.12674194,38.85648387,37.45535484,959.9809677,40.00935484,0,1752252512,0,1752252513,9:48:32,1752252513,1752252510,11,0.008,-0.025,-0.377,-0.215,405,21,0.28,0.13,-3.733321951,0.083641672,0.027120312,1,0.662621439,0.207309115,0.025344158,0,1,2,2-Jan,3.4518,2.78009,0.0964765,0.0970349,0.112064,0.107683,27091.7,30746.5,29134.7,34648.2,29925.6,38177.6,35875.1,45616.3,2.43278,2.19245,0.0882,0,27.6722,999.9,67.6,27.3,24.2785,61.8555,24.8518,2,-0.019032,0,20.2923,5.20516,11.9712,4.988,3.27095,3976.4,9999,9999,999.9,4.97265,1.86288,1.86472,1.8631,1.8631,1.86371,1.8602,1.86295,0,0,0,0,11111111,oooooooo,on,on,on,on,0,100,100,-0.377,-0.215,-0.100958686,-0.001033731,9.12024E-07,-2.25E-10,-0.571748244,-0.018148581,0.00209196,-1.91E-05,2,2210,1,26,2.7,9.2,1.27808,2.37549,2.34741,2.70264,2.39868,2.30103,32.9092,15.2878,18,787.721,650.734,28.3202,27.3305,30.0003,27.1099,27.0533,25.6297,19.2465,78.1182,-999.9,405,21.065,100.048,99.8362
12,high,heat,07rec7,4.953596288,1.428833404,0.043493414,12,1752252601,1669.1,20250711 09:50:00,9:50:00,15,1752252593,0.00096867,0.968670457,1.730661912,403.3900968,339.3713541,34.45355239,40.95284315,0.052681016,3,0.05217243,0.032653054,161.9177103,29.54857962,28.94204194,4.008304369,54.66103036,2.180836482,3.989746384,1.827467887,-42.71836714,-12.96131435,-0.950247764,105.287781,1.730661912,0.968670457,1.663285184,413.5932231,412.3153152,0.001185213,66.95314511,1.076335831,20.80310697,21.56646545,0.006612421,79.2852687,17,2,1,0,53274.23591,1000.010129,841.2085569,0.841200036,0.16191607,6,0.5,1: Needles,2,FALSE,1752252593,403.3900968,404.981129,21.48148387,20.7706,403.7800968,21.70948387,800.0141935,101.4213871,0.100299916,28.86190323,28.94204194,999.9,0,0,9995.356452,0,0.00152894,-1.57774,412.2710645,413.5712581,0.738662,404.981129,20.7706,2.1815,2.106584194,18.82707097,18.26902581,1000.010129,0.959998323,0.040001865,0,3.804193548,0,6865.056452,7946.98871,35.92722581,38.50587097,37.147,37.75980645,36.56829032,960.0083871,40.0016129,0,1752252620,0,1752252621,9:50:20,1752252618,1752252621,12,-0.013,0.003,-0.39,-0.228,405,21,0.54,0.14,-1.574095122,-0.081065645,0.034631414,1,0.744262171,-0.081957157,0.017520973,1,2,2,2-Feb,3.45159,2.7805,0.0968636,0.097026,0.1113,0.106502,27082,30750,29136.8,34651.8,29954.2,38233.2,35878.1,45622.3,2.46548,2.19107,0.101753,0,27.2835,999.9,67.7,27.5,24.602,61.9355,24.9038,2,-0.0200534,0,20.2929,5.20771,11.9712,4.9892,3.2714,3979.6,9999,9999,999.9,4.97265,1.86291,1.86474,1.8631,1.86311,1.86371,1.8602,1.86296,0,0,0,0,11111111,oooooooo,on,on,on,on,0,100,100,-0.39,-0.228,-0.09315741,-0.001033731,9.12024E-07,-2.25E-10,-0.596897901,-0.018148581,0.00209196,-1.91E-05,2,2210,1,26,1.5,1.5,1.27808,2.37671,2.34741,2.70142,2.39868,2.26074,33.0429,15.2703,18,816.461,649.894,28.3435,27.3384,30,27.1352,27.0777,25.6347,21.4329,80.05,-999.9,405,20.8162,100.056,99.8481
13,high,heat,07rec7,3.911159637,1.753389014,0.029151743,13,1752252715,1783.6,20250711 09:51:55,9:51:55,15,1752252707,0.000777254,0.777254467,2.689824774,402.7303,296.0286428,30.05305563,40.88548998,0.044720869,3,0.044353789,0.027753848,161.9073978,29.72421917,28.54189,3.916384764,54.50928816,2.19084934,4.01922207,1.725535424,-34.276922,72.31971328,5.294872279,205.2450614,2.689824774,0.777254467,2.689382278,413.7034409,411.6430061,3.36566E-05,66.95013988,0.894655877,21.03720051,21.66796,0.006415416,79.35270985,0,0,1,0,53262.4186,999.9461,841.1547241,0.841200065,0.161916125,6,0.5,1: Needles,2,FALSE,1752252707,402.7303,404.9824333,21.58030667,21.00994667,403.0803,21.79930667,800.0011333,101.4207,0.100069547,28.98903667,28.54189,999.9,0,0,9997.503333,0,0.00152894,-2.291617,411.5834,413.6737,0.595856767,404.9824333,21.00994667,2.191275667,2.130844333,18.89864667,18.45163,999.9461,0.959997167,0.040002757,0,1.350333333,0,5824.121,7946.477333,35.52266667,38.41433333,36.76853333,37.58516667,36.2393,959.946,40,0,1752252735,0,1752252735,9:52:15,1752252733,1752252735,13,0.041,-0.002,-0.35,-0.219,405,21,0.48,0.2,-2.28166439,-0.084451777,0.035421763,1,0.590552634,0.084298118,0.01819204,1,2,2,2-Feb,3.45157,2.78047,0.0967372,0.097028,0.111639,0.107344,27086.8,30751.1,29137.9,34653.1,29944.4,38199.6,35880.2,45625.2,2.50293,2.18967,0.064604,0,27.5527,999.9,67.7,27.6,24.7458,62.1655,25,2,-0.0205818,0,20.2946,5.20621,11.9697,4.98915,3.27132,3983.1,9999,9999,999.9,4.97264,1.86294,1.86477,1.8631,1.86313,1.86371,1.8602,1.86297,0,0,0,0,11111111,oooooooo,on,on,on,on,0,100,100,-0.35,-0.219,-0.10615014,-0.001033731,9.12024E-07,-2.25E-10,-0.594264193,-0.018148581,0.00209196,-1.91E-05,2,2210,1,26,1.6,1.6,1.2793,2.38159,2.34741,2.70142,2.39868,2.28394,33.1545,15.2528,18,850.226,649.042,28.4121,27.3453,30.0004,27.1513,27.1028,25.6507,21.0206,82.4189,-999.9,405,21.1289,100.061,99.8534
14,high,heat,07rec7,4.31294964,1.204752194,0.018553009,14,1752252829,1897.6,20250711 09:53:49,9:53:49,15,1752252821,0.000490264,0.490264373,1.676002218,403.5686452,288.6839872,29.30493922,40.96713064,0.025810191,3,0.02568746,0.016065641,161.9132624,30.0480203,29.31456774,4.095563134,54.39907968,2.218380582,4.077974472,1.877182552,-21.62065883,-12.05402756,-0.887030916,127.3515451,1.676002218,0.490264373,1.621215196,413.9078909,412.6598848,0.001597066,66.95236743,0.607426353,21.60044812,21.97010121,0.018984335,79.29730371,45,6,1,0,53223.40701,999.9864839,841.1883457,0.841199715,0.161915451,6,0.5,1: Needles,2,FALSE,1752252821,403.5686452,404.9740323,21.85334516,21.49368387,403.9736452,22.04934516,800.0034516,101.4123226,0.09985169,29.24003871,29.31456774,999.9,0,0,9999.387097,0,0.00157826,-1.349449032,412.6472581,413.8695484,0.371939645,404.9740323,21.49368387,2.21744129,2.179721613,19.08885484,18.81395484,999.9864839,0.960011065,0.039988903,0,2.244677419,0,6271.761935,7946.840968,37.13683871,41.13690323,38.59454839,40.53003226,37.91509677,959.9970968,39.99,0,1752252849,0,1752252846,9:54:06,1752252845,1752252846,14,-0.056,-0.007,-0.405,-0.196,405,22,0.4,0.16,-1.34617,-0.056345436,0.017714448,1,0.383448488,-0.303411742,0.036317257,0,1,2,2-Jan,3.45218,2.78117,0.0968636,0.0969918,0.112673,0.109353,27078.9,30746.5,29133.8,34647.1,29905.4,38107.5,35875.3,45617.7,2.42435,2.18747,0.0924394,0,27.8361,999.9,67.7,27.8,25.0413,61.9855,24.8598,2,-0.0120859,0,20.2954,5.20995,11.9728,4.9904,3.272,3986.6,9999,9999,999.9,4.97264,1.86295,1.86478,1.86312,1.86315,1.86371,1.8602,1.86299,0,0,0,0,11111111,oooooooo,on,on,on,on,0,100,100,-0.405,-0.196,-0.06558957,-0.001033731,9.12024E-07,-2.25E-10,-0.596015226,-0.018148581,0.00209196,-1.91E-05,2,2210,1,26,1.6,1.6,1.2793,2.37549,2.34741,2.70142,2.39868,2.29126,33.3335,15.2528,18,782.297,648.268,28.5625,27.4422,30.0004,27.2411,27.191,25.6693,19.1979,85.8764,-999.9,405,21.6995,100.047,99.8365
15,high,heat,07rec7,3.762998791,3.814673782,0.10177662,15,1752252949,2017.6,20250711 09:55:49,9:55:49,15,1752252941,0.002893609,2.893609428,6.082394378,399.5437419,327.3984211,33.23379301,40.55717182,0.162280073,3,0.157556327,0.098885661,161.9186973,29.63804723,29.1905871,4.066340395,54.78637372,2.260171436,4.125426238,1.806168959,-127.6081758,40.41521775,2.975201051,77.70094035,6.082394378,2.893609428,6.088881359,413.2144893,408.5559758,-0.000547911,66.94885637,2.880907821,20.15528276,22.267,0.000192423,79.38219907,114,14,1,0,53174.63443,1000.016871,841.2141741,0.841199982,0.161915966,6,0.5,1: Needles,2,FALSE,1752252941,399.5437419,404.9724194,22.2657871,20.14398387,399.9277419,22.43794516,800.0310968,101.4084839,0.1002311,29.44047097,29.1905871,999.9,0,0,9997.135484,0,0.0015536,-5.447916452,408.6229032,413.2980968,2.121793226,404.9724194,20.14398387,2.257939677,2.04277129,19.37942258,17.77981613,1000.016871,0.959998355,0.040001313,0,0.158870968,0,6557.32129,7947.046774,37.43125806,40.41703226,38.73764516,39.95335484,38.04412903,960.0148387,40,0,1752252969,0,1752252969,9:56:09,1752252969,1752252846,15,0.022,-0.007,-0.384,-0.196,405,22,0.31,0.16,-5.441543659,-0.093679443,0.023196151,1,2.137243171,-0.230878118,0.024191895,0,1,2,2-Jan,3.45133,2.78088,0.0960786,0.0969346,0.113663,0.104237,27095.4,30742.7,29126.6,34641.3,29864.3,38320.6,35866.1,45610.5,2.31805,2.18105,0.0712648,0,28.0518,999.9,67.6,28,25.2954,61.8955,24.9479,2,-0.000754573,0,20.293,5.21085,11.9736,4.99075,3.272,3990.1,9999,9999,999.9,4.97262,1.86295,1.86476,1.86312,1.86317,1.86371,1.8602,1.86297,0,0,0,0,11111111,oooooooo,on,on,on,on,0,100,100,-0.384,-0.172,-0.121304818,-0.001033731,9.12024E-07,-2.25E-10,-0.602544236,-0.018148581,0.00209196,-1.91E-05,2,2210,1,26,1.7,1.7,1.2793,2.3877,2.34863,2.66479,2.39868,2.24854,33.5355,15.2265,18,697.423,644.416,28.755,27.5851,30.0005,27.3673,27.3106,25.6523,25.8037,86.74,-999.9,405,20.2545,100.022,99.8203
16,high,heat,07rec7,5.053286535,5.24166896,0.070606565,16,1752253073,2141.1,20250711 09:57:52,9:57:52,15,1752253065,0.00141167,1.411670166,6.223675136,399.9076333,270.4003588,27.44655036,40.59197644,0.083834429,3,0.082554353,0.051709852,161.9123215,30.13934726,28.73543,3.960610984,54.82806449,2.278256558,4.155274455,1.682354426,-62.25465434,134.2554362,9.867167409,243.7802708,6.223675136,1.411670166,6.214263781,413.8836419,409.1181152,0.000864587,66.949785,1.433296412,21.41509229,22.46500364,0.000225076,79.34373727,80,10,1,0,53167.34373,999.9805667,841.1833771,0.841199724,0.161915468,6,0.5,1: Needles,2,FALSE,1752253065,399.9076333,404.9987333,22.44513,21.41015333,400.2996333,22.60923667,800.0093667,101.4033,0.100079933,29.56552,28.73543,999.9,0,0,10000.54833,0,0.00152894,-5.080927333,409.1001,413.8596,1.034972,404.9987333,21.41015333,2.276012333,2.171063333,19.50763,18.75037,999.9805667,0.960009067,0.03999059,0,0.4895,0,6407.953,7946.795667,36.5082,39.208,37.7248,38.49153333,37.1622,959.9896667,39.99,0,1752253092,0,1752253093,9:58:12,1752253093,1752252846,16,-0.008,-0.007,-0.392,-0.196,405,22,0.2,0.16,-5.08042825,-0.082213171,0.020353507,1,1.0315335,0.091975835,0.009025644,1,2,2,2-Feb,3.45197,2.78052,0.0961267,0.096931,0.114293,0.108587,27090.2,30738.9,29123,34637.3,29839.9,38131.1,35862,45606.2,2.36832,2.1794,0.038106,0,28.2078,999.9,67.1,28.2,25.4063,62.0155,24.8798,2,0.00766006,0,20.2926,5.21115,11.973,4.9896,3.272,3994,9999,9999,999.9,4.97263,1.86295,1.86478,1.86322,1.86324,1.86371,1.8602,1.86307,0,0,0,0,11111111,oooooooo,on,on,on,on,0,100,100,-0.392,-0.1631,-0.099857329,-0.001033731,9.12024E-07,-2.25E-10,-0.602544236,-0.018148581,0.00209196,-1.91E-05,2,2210,1,26,1.7,3.8,1.28052,2.39014,2.34741,2.66724,2.39868,2.28271,33.7381,15.209,18,738.817,644.441,28.9207,27.7114,30.0006,27.4843,27.4298,25.6874,21.0127,86.8876,-999.9,405,21.3711,100.01,99.8101
17,high,heat,07rec7,5.23216165,7.604031333,0.160724752,17,1752253178,2246.5,20250711 09:59:38,9:59:38,15,1752253170,0.003255364,3.255363756,8.719950004,397.5753548,309.3901297,31.40339917,40.35428532,0.184311682,3,0.178244063,0.111931051,161.9159552,29.68139336,29.32824516,4.098798143,55.40296775,2.303497459,4.157714925,1.795300684,-143.5615416,40.02392098,2.950386709,61.32872129,8.719950004,3.255363756,8.88839733,413.3645089,406.6361576,-0.022544537,66.94992442,3.081318038,20.2206566,22.53116485,-0.01292154,79.34153867,41,5,1,0,53205.77922,999.9997419,841.1997814,0.841199998,0.161915997,6,0.5,1: Needles,2,FALSE,1752253170,397.5753548,405.085871,22.69433871,20.30826774,397.9383548,22.84717097,800.0144516,101.4010968,0.099876145,29.57570968,29.32824516,999.9,0,0,10008.66516,0,0.00152894,-7.536259355,406.7812258,413.483,2.386071613,405.085871,20.30826774,2.30123129,2.05928129,19.68479355,17.90753871,999.9997419,0.96000229,0.039997581,0,-0.927096774,0,8109.551935,7946.921935,35.9613871,38.7113871,37.17306452,38.02,36.673,960.0012903,40,0,1752253198,0,1752253197,9:59:57,1752253197,1752252846,17,0.029,-0.007,-0.363,-0.196,405,22,0.17,0.16,-7.53488375,-0.030678011,0.027660765,1,2.40441825,-0.468248893,0.052752095,0,1,2,2-Jan,3.45125,2.78023,0.0956546,0.0968977,0.114461,0.104101,27100.4,30736.6,29119,34633.9,29830.6,38319.8,35857.3,45602.1,2.4246,2.17462,0.0719875,0,28.1872,999.9,66.8,28.3,25.4405,61.9455,24.9679,2,0.013628,0,20.2928,5.2113,11.9733,4.99085,3.272,3997.1,9999,9999,999.9,4.97263,1.86295,1.86478,1.86325,1.86325,1.86375,1.8602,1.86307,0,0,0,0,11111111,oooooooo,on,on,on,on,0,100,100,-0.363,-0.1606,-0.107644147,-0.001033731,9.12024E-07,-2.25E-10,-0.602544236,-0.018148581,0.00209196,-1.91E-05,2,2210,1,26,1.4,5.5,1.28052,2.38403,2.34741,2.66968,2.39868,2.28638,33.8735,15.2003,18,786.948,641.534,29.0393,27.8106,30.0002,27.5723,27.5145,25.6704,26.3976,87.4258,-999.9,405,20.1834,99.9965,99.8008
18,high,heat,07rec7,4.034460478,6.773149377,0.161561032,18,1752253311,2379.5,20250711 10:01:51,10:01:51,15,1752253303,0.004253901,4.253901049,10.07294445,396.1729355,316.0766383,32.08093872,40.21050001,0.240271579,3,0.230069867,0.144674154,161.9135056,29.53004533,29.35663226,4.105519422,54.70674234,2.287980263,4.182263767,1.817539158,-187.5970362,51.96368988,3.833015721,30.113175,10.07294445,4.253901049,10.13655477,413.0258258,405.2731333,-0.000112866,66.94970887,4.283008368,19.4559177,22.57250545,0.005804468,79.34640953,165,21,1,0,53159.00305,999.9807419,841.1841233,0.841200323,0.161916624,6,0.5,1: Needles,2,FALSE,1752253303,396.1729355,404.9916774,22.54226774,19.42373548,396.5349355,22.7019871,799.9933548,101.3974516,0.099890606,29.67791935,29.35663226,999.9,0,0,10003.3871,0,0.00157826,-8.815843226,405.3125484,413.0139355,3.118529355,404.9916774,19.42373548,2.28572871,1.969518387,19.57617419,17.20137097,999.9807419,0.959990065,0.040009971,0,1.261290323,0,9908.36129,7946.726452,35.5,38.262,36.665,37.625,36.25,959.9706452,40.01,0,1752253331,0,1752253330,10:02:10,1752253330,1752252846,18,0.001,-0.007,-0.362,-0.196,405,22,0.14,0.16,-8.7874615,-0.477574559,0.052227991,0,3.11431625,0.030868255,0.012052929,1,1,2,2-Jan,3.45111,2.78092,0.0953745,0.0968665,0.114608,0.101465,27107.2,30736.2,29117.6,34632.8,29824.7,38431.7,35855.9,45600.9,2.23032,2.16963,0.0644326,0,28.3136,999.9,66.4,28.5,25.5838,61.7555,25.0841,2,0.0186179,0,20.2925,5.2104,11.9728,4.99035,3.272,4001.3,9999,9999,999.9,4.97265,1.86295,1.86478,1.86325,1.86325,1.86382,1.86021,1.86309,0,0,0,0,11111111,oooooooo,on,on,on,on,0,100,100,-0.362,-0.1582,-0.078581491,-0.001033731,9.12024E-07,-2.25E-10,-0.602544236,-0.018148581,0.00209196,-1.91E-05,2,2210,1,26,1.9,7.7,1.2793,2.38403,2.34741,2.66968,2.39868,2.28149,34.0771,15.1915,18,635.111,638.512,29.1642,27.8969,30.0003,27.6668,27.6045,25.662,28.3659,87.6161,-999.9,405,19.554,99.9922,99.7979
19,high,heat,07rec7,4.321890547,2.915582053,0.034199941,19,1752253459,2527.5,20250711 10:04:19,10:04:19,15,1752253451,0.000943338,0.943337658,4.047648159,401.663871,253.7399719,25.75555168,40.77037809,0.04747914,3,0.047065608,0.029452859,161.9152225,30.61053524,30.10416129,4.286006336,54.65848985,2.317743202,4.240408413,1.968263133,-41.6011907,-30.11941703,-2.232605282,87.9620095,4.047648159,0.943337658,4.207822291,414.1888042,411.0577394,-0.028562719,66.94635397,1.01370975,22.1577078,22.89897636,0.00039686,79.49832171,20,3,1,0,53121.77818,999.995129,841.1959083,0.841200006,0.161916011,6,0.5,1: Needles,2,FALSE,1752253451,401.663871,404.9837097,22.83407097,22.14273871,402.016871,23.02207097,800.0182903,101.4036452,0.10007731,29.91793548,30.10416129,999.9,0,0,10003.71129,0,0.0015536,-3.326978065,411.0608387,414.1543226,0.734833968,404.9837097,22.14273871,2.319870323,2.245355806,19.81503548,19.28964194,999.995129,0.960001419,0.039998884,0,-1.238387097,0,7344.079677,7946.879677,35.407,38.187,36.5,37.562,36.125,959.9951613,40,0,1752253479,0,1752253477,10:04:37,1752253475,1752253477,19,0.009,-0.013,-0.353,-0.188,405,22,0.29,0.07,-3.333258293,0.067367875,0.026925868,1,0.738725927,-0.049546976,0.00782057,1,2,2,2-Feb,3.45227,2.78069,0.0963597,0.0968489,0.115675,0.111125,27067.6,30726.6,29107.3,34621.8,29777.9,38007,35842.6,45587,2.45045,2.17015,0.09083,0,28.641,999.9,65.9,28.8,25.8347,61.8055,24.8638,2,0.0324619,0,20.2927,5.20995,11.9734,4.9897,3.272,4005.8,9999,9999,999.9,4.97266,1.863,1.86484,1.86325,1.86325,1.86385,1.86025,1.8631,0,0,0,0,11111111,oooooooo,on,on,on,on,0,100,100,-0.353,-0.188,-0.077359739,-0.001033731,9.12024E-07,-2.25E-10,-0.602544236,-0.018148581,0.00209196,-1.91E-05,2,2210,1,26,2.1,10.2,1.28296,2.38281,2.34741,2.6709,2.39868,2.30713,34.3269,15.174,18,812.84,640.848,29.3456,28.0702,30.0005,27.8258,27.7739,25.7266,19.1327,88.4565,-999.9,405,22.1334,99.9559,99.767
20,mod,heat,07rec7,2.5,-2.829504938,-0.128769261,20,1752253585,2653,20250711 10:06:24,10:06:24,15,1752253577,-0.00845185,-8.451850114,-6.790811851,412.6972667,363.1308292,36.83297537,41.86058311,-0.309046226,3,-0.327902378,-0.203149626,161.9017095,32.9565967,29.63024,4.170796406,38.55249521,1.631116657,4.230897761,2.539679749,372.72659,40.2129608,2.973227505,577.8144879,-6.790811851,-8.451850114,-6.798221597,414.2548008,419.4696606,1.41335E-05,66.94709273,-8.35277735,22.32648611,16.13383273,0.007331345,79.47985236,800,100,1,0,53109.89709,999.9090333,841.123706,0.841200227,0.161916439,6,0.5,1: Needles,2,FALSE,1752253577,412.6972667,404.9883333,16.08093667,22.31771333,413.1062667,16.51172,800.0225333,101.4042,0.027494597,29.87887333,29.63024,999.9,0,0,9999.976667,0,0.00161335,7.762004333,419.4961667,414.2331,-6.236782667,404.9883333,22.31771333,1.630673667,2.263108,14.25173,19.41619333,999.9090333,0.959993167,0.04000687,0,2.7745,0,7338.654667,7946.171,35.3708,38.187,36.51653333,37.583,36.104,959.9066667,40.004,0,1752253604,0,1752253610,10:06:49,1752253610,1752253477,20,-0.057,-0.013,-0.409,-0.188,405,22,0.32,0.07,7.77471125,-0.422144578,0.048018689,0,-6.2524485,0.367798199,0.035409321,0,0,2,0/2,3.45239,2.70802,0.0982172,0.096823,0.0911644,0.111664,27004.7,30719.9,29100.3,34614.1,30606.6,37975.8,35835.8,45576.9,0.301,2.1656,0.058502,0,28.7487,999.9,65.7,29,26.0584,61.9655,19.8878,2,0.0451092,0,20.2921,5.20666,11.974,4.98925,3.27125,4009.6,9999,9999,999.9,4.97263,1.86303,1.86483,1.86325,1.86327,1.86386,1.86034,1.8631,0,0,0,0,11111111,oooooooo,on,on,on,on,0,100,100,-0.409,-0.4289,-0.068660813,-0.001033731,9.12024E-07,-2.25E-10,-0.615562492,-0.018148581,0.00209196,-1.91E-05,2,2210,1,26,1.8,1.8,1.28296,2.38647,2.34741,2.67334,2.39868,2.28882,34.5549,15.1565,18,-0.43068,638.942,29.4685,28.2489,30.0005,28.2362,27.9315,25.7366,19.3053,91.1227,-999.9,405,22.2547,99.9346,99.7448
21,mod,heat,07rec7,2.279699248,1.333318791,0.009920556,21,1752253683,2751,20250711 10:08:02,10:08:02,15,1752253675,0.000537091,0.537090955,3.509196553,402.1829032,176.6881271,17.93403799,40.82200421,0.026110171,3,0.025984578,0.016251595,161.9205437,30.90815364,30.41436129,4.362908701,54.4333652,2.334133865,4.288057255,2.028774836,-23.6857111,-48.82235938,-3.628013945,85.78445928,3.509196553,0.537090955,3.507474595,414.3775594,411.6911212,-0.001485818,66.94611886,0.644570291,22.68476799,23.10242788,0.013659392,79.51176058,78,10,1,0,53089.91983,1000.03,841.2250734,0.841199837,0.161915686,6,0.5,1: Needles,2,FALSE,1752253675,402.1829032,404.9768065,22.99614516,22.60259032,402.6059032,23.17514516,800.0002258,101.4012903,0.099802535,30.11249677,30.41436129,999.9,0,0,10004.39355,0,0.00152894,-2.779258387,411.6763871,414.3420323,0.422390032,404.9768065,22.60259032,2.334760645,2.291930323,19.91824194,19.61974516,1000.03,0.960005903,0.039994135,0,-0.74,0,5850.812258,7947.174516,35.35467742,38.187,36.5,37.625,36.125,960.0348387,39.99580645,0,1752253703,0,1752253700,10:08:19,1752253700,1752253700,21,-0.014,-0.016,-0.423,-0.179,405,23,0.55,0.26,-2.7723465,-0.1710403,0.026600748,0,0.434360325,-0.3060626,0.029709194,0,0,2,0/2,3.45264,2.78062,0.0963971,0.0967848,0.116335,0.112939,27053.8,30715.1,29094.7,34607.9,29743.3,37915.3,35826.6,45569.5,2.36177,2.1633,0.0869967,0,29.0134,999.9,65.4,29.1,26.0879,61.6155,24.8838,2,0.0545757,0,20.2923,5.2113,11.974,4.9902,3.272,4012.4,9999,9999,999.9,4.97263,1.86301,1.86492,1.86329,1.86327,1.86386,1.86035,1.8631,0,0,0,0,11111111,oooooooo,on,on,on,on,0,100,100,-0.423,-0.179,-0.125292689,-0.001033731,9.12024E-07,-2.25E-10,-0.615562492,-0.018148581,0.00209196,-1.91E-05,2,2210,1,26,1.2,3.4,1.28418,2.39136,2.34741,2.67578,2.39868,2.32544,34.715,15.1477,18,741.391,638.453,29.5998,28.3845,30.0004,28.1176,28.0538,25.7484,18.1773,94.8392,-999.9,405,22.7035,99.9119,99.7278
22,mod,heat,07rec7,4.183434722,5.723362014,0.067788206,22,1752253807,2875.5,20250711 10:10:07,10:10:07,15,1752253799,0.001851559,1.851558621,8.20860713,398.2608333,251.0479026,25.48222904,40.42484988,0.097223756,3,0.095506658,0.05984341,161.9089013,30.58261289,29.97106,4.253372798,54.76740036,2.349560658,4.290071543,1.90381214,-81.65373518,24.19894032,1.794367676,106.2484741,8.20860713,1.851558621,8.271086037,413.9924298,407.654103,-0.000978812,66.94797169,1.919898281,21.80774709,23.19210606,0.005565832,79.32644713,522,65,1,0,53065.52553,999.9516333,841.1596936,0.84120038,0.161916733,6,0.5,1: Needles,2,FALSE,1752253799,398.2608333,404.9704667,23.14759333,21.79104333,398.6678333,23.30735333,799.9850333,101.4034333,0.100019917,30.12068,29.97106,999.9,0,0,9999.661667,0,0.001554422,-6.723058667,407.6841,413.9917,1.356536667,404.9704667,21.79104333,2.347246667,2.209689,20.00434333,19.03273,999.9516333,0.959987633,0.04001226,0,0.971333333,0,9110.712667,7946.486,35.3622,38.46016667,36.55806667,37.781,36.22683333,959.9396667,40.01066667,0,1752253827,0,1752253824,10:10:24,1752253824,1752253700,22,0.016,-0.016,-0.407,-0.179,405,23,0.21,0.26,-6.720917317,-0.082332125,0.026988391,1,1.358676341,-0.043695679,0.019660135,1,2,2,2-Feb,3.45232,2.78102,0.0956532,0.0967655,0.11666,0.109798,27076.1,30717.1,29094.8,34609.5,29732.9,38051.9,35827.3,45572.2,1.49098,2.16065,0.0787228,0,28.6987,999.9,65.3,29.3,26.3496,61.7155,25.0881,2,0.0548882,0,20.2943,5.21115,11.974,4.99055,3.272,4016.2,9999,9999,999.9,4.97265,1.86309,1.86493,1.86333,1.86335,1.86386,1.86035,1.86312,0,0,0,0,11111111,oooooooo,on,on,on,on,0,100,100,-0.407,-0.1576,-0.138968392,-0.001033731,9.12024E-07,-2.25E-10,-0.631517094,-0.018148581,0.00209196,-1.91E-05,2,2210,1,26,1.8,1.8,1.28418,2.39014,2.34863,2.677,2.39868,2.30957,34.8755,15.1302,18,252.665,636.759,29.6705,28.4171,29.9999,28.203,28.0936,25.7442,22.7057,96.8601,-999.9,405,21.827,99.913,99.7332
23,mod,heat,07rec7,4.5,5.138960093,0.085197693,23,1752253941,3009.5,20250711 10:12:21,10:12:21,15,1752253933,0.00221975,2.219749907,6.851946791,399.1733871,289.9619314,29.4328636,40.51847703,0.113596924,3,0.111260274,0.069743607,161.9153926,30.67214,30.27449032,4.328085425,54.66151635,2.369757766,4.335331187,1.958327659,-97.89097091,4.720082555,0.350840628,69.09534491,6.851946791,2.219749907,6.818654647,413.9930223,408.7639091,0.000476429,66.94613198,2.254945883,21.73078566,23.37941758,0.000758769,79.50432712,98,12,1,0,52999.60314,999.9961935,841.1968027,0.841200005,0.161916009,6,0.5,1: Needles,2,FALSE,1752253933,399.1733871,404.976871,23.34599677,21.72005806,399.5783871,23.49659677,800.0034516,101.4057419,0.100215965,30.30367419,30.27449032,999.9,0,0,9992.759677,0,0.00153418,-5.803248065,408.7155806,413.9684516,1.625935161,404.976871,21.72005806,2.367418387,2.202537419,20.14259677,18.98078387,999.9961935,0.959999742,0.040000352,0,0.115483871,0,7421.848387,7946.880968,37.34048387,41.59048387,38.79009677,41.07232258,38.2356129,959.996129,40,0,1752253961,0,1752253964,10:12:44,1752253964,1752253700,23,0.002,-0.016,-0.405,-0.179,405,23,0.41,0.26,-5.7965295,-0.088294109,0.020260757,1,1.634542,-0.052503039,0.021970384,1,2,2,2-Feb,3.45227,2.78099,0.0958404,0.0967656,0.117289,0.109522,27071.5,30717.6,29095.9,34610.1,29712.7,38065.2,35828.7,45574,2.33005,2.1583,0.0855252,0,28.9376,999.9,64.9,29.5,26.4925,61.3655,24.9199,2,0.0546443,0,20.2942,5.20965,11.9737,4.9895,3.272,4020.4,9999,9999,999.9,4.97264,1.86309,1.86493,1.86339,1.86337,1.86386,1.86035,1.86311,0,0,0,0,11111111,oooooooo,on,on,on,on,0,100,100,-0.405,-0.149,-0.12293463,-0.001033731,9.12024E-07,-2.25E-10,-0.631517094,-0.018148581,0.00209196,-1.91E-05,2,2210,1,26,1.9,4,1.28296,2.3999,2.34741,2.67456,2.39868,2.26074,34.9904,15.1127,18,716.613,635.256,29.7676,28.4195,30.0002,28.186,28.1289,25.7476,23.3582,96.77,-999.9,405,21.753,99.9169,99.7362
24,mod,heat,07rec7,4.545969885,4.655769889,0.044691982,24,1752254069,3137.5,20250711 10:14:29,10:14:29,15,1752254061,0.001222988,1.222988313,6.144919576,400.0055161,221.3655286,22.46907678,40.60141933,0.058986728,3,0.058349897,0.036525329,161.9145114,31.09978295,30.75269355,4.448153533,54.63425585,2.392400403,4.378938389,2.05575313,-53.9337846,-44.36001097,-3.307910466,60.31280532,6.144919576,1.222988313,6.126369844,414.3575637,409.6578121,-0.000489917,66.94465829,1.325827775,22.73311437,23.66497818,0.009756386,79.56853007,2,0,1,0,52967.094,999.991129,841.1925106,0.841199973,0.161915948,6,0.5,1: Needles,2,FALSE,1752254061,400.0055161,404.981129,23.56994839,22.67432258,400.3945161,23.74894839,799.9965161,101.4019355,0.10021309,30.47841935,30.75269355,999.9,0,0,9992.759032,0,0.001602919,-4.989991613,409.6636452,414.3769032,0.936319484,404.981129,22.67432258,2.394164839,2.299220323,20.32435806,19.67092903,999.991129,0.960002903,0.039996742,0,1.067741935,0,6515.61,7946.85,37.282,40.08445161,38.4593871,39.56432258,37.96951613,959.9916129,39.99870968,0,1752254089,0,1752254096,10:14:56,1752254096,1752254087,24,0.016,-0.003,-0.389,-0.179,405,23,0.31,0.1,-4.995008,0.044934934,0.025489046,1,0.929002675,0.083346495,0.020607987,1,2,2,2-Feb,3.45266,2.78114,0.0959561,0.096734,0.118225,0.113066,27062.4,30712.1,29090.2,34603.1,29674.9,37907.2,35821.2,45566,2.46785,2.157,0.0911579,0,29.2877,999.9,64.6,29.7,26.6767,61.5855,24.9599,2,0.0628379,0,20.2925,5.2101,11.9734,4.98975,3.272,4024.2,9999,9999,999.9,4.97265,1.8631,1.86493,1.86338,1.8634,1.86386,1.86035,1.86312,0,0,0,0,11111111,oooooooo,on,on,on,on,0,100,100,-0.389,-0.179,-0.121246192,-0.001033731,9.12024E-07,-2.25E-10,-0.631517094,-0.018148581,0.00209196,-1.91E-05,2,2210,1,26,1.8,6.2,1.2854,2.39746,2.34741,2.67578,2.39868,2.30225,35.1747,15.0952,18,834.64,635.275,29.9153,28.5208,30.0005,28.2783,28.2249,25.7728,19.7406,99.8433,-999.9,405,22.7469,99.8965,99.7175
25,mod,heat,07rec7,4.653609401,2.849225989,0.075398363,25,1752254173,3241,20250711 10:16:12,10:16:12,15,1752254165,0.001940843,1.94084301,3.67356915,401.6959667,328.461204,33.33469412,40.76710435,0.097212752,3,0.095496039,0.059836739,161.9192846,31.07861683,30.68200333,4.430223787,55.15155101,2.437400368,4.419459333,1.992823419,-85.59117675,-6.88348416,-0.513528013,68.93109573,3.67356915,1.94084301,3.717642035,414.3302305,411.4791152,-0.000469521,66.94400103,1.913585368,22.55000635,23.96548788,-0.0036776,79.58906963,26,3,1,0,52940.56656,1000.019967,841.2168228,0.841200027,0.161916052,6,0.5,1: Needles,2,FALSE,1752254165,401.6959667,405.0358667,24.01676333,22.59609,402.0609667,24.13865667,799.9996333,101.3873333,0.100129167,30.63944333,30.68200333,999.9,0,0,9994.566667,0,0.001574489,-3.362748333,411.5573667,414.3996,1.420674,405.0358667,22.59609,2.434997333,2.290958333,20.59839333,19.61292333,1000.019967,0.959997967,0.040002133,0,2.482,0,5733.870667,7947.067,36.937,39.5704,38.0496,38.92873333,37.5914,960.0176667,40.00166667,0,1752254192,0,1752254190,10:16:29,1752254190,1752254087,25,0.024,-0.003,-0.365,-0.179,405,23,0.18,0.1,-3.36160675,-0.061985854,0.019959947,1,1.3804115,0.636721351,0.077228381,0,1,2,2-Jan,3.45254,2.78078,0.0962149,0.0967036,0.119158,0.112306,27047,30705.9,29082.4,34595.6,29635.7,37931.4,35811.5,45555.8,2.43225,2.15245,0.0730604,0,29.5186,999.9,64.3,29.8,26.7137,61.6955,24.8958,2,0.07422,0,20.2917,5.20816,11.9739,4.9889,3.27163,4027.3,9999,9999,999.9,4.97265,1.8631,1.86493,1.8634,1.8634,1.86386,1.86035,1.86319,0,0,0,0,11111111,oooooooo,on,on,on,on,0,100,100,-0.365,-0.1244,-0.105175458,-0.001033731,9.12024E-07,-2.25E-10,-0.634287373,-0.018148581,0.00209196,-1.91E-05,2,2210,1,26,1.3,1.4,1.2854,2.39746,2.34741,2.677,2.39868,2.30347,35.3133,15.0864,18,804.868,633.103,30.0558,28.6599,30.0008,28.4117,28.3598,25.769,21.2114,100,-999.9,405,22.5242,99.8696,99.6956
26,mod,heat,07rec7,4.547159979,3.12841879,0.042346743,26,1752254293,3361,20250711 10:18:12,10:18:12,15,1752254285,0.001159365,1.159365137,4.12796401,401.5468387,271.0353212,27.50750314,40.75317887,0.055876736,3,0.055304936,0.034616471,161.9130745,31.56249908,30.9988129,4.511072965,54.68503077,2.456545486,4.492171718,2.054527478,-51.12800253,-11.90689997,-0.890936105,97.98723591,4.12796401,1.159365137,4.11816618,414.6708125,411.5089091,-0.000192332,66.94525149,1.247255682,23.36275392,24.27418667,0.000330937,79.52608172,166,21,1,0,52872.43444,999.9809355,841.1840465,0.841200084,0.161916161,6,0.5,1: Needles,2,FALSE,1752254285,401.5468387,404.9920323,24.20469032,23.35619677,401.9218387,24.37369032,799.9846774,101.3903226,0.100151103,30.92519355,30.9988129,999.9,0,0,9990.643548,0,0.001593673,-3.434097742,411.5433871,414.6773548,0.907266935,404.9920323,23.35619677,2.46008,2.368092258,20.76479677,20.14721935,999.9809355,0.959995935,0.040004139,0,0.925967742,0,7102.580968,7946.74871,36.687,39.5,37.86280645,38.752,37.425,959.9767742,40.00193548,0,1752254312,0,1752254312,10:18:32,1752254312,1752254311,26,-0.01,-0.018,-0.375,-0.169,405,23,0.44,0.1,-3.43886439,-0.002495958,0.025968982,1,0.908071146,-0.010814111,0.010612241,1,2,2,2-Feb,3.453,2.78103,0.0961431,0.0966571,0.12012,0.115051,27038.3,30695.7,29071.5,34583.4,29592.3,37800.9,35797.4,45539.6,2.21432,2.14815,0.0743754,0,29.8178,999.9,64,30,26.8898,61.6355,24.8918,2,0.0922256,0,20.2916,5.2089,11.974,4.98925,3.27163,4030.8,9999,9999,999.9,4.97263,1.8631,1.86495,1.8634,1.8634,1.86388,1.86036,1.86322,0,0,0,0,11111111,oooooooo,on,on,on,on,0,100,100,-0.375,-0.169,-0.081161238,-0.001033731,9.12024E-07,-2.25E-10,-0.634287373,-0.018148581,0.00209196,-1.91E-05,2,2210,1,26,1.7,3.4,1.2854,2.40356,2.34741,2.67578,2.39868,2.27051,35.5451,15.0689,18,633.756,631.968,30.2516,28.9092,30.0006,28.6373,28.5708,25.7946,18.484,100,-999.9,405,23.3235,99.8312,99.6601
27,mod,heat,07rec7,4.863958931,4.710005652,0.076732292,27,1752254436,3504,20250711 10:20:35,10:20:35,15,1752254428,0.001982043,1.982042546,5.810088923,400.0573,288.6629917,29.29708692,40.60275763,0.09465412,3,0.093025769,0.058285073,161.9094322,31.5153778,31.27556667,4.582748626,55.04743948,2.495722052,4.533765921,2.087026574,-87.40807626,-30.52281792,-2.288820613,41.68971742,5.810088923,1.982042546,5.794633646,414.5886803,410.1382727,0.000504017,66.94357655,1.986273205,23.11750822,24.57256061,-0.000506816,79.59550376,190,24,1,0,52927.67086,999.9640333,841.1693592,0.841199614,0.161915256,6,0.5,1: Needles,2,FALSE,1752254428,400.0573,405.0093333,24.59024667,23.14033667,400.4663,24.70251,800.0373667,101.3923,0.100055307,31.08684667,31.27556667,999.9,0,0,10006.86833,0,0.001534355,-4.916123333,410.1797667,414.6035667,1.449899333,405.0093333,23.14033667,2.493263667,2.346254333,20.98259667,19.99753667,999.9640333,0.960012,0.039987783,0,1.068666667,0,7573.167333,7946.665,36.55373333,39.437,37.729,38.7748,37.312,959.9773333,39.98566667,0,1752254456,0,1752254453,10:20:52,1752254453,1752254311,27,-0.034,-0.018,-0.409,-0.169,405,23,0.6,0.1,-4.91207625,-0.111277036,0.025501413,0,1.4471275,0.047396398,0.011896639,1,1,2,2-Jan,3.45285,2.78091,0.0958241,0.0966069,0.121091,0.114151,27039,30688.3,29062.8,34574.2,29551,37829.2,35786.2,45526.8,2.16922,2.14208,0.0795983,0,30.0081,999.9,63.7,30.3,27.2331,61.7655,24.8598,2,0.108697,0,20.2916,5.21055,11.974,4.9895,3.272,4035.3,9999,9999,999.9,4.97264,1.8631,1.86504,1.8634,1.8634,1.86396,1.86037,1.8632,0,0,0,0,11111111,oooooooo,on,on,on,on,0,100,100,-0.409,-0.1131,-0.090806894,-0.001033731,9.12024E-07,-2.25E-10,-0.652778032,-0.018148581,0.00209196,-1.91E-05,2,2210,1,26,2.1,2.1,1.28662,2.38892,2.34741,2.67578,2.39868,2.30957,35.801,15.0602,18,604.069,629.583,30.4846,29.1555,30.0005,28.87,28.7991,25.7983,20.2396,100,-999.9,405,23.0323,99.8005,99.6329
28,mod,heat,07rec7,4.450360786,3.240952044,0.065328686,28,1752254551,3619.5,20250711 10:22:31,10:22:31,15,1752254543,0.001848526,1.8485261,4.369468724,401.2004,308.6326778,31.32444896,40.71954254,0.088076481,3,0.08666476,0.054290427,161.9162689,31.5655701,31.25195667,4.576595484,54.80625031,2.487094469,4.53797597,2.089501014,-81.52000103,-24.06955152,-1.804843026,54.52187332,4.369468724,1.8485261,4.495909542,414.5919867,411.1637273,-0.007062536,66.94394488,1.721744234,23.14064565,24.42562424,-0.006314238,79.57260873,648,81,1,0,52903.96011,999.9950667,841.1964033,0.841200553,0.161917068,6,0.5,1: Needles,2,FALSE,1752254543,401.2004,405.0338333,24.50477667,23.15231667,401.6114,24.62113,799.9771,101.3943667,0.099905363,31.10313667,31.25195667,999.9,0,0,10002.54,0,0.001620037,-3.829912667,411.2822333,414.6335,1.352465667,405.0338333,23.15231667,2.484645667,2.347512667,20.92621667,20.00618667,999.9950667,0.959984267,0.04001611,0,-0.152333333,0,6707.906,7946.821333,36.41013333,39.281,37.5683,38.67253333,37.2101,959.979,40.01833333,0,1752254571,0,1752254568,10:22:48,1752254568,1752254311,28,-0.002,-0.018,-0.411,-0.169,405,23,0.3,0.1,-3.82948275,-0.052159137,0.022297652,1,1.34547975,-0.105076886,0.05165843,0,1,2,2-Jan,3.45309,2.78141,0.0959712,0.096567,0.120552,0.114209,27030.1,30686,29058.3,34570.6,29565.2,37823.3,35780.6,45522.5,1.09372,2.13888,0.092648,0,29.767,999.9,63.4,30.4,27.2577,61.7156,25.0721,2,0.116258,0,20.2916,5.21055,11.974,4.98965,3.272,4038.7,9999,9999,999.9,4.97265,1.8631,1.86502,1.86343,1.8634,1.86398,1.86041,1.86325,0,0,0,0,11111111,oooooooo,on,on,on,on,0,100,100,-0.411,-0.1201,-0.125025255,-0.001033731,9.12024E-07,-2.25E-10,-0.652778032,-0.018148581,0.00209196,-1.91E-05,2,2210,1,26,1.6,4,1.28662,2.3999,2.34863,2.67212,2.39868,2.29004,35.9879,15.0426,18,136.049,628.315,30.6072,29.2844,30.0002,29.0872,28.9185,25.8068,20.1388,100,-999.9,405,23.317,99.7851,99.623
29,mod,control,07rec7,4.528703047,2.512643497,-0.042359567,29,1752254668,3736.5,20250711 10:24:28,10:24:28,15,1752254660,-0.001106694,-1.106694314,3.328957722,402.8199355,483.0315215,48.99178686,40.85627447,-0.056121454,3,-0.056711342,-0.035391076,161.9178057,32.14570147,30.21305806,4.31286752,53.38062356,2.399085394,4.494300055,1.913782127,48.80521923,116.5208751,8.685301928,335.929202,3.328957722,-1.106694314,3.263680761,415.1422755,412.6341152,-0.000310486,66.94248962,-1.153733271,24.47005464,23.62539758,-5.49E-05,79.64030977,800,100,1,0,52925.64032,1000.014935,841.2122463,0.841199683,0.161915387,6,0.5,1: Needles,2,FALSE,1752254660,402.8199355,404.9823548,23.65363548,24.46404194,403.3119355,23.79863548,799.9815161,101.3925806,0.033071048,30.93349677,30.21305806,999.9,0,0,10001.17742,0,0.00162049,-2.08086871,412.6572581,415.1382581,-0.822526774,404.9823548,24.46404194,2.397072903,2.480470645,20.34400645,20.89891613,1000.014935,0.960009548,0.039990277,0,1.816451613,0,9472.209355,7947.067419,36.22764516,39.012,37.375,38.47358065,37.044,960.0245161,39.99,0,1752254688,0,1752254693,10:24:52,1752254693,1752254689,29,-0.081,-0.026,-0.492,-0.145,405,24,0.45,0.07,-2.085623659,0.042200279,0.018532471,1,-0.81373839,-0.194771289,0.019733895,0,1,2,2-Jan,3.45347,2.71426,0.0962328,0.0965706,0.117849,0.118582,27022.5,30686.3,29058.8,34571.3,29658.4,37638.6,35782.2,45525,0.303,2.13905,0.0450686,0,29.5057,999.9,63,30.6,27.3996,61.4456,20.3245,2,0.117317,0,20.2916,5.21145,11.974,4.99055,3.272,4042.2,9999,9999,999.9,4.97265,1.8631,1.86502,1.86346,1.86341,1.86398,1.86042,1.86324,0,0,0,0,11111111,oooooooo,on,on,on,on,0,100,100,-0.492,-0.145,-0.127177381,-0.001033731,9.12024E-07,-2.25E-10,-0.652778032,-0.018148581,0.00209196,-1.91E-05,2,2210,1,26,1.7,6,1.28784,2.39014,2.34863,2.66968,2.39868,2.31445,36.152,15.0339,18,-0.194194,629.055,30.6275,29.3217,30.0001,29.302,28.9738,25.8396,16.3478,100,-999.9,405,24.3943,99.7882,99.6269
30,mod,control,07rec7,5.917125111,8.821486235,0.167432642,30,1752255042,4110.6,20250711 10:30:42,10:30:42,15,1752255034,0.003345483,3.345483064,8.945039427,397.2684194,299.4271763,30.39024632,40.32060572,0.169777693,3,0.164614849,0.103335064,161.9157739,31.39731986,30.9738,4.504643324,54.72029598,2.513271563,4.592942195,1.991371761,-147.5358031,55.12275917,4.131994129,73.63472411,8.945039427,3.345483064,9.045487395,414.2503882,407.2918727,0.005822022,66.94319136,3.345991541,22.36252849,24.78958182,0.005079229,79.60259951,343,43,1,0,52863.94168,999.9985806,841.198808,0.841200002,0.161916004,6,0.5,1: Needles,2,FALSE,1752255034,397.2684194,404.9740323,24.76260968,22.31561613,397.7084194,24.89112903,799.9956129,101.3947419,0.099874181,31.31461935,30.9738,999.9,0,0,10001.85968,0,0.001583501,-7.754757742,407.3053226,414.2175806,2.446987742,404.9740323,22.31561613,2.510798387,2.262688065,21.09667097,19.41318387,999.9985806,0.959999774,0.039999955,0,1.98483871,0,7884.854194,7946.897742,35.875,38.625,36.99390323,38.062,36.69512903,959.9983871,40,0,1752255062,0,1752255067,10:31:07,1752255067,1752254689,30,0.052,-0.026,-0.44,-0.145,405,24,0.16,0.07,-7.759557317,0.054335958,0.049854068,1,2.456609268,-0.203013449,0.02315134,0,1,2,2-Jan,3.45242,2.78088,0.0952502,0.0965124,0.121809,0.111549,27049.2,30686,29056,34569.2,29521.3,37937.4,35778.6,45522.9,1.88978,2.13015,0.0603348,0,29.977,999.9,62.3,31.1,27.8795,61.7829,25.1562,2,0.12357,0,20.2918,5.20995,11.974,4.98985,3.272,4053.8,9999,9999,999.9,4.97264,1.86314,1.86508,1.86351,1.86346,1.86401,1.86044,1.86324,0,0,0,0,11111111,oooooooo,on,on,on,on,0,100,100,-0.44,-0.127,-0.208093041,-0.001033731,9.12024E-07,-2.25E-10,-0.678537754,-0.018148581,0.00209196,-1.91E-05,2,2210,1,26,5.8,5.9,1.28784,2.40845,2.34863,2.66479,2.39868,2.30957,36.4107,14.9814,18,434.501,623.38,30.8006,29.4092,30.0003,29.1792,29.1077,25.8266,24.6974,98.1407,-999.9,405,22.4784,99.7785,99.6217
31,mod,control,07rec7,3.937628866,2.74804404,0.036339165,31,1752255171,4239.6,20250711 10:32:51,10:32:51,15,1752255163,0.001124719,1.124719332,4.187358636,401.5047419,268.4655039,27.24740738,40.74997758,0.055372154,3,0.054810578,0.034306592,161.9159552,31.81037296,30.98041613,4.506343243,54.80071396,2.495532024,4.553831226,2.010811218,-49.60012254,29.75159806,2.228595567,144.2960263,4.187358636,1.124719332,4.136250939,414.8578519,411.6809939,-0.000232968,66.94201886,1.208019446,23.77219967,24.65359636,0.000566986,79.65325369,291,36,1,0,52909.03306,1000.003581,841.2026884,0.841199676,0.161915375,6,0.5,1: Needles,2,FALSE,1752255163,401.5047419,404.983871,24.58818387,23.76540323,401.9847419,24.76018387,800.0172581,101.393129,0.100012452,31.16436774,30.98041613,999.9,0,0,10005.76774,0,0.00153418,-3.438299677,411.6834516,414.8430323,0.859667323,404.983871,23.76540323,2.49681129,2.409647097,21.00572581,20.42875161,1000.003581,0.960011903,0.039988245,0,2.448548387,0,6180.501613,7946.987419,35.74187097,38.48577419,36.875,37.875,36.562,960.0141935,39.98935484,0,1752255191,0,1752255193,10:33:12,1752255187,1752255193,31,-0.039,0.003,-0.48,-0.172,405,24,0.22,0.15,-3.441567805,0.055074146,0.018941472,1,0.841596488,0.291988369,0.030090821,0,1,2,2-Jan,3.45315,2.78054,0.096027,0.0965283,0.121357,0.116302,27027.1,30685.6,29057.3,34569.3,29538.5,37735.5,35780.7,45524.2,1.9895,2.132,0.0724941,0,29.8459,999.9,62,31.2,27.9025,61.8129,25.024,2,0.123361,0,20.2917,5.2104,11.974,4.9894,3.272,4057.6,9999,9999,999.9,4.97266,1.8631,1.86508,1.86355,1.86354,1.86401,1.8604,1.86325,0,0,0,0,11111111,oooooooo,on,on,on,on,0,100,100,-0.48,-0.172,-0.15632807,-0.001033731,9.12024E-07,-2.25E-10,-0.678537754,-0.018148581,0.00209196,-1.91E-05,2,2210,1,26,1.7,8,1.28906,2.40234,2.34741,2.66602,2.39868,2.31201,36.5051,14.9638,18,491.061,624.989,30.8048,29.4227,30.0001,29.1895,29.1201,25.8648,20.0371,100,-999.9,405,23.708,99.7837,99.6235
32,mod,control,07rec7,5.359923365,8.169847208,0.117741521,32,1752255307,4375.6,20250711 10:35:07,10:35:07,15,1752255299,0.003028376,3.028375599,9.14548211,397.2177,271.3351825,27.5371945,40.31272673,0.131802095,3,0.128667617,0.080692672,161.9142922,31.14411852,31.03373,4.520061874,49.05401718,2.210611369,4.506483864,2.309450505,-133.5513639,-8.5342696,-0.638864199,19.1897945,9.14548211,3.028375599,9.181720841,413.0310352,406.0083152,-0.000292403,66.9425667,3.038349157,19.60599462,21.81158424,0.005882616,79.62427942,65,8,1,0,52908.93193,999.9893,841.191012,0.841200013,0.161916025,6,0.5,1: Needles,2,FALSE,1752255299,397.2177,404.9790333,21.78205333,19.56023667,397.6407,22.04520667,799.9970667,101.3878333,0.09990684,30.98096333,31.03373,999.9,0,0,10000.00167,0,0.00152894,-7.815042,406.0076333,413.0585,2.221816,404.9790333,19.56023667,2.208435333,1.983170667,19.02364333,17.31057,999.9893,0.9599974,0.04000254,0,1.780833333,0,9144.890333,7946.812667,35.5,38.1684,36.5935,37.6187,36.3372,959.9893333,40,0,1752255327,0,1752255328,10:35:27,1752255328,1752255193,32,0.057,0.003,-0.423,-0.172,405,24,0.25,0.15,-7.809696,-0.023194221,0.026487341,1,2.25073125,-0.56278075,0.057013474,0,1,2,2-Jan,3.45116,2.78077,0.0952218,0.0965027,0.111863,0.101638,27056.4,30694.3,29062.8,34578,29867,38371.2,35788.9,45535.4,2.367,2.12385,0.102505,0,29.388,999.9,61.9,31.3,28.0161,61.8629,25.2804,2,0.115767,0,20.2918,5.2092,11.974,4.98955,3.272,4061.7,9999,9999,999.9,4.97264,1.86312,1.86508,1.86353,1.86352,1.86401,1.86046,1.86325,0,0,0,0,11111111,oooooooo,on,on,on,on,0,100,100,-0.423,-0.2618,-0.195755719,-0.001033731,9.12024E-07,-2.25E-10,-0.675242714,-0.018148581,0.00209196,-1.91E-05,2,2210,1,26,2,1.9,1.2854,2.41089,2.34863,2.65869,2.39868,2.29858,36.5287,14.9551,18,758.1,617.781,30.6977,29.3403,29.9998,29.1088,29.0517,25.7886,34.162,97.6563,-999.9,405,19.6025,99.8046,99.6483
33,mod,control,07rec7,5.033795359,2.18158594,0.024468831,33,1752255491,4559.1,20250711 10:38:10,10:38:10,15,1752255483,0.000594865,0.594864673,2.600327329,402.8739355,248.8782901,25.2569573,40.88492322,0.029165466,3,0.029008857,0.018144536,161.9162653,31.62065239,30.83609677,4.469389047,55.01483417,2.45938532,4.470403951,2.010003727,-26.23353207,0.643291897,0.048075595,136.3741007,2.600327329,0.594864673,2.490499296,414.8387697,412.9268788,-0.000439328,66.94198353,0.591519303,23.75889179,24.21668182,-0.006236632,79.64012416,90,11,1,0,52973.15851,999.9997742,841.1999664,0.841200156,0.161916302,6,0.5,1: Needles,2,FALSE,1752255483,402.8739355,405.003871,24.23441613,23.79909032,403.3379355,24.40141613,800.0193871,101.3831935,0.099974319,30.84007419,30.83609677,999.9,0,0,10008.29839,0,0.00152894,-2.088358065,412.9296452,414.8774839,0.452516452,405.003871,23.79909032,2.458704194,2.412825806,20.75567742,20.45010645,999.9997742,0.959995226,0.040004977,0,2.294516129,0,5601.279032,7946.88871,35.312,38.03,36.47154839,37.375,36.147,959.9935484,40.00516129,0,1752255510,0,1752255508,10:38:27,1752255507,1752255508,33,-0.041,0.006,-0.464,-0.167,405,24,0.35,0.14,-2.088665366,0.024467456,0.025097387,1,0.443527537,0.193430864,0.020239612,0,1,2,2-Jan,3.45319,2.78067,0.0963086,0.0965427,0.119936,0.116265,27027.8,30694.9,29066.6,34579.5,29596.6,37750.9,35793.5,45541.2,2.3299,2.13342,0.0924543,0,29.328,999.9,61.7,31.5,28.2484,61.6529,25.0481,2,0.109332,0,20.2921,5.2101,11.974,4.99,3.272,4067.2,9999,9999,999.9,4.97263,1.86313,1.86507,1.8635,1.8635,1.864,1.86042,1.86325,0,0,0,0,11111111,oooooooo,on,on,on,on,0,100,100,-0.464,-0.167,-0.139205478,-0.001033731,9.12024E-07,-2.25E-10,-0.675242714,-0.018148581,0.00209196,-1.91E-05,2,2210,1,26,2.7,5,1.29028,2.39868,2.34741,2.65869,2.39868,2.2937,36.5287,14.9288,18,726.599,624.549,30.5633,29.2342,29.9997,29.0284,28.9731,25.8866,20.9482,98.5798,-999.9,405,23.7019,99.8176,99.6573
34,mod,control,07rec7,6,-6.90198913,-0.3131275,34,1752255679,4747.1,20250711 10:41:18,10:41:18,15,1752255671,-0.008744686,-8.74468648,-6.90198913,412.879129,362.9020401,36.83021092,41.90228692,-0.3131275,3,-0.332501941,-0.205973795,161.9154495,33.86480484,30.34619677,4.3459076,39.5872681,1.757060521,4.438448535,2.588847079,385.6406738,59.56162978,4.43775134,611.5555044,-6.90198913,-8.74468648,-6.868330766,414.858792,420.1434545,-0.002367966,66.94263935,-8.64021091,23.75983246,17.36332727,0.007196704,79.61779976,800,100,1,0,52985.34011,999.9957419,841.1964901,0.841200072,0.161916139,6,0.5,1: Needles,2,FALSE,1752255671,412.879129,404.9946129,17.31298387,23.75807419,413.370129,17.75181935,799.9847419,101.3805806,0.107443258,30.71446129,30.34619677,999.9,0,0,10006.65161,0,0.0015536,7.908066129,420.1771935,414.8505806,-6.445086452,404.9946129,23.75807419,1.755200645,2.408607742,15.39342581,20.42176452,999.9957419,0.959999548,0.040000713,0,2.390322581,0,5897.92871,7946.877419,37.53803226,41.65296774,38.98364516,41.16103226,38.44935484,959.9941935,40.00225806,0,1752255698,0,1752255704,10:41:44,1752255704,1752255508,34,-0.027,0.006,-0.491,-0.167,405,24,0.2,0.14,7.93129475,-0.363567242,0.04267508,0,-6.4714145,0.4657603,0.045834867,0,0,2,0/2,3.45332,2.78841,0.098041,0.0965827,0.0958662,0.116315,26980.8,30699.3,29071.6,34585.3,30420.9,37756.6,35803.1,45550.9,0.305075,2.1339,0.078842,0,29.1459,999.9,61.5,31.5,28.1571,61.6929,25.6811,2,0.098999,0,20.2935,5.2113,11.974,4.9907,3.272,4073,9999,9999,999.9,4.97266,1.86313,1.86508,1.86354,1.86348,1.86401,1.86042,1.86325,0,0,0,0,11111111,oooooooo,on,on,on,on,0,100,100,-0.491,-0.4368,-0.180127746,-0.001033731,9.12024E-07,-2.25E-10,-0.669117414,-0.018148581,0.00209196,-1.91E-05,2,2210,1,26,2.9,2.9,1.29028,2.40723,2.34741,2.65747,2.39868,2.32422,36.5051,14.9026,18,0.0526089,623.563,30.3469,29.0885,30,29.0867,28.8464,25.8936,21.1536,99.3823,-999.9,405,23.7362,99.84,99.6766
35,mod,control,07rec7,5.243954481,7.038577108,0.110588746,35,1752255815,4883.6,20250711 10:43:35,10:43:35,15,1752255807,0.002537126,2.53712599,8.053361791,398.1795806,283.1571881,28.73436843,40.406669,0.126532844,3,0.123641018,0.07752995,161.9200216,30.98943837,30.72115806,4.440147132,54.75014784,2.42826837,4.435181393,2.011878762,-111.8872561,-3.167416955,-0.236416796,46.62893166,8.053361791,2.53712599,8.216315678,414.1391673,407.8676727,-0.00891141,66.94212801,2.581568808,22.08840022,23.97104121,0.001790805,79.64025117,170,21,1,0,52972.16703,1000.02229,841.2189643,0.841200214,0.161916412,6,0.5,1: Needles,2,FALSE,1752255807,398.1795806,404.9773871,23.92889355,22.07155161,398.6095806,24.08811935,799.9869032,101.3784516,0.100054474,30.70157419,30.72115806,999.9,0,0,10003.83387,0,0.001576411,-6.856156129,407.8813871,414.1176129,1.857340968,404.9773871,22.07155161,2.425874516,2.23758,20.53752903,19.23391935,1000.02229,0.959994516,0.040005245,0,0.156451613,0,7377.784839,7947.076452,37.06832258,39.8263871,38.32225806,39.12870968,37.79812903,960.0154839,40.00806452,0,1752255835,0,1752255832,10:43:52,1752255832,1752255508,35,0.061,0.006,-0.43,-0.167,405,24,0.2,0.14,-6.834900976,-0.287829617,0.035210267,0,1.866292927,-0.093210941,0.02349998,1,1,2,2-Jan,3.45248,2.78129,0.0954731,0.0965838,0.11917,0.110578,27060.6,30703.8,29074.3,34590.3,29630.9,38007.3,35804.6,45557.7,2.20427,2.13123,0.107773,0,28.9917,999.9,61.3,31.6,28.2244,61.4629,25.2764,2,0.0942124,0,20.292,5.2113,11.974,4.9895,3.272,4077,9999,9999,999.9,4.97263,1.86317,1.86507,1.86351,1.86348,1.86401,1.86045,1.86325,0,0,0,0,11111111,oooooooo,on,on,on,on,0,100,100,-0.43,-0.1572,-0.206990574,-0.001033731,9.12024E-07,-2.25E-10,-0.669117414,-0.018148581,0.00209196,-1.91E-05,2,2210,1,26,1.9,5.1,1.28906,2.40234,2.34741,2.65625,2.39868,2.30835,36.5287,14.8938,18,628.475,620.621,30.2772,29.0179,29.9997,28.8277,28.7703,25.8666,26.8933,99.2428,-999.9,405,22.1382,99.8466,99.6912
36,mod,control,07rec7,2.5,1.69523395,0.025363645,36,1752255968,5036.6,20250711 10:46:08,10:46:08,15,1752255960,0.001160548,1.160548428,4.068561479,401.613871,283.0989499,28.72678605,40.75280303,0.060872748,3,0.060194795,0.037682029,161.9153583,31.29764391,30.2115,4.312482166,54.71482347,2.421013121,4.424784669,1.891469045,-51.18018567,72.62102919,5.40572471,188.7619266,4.068561479,1.160548428,4.033436382,414.5590919,411.4671152,-0.001287474,66.94089322,1.16589938,22.99855903,23.8534303,-0.000327616,79.73293798,0,0,1,0,52982.30273,999.9995806,841.1993499,0.841199703,0.161915426,6,0.5,1: Needles,2,FALSE,1752255960,401.613871,405.0148387,23.8587871,23.00914839,402.095871,24.0387871,800.0053226,101.3728065,0.099791932,30.66050968,30.2115,999.9,0,0,10005,0,0.0015536,-3.348107419,411.4919032,414.5532258,0.867992194,405.0148387,23.00914839,2.420493226,2.332501613,20.50152903,19.90263226,999.9995806,0.960006581,0.03999321,0,3.05483871,0,4412.77871,7946.94129,36.306,39.08232258,37.524,38.2113871,37.052,960.0077419,39.99,0,1752255988,0,1752255985,10:46:25,1752255985,1752255985,36,-0.052,0.019,-0.482,-0.18,405,23,0.33,0.11,-3.34650878,-0.116776098,0.026423768,0,0.859649171,0.045226955,0.019700994,1,1,2,2-Jan,3.45276,2.78113,0.0961275,0.096601,0.118794,0.113848,27044,30704.3,29077.2,34591.1,29646.8,37869.7,35808.6,45560.4,2.46365,2.13442,0.0649989,0,29.1933,999.9,61.1,31.7,28.2926,61.3729,25.2324,2,0.0902363,0,20.292,5.21085,11.9736,4.98985,3.272,4081.8,9999,9999,999.9,4.97265,1.86318,1.86508,1.86356,1.86352,1.86401,1.86049,1.86325,0,0,0,0,11111111,oooooooo,on,on,on,on,0,100,100,-0.482,-0.18,-0.146267036,-0.001033731,9.12024E-07,-2.25E-10,-0.669117414,-0.018148581,0.00209196,-1.91E-05,2,2210,1,26,2.3,7.7,1.2915,2.41333,2.34741,2.65625,2.39868,2.30713,36.5996,14.8675,18,837.616,622.545,30.2526,28.9551,29.9999,28.7602,28.713,25.8947,23.7282,98.4907,-999.9,405,23.1635,99.8571,99.6957
37,mod,control,07rec7,4.899684777,2.881672403,0.039162297,37,1752256108,5176.1,20250711 10:48:27,10:48:27,15,1752256100,0.0009809,0.98089958,3.528805465,402.0549333,272.3091961,27.63152909,40.79697911,0.047956918,3,0.047535061,0.029747006,161.9132538,31.32959541,30.73589667,4.443887485,54.75329072,2.420828839,4.421339444,2.023058645,-43.2576715,-14.39666048,-1.074358349,103.1845635,3.528805465,0.98089958,3.562903221,414.5726932,411.8377515,-9.79E-05,66.94137165,1.001372149,23.11507141,23.85413758,-0.001502578,79.69071097,224,28,1,0,52991.93598,999.9780667,841.1819669,0.841200417,0.161916805,6,0.5,1: Needles,2,FALSE,1752256100,402.0549333,404.9971,23.85731,23.13924,402.5189333,24.03331,800.0595667,101.3708667,0.100289947,30.64688333,30.73589667,999.9,0,0,10006.62833,0,0.001534673,-2.959230333,411.8777667,414.5904333,0.7509409,404.9971,23.13924,2.421768667,2.345644667,20.51006333,19.99331667,999.9780667,0.959984833,0.040015283,0,0.900166667,0,4885.017667,7946.69,35.9496,38.812,37.187,37.958,36.6912,959.9643333,40.013,0,1752256127,0,1752256127,10:48:46,1752256125,1752256127,37,0.018,0.003,-0.464,-0.176,405,23,0.28,0.14,-2.96162175,0.012549906,0.014866953,1,0.741169425,0.150381017,0.024492825,0,1,2,2-Jan,3.45282,2.78078,0.0962021,0.096601,0.118727,0.114139,27039.8,30702.5,29075.1,34589,29647.1,37856.1,35806.2,45559,2.113,2.13337,0.0936054,0,29.2143,999.9,61,31.8,28.4094,61.3329,25.2404,2,0.091062,0,20.2919,5.21085,11.974,4.98985,3.272,4086,9999,9999,999.9,4.97263,1.8632,1.86508,1.86356,1.86354,1.86401,1.8605,1.86325,0,0,0,0,11111111,oooooooo,on,on,on,on,0,100,100,-0.464,-0.176,-0.198061306,-0.001033731,9.12024E-07,-2.25E-10,-0.650314299,-0.018148581,0.00209196,-1.91E-05,2,2210,1,26,2,2,1.2915,2.40967,2.34741,2.65747,2.39868,2.32056,36.6706,14.85,18,564.834,621.621,30.2218,28.9419,30.0002,28.7582,28.7047,25.9011,23.8787,98.1186,-999.9,405,23.1297,99.8503,99.6913
38,control,control,07rec7,4.918562874,6.366605284,0.087091307,38,1752256266,5334.1,20250711 10:51:05,10:51:05,15,1752256258,0.002118797,2.118797192,7.766421347,398.5348387,268.7769025,27.27358432,40.44050448,0.106239943,3,0.104193216,0.065301366,161.9079655,31.07531055,30.63933871,4.419432899,54.75205376,2.4255504,4.430062862,1.993882499,-93.43895616,6.797607561,0.507119514,75.77373645,7.766421347,2.118797192,7.768409428,414.2425387,408.2811818,0.000529891,66.94184294,2.12651734,22.37766891,23.93319091,0.000303178,79.6463183,30,4,1,0,52965.32499,999.9532903,841.1604636,0.841199756,0.161915529,6,0.5,1: Needles,2,FALSE,1752256258,398.5348387,404.9930323,23.90341935,22.35229032,398.9948387,24.04318387,799.9917419,101.3730968,0.099850006,30.68136774,30.63933871,999.9,0,0,10002.34355,0,0.00157826,-6.459871613,408.292871,414.2525484,1.551122581,404.9930323,22.35229032,2.423162903,2.265921935,20.51940323,19.43615161,999.9532903,0.960007677,0.039992319,0,3.491451613,0,7262.341613,7946.569032,35.875,38.808,37.004,38,36.625,959.9635484,39.99,0,1752256286,0,1752256290,10:51:30,1752256290,1752256127,38,0.004,0.003,-0.46,-0.176,405,23,0.2,0.14,-6.448095,-0.144518499,0.030469882,0,1.54953075,-0.011185103,0.012647569,1,1,2,2-Jan,3.45256,2.78077,0.0955457,0.0965722,0.118989,0.111807,27054.6,30699,29070.2,34584.4,29633.5,37950.4,35800.2,45552.4,2.42035,2.12895,0.0813194,0,29.3351,999.9,61,31.9,28.5721,61.7629,25.2484,2,0.0979649,0,20.2912,5.20935,11.974,4.9889,3.27163,4090.7,9999,9999,999.9,4.97263,1.86318,1.86508,1.86355,1.86354,1.86401,1.8605,1.86325,0,0,0,0,11111111,oooooooo,on,on,on,on,0,100,100,-0.46,-0.138,-0.180089378,-0.001033731,9.12024E-07,-2.25E-10,-0.647444209,-0.018148581,0.00209196,-1.91E-05,2,2210,1,26,2.3,2.3,1.29028,2.40845,2.34741,2.65747,2.39868,2.32666,36.8366,14.8238,18,799.945,618.844,30.2358,29.0295,30.0003,28.8195,28.7729,25.8881,26.3236,96.9938,-999.9,405,22.4377,99.8334,99.6773
39,control,control,07rec7,4.635990421,6.465873296,0.058764659,39,1752256392,5460,20250711 10:53:11,10:53:11,15,1752256384,0.001572475,1.572474792,8.368274361,398.2486774,209.8994315,21.30057402,40.41423729,0.076054504,3,0.074999377,0.04696819,161.913487,31.44164707,30.99594516,4.510335398,54.71593707,2.455683046,4.488058101,2.054652351,-69.34613835,-14.04024999,-1.050466325,77.47663233,8.368274361,1.572474792,8.346864631,414.5680039,408.1576303,0.000768784,66.94126783,1.612167316,23.05565798,24.23112,0.001090762,79.68869047,273,34,1,0,52919.07221,999.9806129,841.184016,0.841200324,0.161916626,6,0.5,1: Needles,2,FALSE,1752256384,398.2486774,404.9945161,24.1987129,23.04790323,398.6926774,24.32454839,800.0052258,101.3798065,0.100096881,30.90913548,30.99594516,999.9,0,0,10000.36129,0,0.001586583,-6.759013871,408.1113548,414.549,1.150803548,404.9945161,23.04790323,2.453260323,2.33659129,20.71968387,19.9309,999.9806129,0.959988194,0.040011906,0,3.185,0,9598.991613,7946.722581,36.008,38.98170968,37.141,38.278,36.77,959.9696774,40.01,0,1752256412,0,1752256409,10:53:28,1752256409,1752256127,39,0.016,0.003,-0.444,-0.176,405,23,0.21,0.14,-6.76203,-0.001585417,0.015343153,1,1.13241,0.328917419,0.033728786,0,1,2,2-Jan,3.45298,2.78085,0.0954727,0.0965652,0.11992,0.113905,27049.6,30690.8,29062.9,34575.5,29594.7,37851.1,35790.9,45540.6,2.02485,2.1268,0.0829622,0,29.6642,999.9,61,32,28.7297,61.4629,25.2204,2,0.109731,0,20.2915,5.21025,11.974,4.98985,3.272,4094.4,9999,9999,999.9,4.97262,1.86322,1.86508,1.86356,1.86356,1.86401,1.8605,1.86325,0,0,0,0,11111111,oooooooo,on,on,on,on,0,100,100,-0.444,-0.1242,-0.175760672,-0.001033731,9.12024E-07,-2.25E-10,-0.647444209,-0.018148581,0.00209196,-1.91E-05,2,2210,1,26,1.7,4.4,1.2915,2.40356,2.34741,2.65625,2.39868,2.31079,36.9794,14.7975,18,510.543,618.509,30.3453,29.1712,30.0006,28.9612,28.9009,25.9,24.9835,96.6208,-999.9,405,23.0772,99.808,99.6517
40,control,control,07rec7,4.921922686,4.429588284,0.039181491,40,1752256496,5564.5,20250711 10:54:56,10:54:56,15,1752256488,0.000994309,0.994309423,5.399826735,400.6267667,208.1573807,21.12469144,40.65729882,0.047763641,3,0.047345162,0.029628019,161.919057,31.72806869,31.06957667,4.529306314,54.63159303,2.471519868,4.523975471,2.057786445,-43.84904554,-3.34200488,-0.250306237,114.4777004,5.399826735,0.994309423,5.32611764,414.7787094,410.6794848,0.002423737,66.94068137,1.20383434,23.63810871,24.48965091,0.00730494,79.74660173,281,35,1,0,52885.66624,1000.015533,841.2133474,0.841200281,0.161916542,6,0.5,1: Needles,2,FALSE,1752256488,400.6267667,404.9752333,24.35373333,23.62619,401.0287667,24.52473333,800.0301,101.3839,0.100329727,31.04891333,31.06957667,999.9,0,0,9998.151,0,0.001628637,-4.388124667,410.6097333,414.7748333,0.782697567,404.9752333,23.62619,2.474669,2.395315333,20.86080333,20.33214,1000.015533,0.959991233,0.040008897,0,2.584,0,7116.093333,7947.007667,36.17666667,39.1808,37.30373333,38.5,36.937,960.006,40.01,0,1752256516,0,1752256515,10:55:15,1752256515,1752256513,40,0.041,-0.021,-0.402,-0.171,405,24,0.51,0.07,-4.382323,0.053504015,0.028458227,1,0.747862125,0.798478931,0.077938059,0,1,2,2-Jan,3.45316,2.78113,0.0958751,0.0965401,0.120739,0.115857,27030,30685.3,29055.3,34569.1,29559.2,37760.8,35780.8,45531.9,2.00975,2.12483,0.0701845,0,29.93,999.9,61,32.1,28.894,61.7629,25.1522,2,0.121189,0,20.2912,5.2101,11.974,4.98955,3.272,4097.6,9999,9999,999.9,4.97265,1.86325,1.86509,1.86356,1.86356,1.86402,1.8605,1.86329,0,0,0,0,11111111,oooooooo,on,on,on,on,0,100,100,-0.402,-0.171,-0.159370255,-0.001033731,9.12024E-07,-2.25E-10,-0.647444209,-0.018148581,0.00209196,-1.91E-05,2,2210,1,26,1.5,6.2,1.2915,2.40112,2.34741,2.65869,2.39868,2.32544,37.1225,14.7975,18,502.483,618.356,30.4903,29.3326,30.0004,29.1,29.0333,25.9125,23.4005,96.6208,-999.9,405,23.6383,99.7807,99.6328
41,control,control,07rec7,5.1140625,0.44045208,-0.007735742,41,1752256599,5667,20250711 10:56:38,10:56:38,15,1752256591,-0.000193445,-0.193445197,0.516754045,404.6334667,480.530403,48.76463694,41.06255082,-0.009075848,3,-0.00909113,-0.005680581,161.9177298,32.1982741,31.30492333,4.59040949,54.87523082,2.506559907,4.567743716,2.083849582,8.530933178,-14.06779728,-1.055739532,155.3251261,0.516754045,-0.193445197,0.331335974,415.2964922,415.0405212,0.000338035,66.94112167,-0.016075473,24.85706213,24.8069,0.009623065,79.68943506,49,6,1,0,52890.69345,1000.005267,841.2048847,0.841200454,0.161916877,6,0.5,1: Needles,2,FALSE,1752256591,404.6334667,404.9623333,24.69983,24.84133333,405.0964667,24.83583,799.9831333,101.3809,0.099956643,31.21794333,31.30492333,999.9,0,0,10005.24667,0,0.001579267,-0.268131533,414.9495667,415.2784,-0.12678172,404.9623333,24.84133333,2.505585,2.518437667,21.06276667,21.14613667,1000.005267,0.959984833,0.040015067,0,0.466,0,5729.155333,7946.900667,36.25413333,39.25,37.375,38.625,37.0496,959.9893333,40.01533333,0,1752256619,0,1752256618,10:56:57,1752256618,1752256615,41,-0.061,-0.022,-0.463,-0.136,405,25,0.32,0.2,-0.267937425,0.19391803,0.038882469,0,-0.204381635,1.358414164,0.139280995,0,0,2,0/2,3.45395,2.78124,0.096602,0.0965294,0.121816,0.119903,27005.1,30681.6,29052.2,34564.9,29519.7,37584.5,35776.8,45527.4,2.38895,2.12448,0.0779331,0,30.0781,999.9,60.9,32.2,29.009,61.5529,25.0561,2,0.127797,0,20.2913,5.2104,11.974,4.98985,3.272,4100.7,9999,9999,999.9,4.97268,1.86325,1.8651,1.86356,1.86356,1.86401,1.8605,1.8633,0,0,0,0,11111111,oooooooo,on,on,on,on,0,100,100,-0.463,-0.136,-0.118177503,-0.001033731,9.12024E-07,-2.25E-10,-0.668504911,-0.018148581,0.00209196,-1.91E-05,2,2210,1,26,1.4,1.4,1.29272,2.41577,2.34741,2.65625,2.39868,2.29614,37.2899,14.7712,18,777.704,619.195,30.627,29.4417,30.0005,29.1914,29.1384,25.9379,19.8034,97.522,-999.9,405,24.7124,99.7697,99.622
42,control,control,07rec7,4.493517185,4.608721901,0.063898989,42,1752256716,5784.5,20250711 10:58:36,10:58:36,15,1752256708,0.001785757,1.785756631,6.153827897,399.8254333,271.4736867,27.55090262,40.57686662,0.085321569,3,0.083996063,0.052614916,161.9141729,31.92689638,31.39103333,4.612944975,54.69405795,2.531285696,4.628081717,2.081659279,-78.75186745,9.3213848,0.700630915,93.18432118,6.153827897,1.785756631,6.291140093,414.8043205,409.9732121,-0.00035576,66.94075709,1.839483729,23.65532292,24.98746545,0.003237465,79.74748836,300,37,1,0,52801.87829,999.9950667,841.1953173,0.841199467,0.161914972,6,0.5,1: Needles,2,FALSE,1752256708,399.8254333,404.976,24.94210333,23.63626667,400.2034333,25.07296,800.0462,101.3861667,0.100290277,31.44866667,31.39103333,999.9,0,0,9995.086667,0,0.001538177,-5.233329333,409.9681667,414.7797333,1.305845,404.976,23.63626667,2.528787333,2.396390667,21.21296667,20.33940333,999.9950667,0.960016,0.0399842,0,2.610666667,0,6847.789333,7946.931333,36.6312,39.6166,37.66426667,39.0641,37.406,960.012,39.982,0,1752256736,0,1752256733,10:58:53,1752256733,1752256615,42,0.085,-0.022,-0.378,-0.136,405,25,0.24,0.2,-5.223757805,-0.25023993,0.029239307,0,1.311937073,-0.04434,0.017978673,1,1,2,2-Jan,3.45327,2.78076,0.0956509,0.0964712,0.122417,0.115848,27024.4,30675.3,29043,34556.5,29490.2,37748.7,35764.8,45516.4,1.97012,2.11803,0.0573881,0,30.4815,999.9,60.9,32.3,29.1765,61.813,25.1042,2,0.142345,0,20.2913,5.2107,11.974,4.9896,3.272,4104.2,9999,9999,999.9,4.97266,1.86325,1.8652,1.86357,1.86356,1.86404,1.86051,1.86334,0,0,0,0,11111111,oooooooo,on,on,on,on,0,100,100,-0.378,-0.1286,-0.178756165,-0.001033731,9.12024E-07,-2.25E-10,-0.690081178,-0.018148581,0.00209196,-1.91E-05,2,2210,1,26,1.6,1.7,1.2915,2.41455,2.34741,2.65747,2.39868,2.31934,37.4819,14.7625,18,481.121,615.961,30.8433,29.6301,30.0007,29.3839,29.3155,25.9128,24.3635,97.8815,-999.9,405,23.7018,99.7371,99.5978
43,control,control,07rec7,2.349147858,2.336937529,0.026319937,43,1752256832,5900,20250711 11:00:31,11:00:31,15,1752256824,0.001429193,1.429192869,5.968813383,400.0555,245.3844509,24.9029649,40.59983442,0.067224215,3,0.06639844,0.041572373,161.9127564,32.22777347,31.54457,4.65336552,54.36731293,2.546427268,4.683746779,2.106938251,-63.02740553,18.54141504,1.396145321,118.8229112,5.968813383,1.429192869,5.899082673,414.9886408,410.4510727,0.001275732,66.94095299,1.572355137,24.15766803,25.22563758,0.020458679,79.70065167,168,21,1,0,52771.36249,999.9833333,841.1856976,0.841199718,0.161915455,6,0.5,1: Needles,2,FALSE,1752256824,400.0555,404.9609,25.09153667,24.04654333,400.4725,25.21515,800.0044667,101.3855,0.100004943,31.65921,31.54457,999.9,0,0,9996.335,0,0.001573852,-4.864704667,410.3935667,414.9388333,1.044996333,404.9609,24.04654333,2.543918667,2.437970333,21.31016667,20.61814333,999.9833333,0.9600119,0.039988433,0,0.999833333,0,7279.161667,7946.822667,36.8624,39.8708,37.937,39.3162,37.62913333,959.9953333,39.99,0,1752256851,0,1752256849,11:00:48,1752256849,1752256615,43,-0.039,-0.022,-0.417,-0.136,405,25,0.37,0.2,-4.84666725,-0.273872083,0.037261024,0,1.0478495,-0.04460848,0.025174281,1,1,2,2-Jan,3.45341,2.78105,0.0956653,0.0964275,0.123165,0.117597,27016.8,30668.5,29035.8,34547.9,29457.4,37665.1,35754.8,45505.3,2.19793,2.11443,0.0568107,0,30.658,999.9,60.6,32.5,29.3573,61.7429,25.0361,2,0.155417,0,20.2907,5.20681,11.974,4.98925,3.27163,4107.6,9999,9999,999.9,4.97266,1.86326,1.86523,1.86357,1.86356,1.86405,1.86051,1.86338,0,0,0,0,11111111,oooooooo,on,on,on,on,0,100,100,-0.417,-0.1166,-0.09409121,-0.001033731,9.12024E-07,-2.25E-10,-0.690081178,-0.018148581,0.00209196,-1.91E-05,2,2210,1,26,1.6,3.6,1.29272,2.41089,2.34741,2.65625,2.39868,2.32178,37.6745,14.7449,18,631.305,614.953,31.053,29.82,30.0007,29.5521,29.4902,25.9218,23.0533,98.6256,-999.9,405,24.267,99.7107,99.5733
44,control,control,07rec7,2.718217562,2.41067417,0.01864121,44,1752256949,6017,20250711 11:02:28,11:02:28,15,1752256941,0.000916277,0.916277033,5.321150603,400.702871,181.9939969,18.46985358,40.66575537,0.041147281,3,0.040836303,0.025550433,161.9157391,32.42236395,31.92329355,4.754390725,54.44281536,2.559318005,4.700928834,2.195072721,-40.40781714,-32.27207102,-2.435355032,86.80049594,5.321150603,0.916277033,5.352976155,415.2155838,411.1129818,-0.00395141,66.94078956,1.130653188,24.58729937,25.37159394,0.010586104,79.71386844,106,13,1,0,52747.57501,1000.004323,841.2031383,0.841199502,0.161915039,6,0.5,1: Needles,2,FALSE,1752256941,400.702871,404.9691613,25.21841935,24.54853226,401.118871,25.37241935,799.9885161,101.3858387,0.1002207,31.72375806,31.92329355,999.9,0,0,9993.809677,0,0.001577643,-4.26586871,411.086129,415.160871,0.708298161,404.9691613,24.54853226,2.560682258,2.488870323,21.41733226,20.95386774,1000.004323,0.960015645,0.039984294,0,1.867419355,0,6168.744839,7947.002258,36.95732258,40,38.11687097,39.403,37.75,960.02,39.98354839,0,1752256968,0,1752256966,11:02:45,1752256966,1752256966,44,0.001,-0.008,-0.416,-0.154,405,25,0.28,0.1,-4.251272683,-0.299087875,0.037488851,0,0.720140122,-0.044402948,0.050319656,1,1,2,2-Jan,3.45376,2.78082,0.0957407,0.0963985,0.123569,0.118888,27006.8,30661.8,29028.1,34540,29436.1,37601.7,35744.8,45494.9,2.2957,2.11118,0.0813231,0,30.6266,999.9,60.4,32.7,29.5934,61.533,24.9359,2,0.16872,0,20.2907,5.2101,11.974,4.98935,3.272,4111,9999,9999,999.9,4.97267,1.86325,1.86521,1.86364,1.86357,1.86409,1.86054,1.86337,0,0,0,0,11111111,oooooooo,on,on,on,on,0,100,100,-0.416,-0.154,-0.133142466,-0.001033731,9.12024E-07,-2.25E-10,-0.690081178,-0.018148581,0.00209196,-1.91E-05,2,2210,1,26,1.7,5.6,1.29272,2.40967,2.34741,2.65503,2.39868,2.31812,37.8679,14.7274,18,707.314,614.15,31.2145,29.9911,30.0007,29.7192,29.6588,25.9304,22.153,100,-999.9,405,24.6344,99.6833,99.5506
45,control,control,07rec7,3.179194486,1.552044408,0.041811305,45,1752257047,6115,20250711 11:04:06,11:04:06,15,1752257039,0.001680018,1.680018235,2.929127642,402.3026774,329.5469719,33.44371963,40.82725407,0.078909243,3,0.077774057,0.048709417,161.9171982,32.29239916,31.67344516,4.687531331,54.55299823,2.573776664,4.717938056,2.113754666,-74.08880418,18.43946919,1.390227715,107.658091,2.929127642,1.680018235,3.008421729,415.0074963,412.6987636,-0.001016436,66.94028943,1.67761075,24.13458437,25.36036121,0.00013346,79.80352102,29,4,1,0,52748.1963,1000.004129,841.2037478,0.841200274,0.16191653,6,0.5,1: Needles,2,FALSE,1752257039,402.3026774,405.0064516,25.36142258,24.13335484,402.7136774,25.47923548,799.9936129,101.3837097,0.100213642,31.78745484,31.67344516,999.9,0,0,9996.329032,0,0.001547743,-2.708226452,412.7666129,415.0223548,1.22806871,405.0064516,24.13335484,2.571235806,2.446729032,21.48458065,20.67642258,1000.004129,0.959992871,0.040007219,0,0.91,0,4998.475484,7946.923548,37.004,40.125,38.187,39.5,37.875,959.9958065,40.00935484,0,1752257066,0,1752257064,11:04:23,1752257064,1752256966,45,0.006,-0.008,-0.411,-0.154,405,25,0.24,0.1,-2.692351463,-0.384303972,0.041015719,0,1.243703659,-0.265121185,0.031495752,0,0,2,0/2,3.45344,2.78088,0.0959914,0.0963551,0.12351,0.117384,26992.5,30657.4,29021.2,34534.2,29431.2,37659.8,35735.6,45487.3,2.40632,2.10757,0.0561401,0,30.7791,999.9,60.2,32.8,29.663,61.783,24.9479,2,0.180224,0,20.2904,5.20786,11.974,4.9887,3.27155,4113.9,9999,9999,999.9,4.97265,1.86325,1.86523,1.86368,1.8636,1.8641,1.86059,1.86338,0,0,0,0,11111111,oooooooo,on,on,on,on,0,100,100,-0.411,-0.1178,-0.132279183,-0.001033731,9.12024E-07,-2.25E-10,-0.697759351,-0.018148581,0.00209196,-1.91E-05,2,2210,1,26,1.4,1.4,1.29272,2.41699,2.34741,2.65503,2.39868,2.31812,38.0134,14.7012,18,801.426,612.747,31.3525,30.1458,30.0003,29.8593,29.797,25.922,23.704,100,-999.9,405,24.3975,99.6587,99.5339
46,control,control,07rec7,3.825860271,0.752241077,0.002760975,46,1752257191,6259,20250711 11:06:30,11:06:30,15,1752257183,9.53358E-05,0.09533583,1.179720675,404.0978065,-38.57203003,-3.914519168,41.01025038,0.004329968,3,0.004326499,0.002704373,161.9151479,32.97864486,32.0311871,4.78351872,54.83056303,2.628910092,4.794607145,2.154608628,-4.204310085,6.618654503,0.500587262,164.8300796,1.179720675,0.09533583,1.165365273,415.7230112,414.8257636,5.94481E-06,66.94039808,0.165994225,25.8006144,25.92425152,-0.000593917,79.7494636,44,5,1,0,52704.48487,999.9946774,841.1955277,0.841200005,0.16191601,6,0.5,1: Needles,2,FALSE,1752257183,404.0978065,405.0115161,25.90417742,25.83452581,404.4728065,26.02817742,799.9777419,101.3860968,0.099854697,32.07210968,32.0311871,999.9,0,0,9997.172581,0,0.001541578,-0.94877971,414.8228065,415.7522258,0.104180281,405.0115161,25.83452581,2.629825161,2.619262581,21.8530871,21.78717742,999.9946774,0.960002258,0.039997942,0,2.616129032,0,6440.966452,7946.886774,37.153,40.22358065,38.31,39.59654839,37.94106452,959.9958065,40,0,1752257210,0,1752257213,11:06:52,1752257213,1752257210,46,0.036,-0.03,-0.375,-0.124,405,26,0.32,0.22,-0.939795488,-0.097212899,0.02399482,1,0.082239183,0.404266564,0.040897043,0,1,2,2-Jan,3.45436,2.78041,0.0962932,0.0963393,0.125267,0.122807,26979,30651.8,29016.8,34527.8,29368,37422.2,35730.4,45479.5,2.38258,2.10625,0.064075,0,31.0006,999.9,60,33,29.8966,61.603,24.8918,2,0.19047,0,20.2901,5.20591,11.974,4.98795,3.27125,4118.3,9999,9999,999.9,4.97265,1.86327,1.86523,1.86371,1.86369,1.86417,1.86058,1.8634,0,0,0,0,11111111,oooooooo,on,on,on,on,0,100,100,-0.375,-0.124,-0.126356864,-0.001033731,9.12024E-07,-2.25E-10,-0.697759351,-0.018148581,0.00209196,-1.91E-05,2,2210,1,26,2.1,3.8,1.29395,2.41089,2.34741,2.65503,2.39868,2.31934,38.2324,14.6924,18,782.778,613.365,31.5489,30.287,30.0007,30.0144,29.9575,25.959,19.0985,100,-999.9,405,25.7779,99.6439,99.5162
47,control,control,07rec7,4.171287304,2.165278066,0.023588845,47,1752257294,6362.5,20250711 11:08:14,11:08:14,15,1752257286,0.000700266,0.700266263,3.11454653,402.5355667,244.1432628,24.77702691,40.85156581,0.03393031,3,0.033718549,0.021093009,161.9180403,32.7564569,31.59000667,4.665386303,55.14140217,2.633526774,4.775951772,2.031859529,-30.88174219,66.83039344,5.041903947,202.9085955,3.11454653,0.700266263,3.163159239,415.5744319,413.1698667,-0.00891258,66.94035299,0.673316042,25.33691515,25.87934727,-0.012674744,79.75697214,344,43,1,0,52727.42723,1000.019433,841.2157741,0.841199427,0.161914894,6,0.5,1: Needles,2,FALSE,1752257286,402.5355667,405.0829667,25.94975667,25.43817,402.9355667,26.08975667,799.9753333,101.3856667,0.09993907,32.00321333,31.59000667,999.9,0,0,9999.399,0,0.001564296,-2.521338333,413.2968,415.6565667,0.536367467,405.0829667,25.43817,2.633446333,2.579066,21.87558333,21.53417333,1000.019433,0.960017867,0.039982367,0,2.391833333,0,5324.490667,7947.122667,37.2416,40.2624,38.39153333,39.5872,38,960.0376667,39.98166667,0,1752257314,0,1752257314,11:08:34,1752257314,1752257310,47,-0.025,0.007,-0.4,-0.14,405,25,0.7,0.15,-2.47705575,-0.659429381,0.083633637,0,0.450400343,1.334179503,0.149528551,0,0,2,0/2,3.45398,2.78007,0.0959607,0.0963123,0.125165,0.121243,26982.9,30647.6,29010.7,34522.5,29365.6,37484.1,35722.7,45473.4,1.87608,2.10267,0.054352,0,30.7354,999.9,59.8,33.1,29.9662,61.583,25.1242,2,0.199599,0,20.2899,5.20696,11.974,4.98785,3.27125,4121.4,9999,9999,999.9,4.97268,1.86329,1.86523,1.86371,1.86371,1.86417,1.86065,1.8634,0,0,0,0,11111111,oooooooo,on,on,on,on,0,100,100,-0.4,-0.14,-0.090862845,-0.001033731,9.12024E-07,-2.25E-10,-0.726707172,-0.018148581,0.00209196,-1.91E-05,2,2210,1,26,1.4,1.4,1.29395,2.41577,2.34863,2.65137,2.39868,2.32178,38.3545,14.6749,18,433.466,611.655,31.5981,30.3941,30.0006,30.1439,30.0649,25.9477,21.247,100,-999.9,405,25.3683,99.6227,99.502
48,control,heat,07rec7,4.711390636,1.974800308,0.027711714,48,1752257420,6488,20250711 11:10:19,11:10:19,15,1752257412,0.000765381,0.765381196,2.514926646,402.9232,276.4132778,28.05087115,40.88930481,0.035291127,3,0.035062101,0.021934266,161.9098175,32.61484986,31.85259,4.735386764,54.83023772,2.60017867,4.742234901,2.135208095,-33.75331076,4.12534624,0.3114401,132.593293,2.514926646,0.765381196,2.468425097,415.4001916,413.4940606,0.002146045,66.94034297,0.746117937,25.03967575,25.58782303,-0.000719936,79.65233947,60,8,1,0,52744.1572,999.9639,841.1694579,0.841199825,0.161915663,6,0.5,1: Needles,2,FALSE,1752257412,402.9232,405.0407333,25.62216,25.06282,403.3472,25.76716,799.9826333,101.3817333,0.09990091,31.87809667,31.85259,999.9,0,0,9998.833333,0,0.001561748,-2.092912,413.5522667,415.4531667,0.5794354,405.0407333,25.06282,2.599656,2.540911333,21.6642,21.29094333,999.9639,0.960004733,0.03999554,0,0.187666667,0,5542.514667,7946.642,37.062,40.05373333,38.2374,39.42046667,37.875,959.9696667,39.99266667,0,1752257439,0,1752257443,11:10:42,1752257440,1752257443,48,-0.024,0.006,-0.424,-0.145,405,25,0.34,0.18,-2.086369268,-0.11340899,0.019761736,0,0.579380927,-0.114877254,0.032965058,0,0,2,0/2,3.4539,2.78068,0.0960369,0.0962927,0.124213,0.120258,26981.6,30650.2,29011.8,34524.8,29399,37529.5,35724,45477.5,2.3587,2.10152,0.0881031,0,30.4453,999.9,59.8,33.3,30.3059,61.563,25.028,2,0.199365,0,20.2901,5.20681,11.974,4.9884,3.27125,4125.2,9999,9999,999.9,4.97266,1.86328,1.86524,1.86371,1.86369,1.86416,1.86066,1.8634,0,0,0,0,11111111,oooooooo,on,on,on,on,0,100,100,-0.424,-0.145,-0.116081755,-0.001033731,9.12024E-07,-2.25E-10,-0.719677679,-0.018148581,0.00209196,-1.91E-05,2,2210,1,26,1.8,1.8,1.29395,2.42065,2.34741,2.65137,2.39868,2.3291,38.4279,14.6486,18,764.156,611.027,31.5968,30.4251,29.9999,30.1542,30.0918,25.9497,22.6729,100,-999.9,405,25.1624,99.6264,99.5101
49,control,heat,07rec7,4.70897484,2.772709229,0.067389063,49,1752257535,6603.5,20250711 11:12:15,11:12:15,15,1752257527,0.001827608,1.827607935,3.53288262,401.7959,322.5668264,32.7348756,40.77523702,0.085864629,3,0.08452234,0.052945314,161.9159111,32.57600656,31.86292333,4.738160063,54.60317722,2.623416013,4.804511653,2.11474405,-80.59750994,39.73368312,3.003222626,124.055307,3.53288262,1.827607935,3.468233864,415.1662509,412.497303,0.000711298,66.94031108,1.870679584,24.59847325,25.91453333,0.01270628,79.75508271,213,27,1,0,52740.93122,999.9965667,841.1973539,0.841200242,0.161916467,6,0.5,1: Needles,2,FALSE,1752257527,401.7959,404.9963333,25.85093,24.51564667,402.2309,25.96015,799.9931667,101.3825333,0.099928333,32.10859333,31.86292333,999.9,0,0,10005.995,0,0.001605385,-3.188100667,412.471,415.1746,1.335280667,404.9963333,24.51564667,2.620831333,2.485458333,21.79698,20.93155333,999.9965667,0.959994067,0.040005713,0,0.183,0,7044.715667,7946.863333,36.87913333,40,38.04753333,39.312,37.75,959.9903333,40.008,0,1752257555,0,1752257552,11:12:32,1752257552,1752257443,49,-0.011,0.006,-0.435,-0.145,405,25,0.29,0.18,-3.172331951,-0.145930035,0.037775578,0,1.343458293,-0.210128571,0.026866185,0,0,2,0/2,3.45382,2.78116,0.095846,0.096293,0.125276,0.11898,26992.1,30655.5,29016.9,34530.7,29368.4,37591.8,35730.6,45487,2.11157,2.09993,0.071153,0,30.7514,999.9,59.7,33.4,30.4233,61.513,25.008,2,0.193229,0,20.2905,5.21115,11.974,4.98955,3.272,4128.6,9999,9999,999.9,4.9727,1.86335,1.86524,1.86371,1.86371,1.86417,1.86065,1.8634,0,0,0,0,11111111,oooooooo,on,on,on,on,0,100,100,-0.435,-0.1057,-0.139819165,-0.001033731,9.12024E-07,-2.25E-10,-0.713975829,-0.018148581,0.00209196,-1.91E-05,2,2210,1,26,1.6,1.5,1.29395,2.41699,2.34741,2.65259,2.39868,2.30713,38.5014,14.6399,18,576.377,609.396,31.6985,30.3879,29.9998,30.1273,30.0556,25.9441,24.6626,99.6273,-999.9,405,24.6819,99.6444,99.5291
50,control,heat,07rec7,3.372637264,2.810473032,0.042921327,50,1752257627,6695,20250711 11:13:46,11:13:46,15,1752257619,0.001722854,1.722854362,4.99989678,400.7336333,282.2222772,28.63967599,40.66610734,0.076358037,3,0.075294535,0.047153402,161.9094282,32.59083999,32.35726333,4.872495757,54.90980696,2.636404902,4.801337044,2.236090855,-75.97787739,-42.10904584,-3.190322891,40.63218207,4.99989678,1.722854362,5.001170903,415.2507493,411.4030242,0.000536857,66.94009254,1.744431362,24.73141115,26.0032897,0.000606113,79.83490963,8,1,1,0,52698.45555,999.9535,841.1613802,0.841200496,0.161916957,6,0.5,1: Needles,2,FALSE,1752257619,400.7336333,405.0013333,25.97977,24.72120667,401.1316333,26.08263667,800.0050333,101.3789667,0.100180463,32.09690667,32.35726333,999.9,0,0,9997.560333,0,0.001553467,-4.302495667,411.3865667,415.2672,1.258560667,405.0013333,24.72120667,2.633802,2.506211667,21.87783667,21.06688333,999.9535,0.9599845,0.040015607,0,1.180333333,0,5283.86,7946.490333,36.875,40.0662,38.0662,39.25413333,37.75,959.9386667,40.01466667,0,1752257646,0,1752257644,11:14:03,1752257644,1752257443,50,0.037,0.006,-0.398,-0.145,405,25,0.37,0.18,-4.305013659,0.057788571,0.027746576,1,1.247449024,0.183628014,0.03534371,0,1,2,2-Jan,3.45379,2.78065,0.0956574,0.0962993,0.125543,0.119266,26999.9,30657.3,29019.1,34532.8,29361.5,37583.1,35733.4,45491.2,2.43218,2.10012,0.0962988,0,30.8269,999.9,59.6,33.6,30.7202,61.353,25.0881,2,0.190269,0,20.29,5.21115,11.974,4.98955,3.272,4131.3,9999,9999,999.9,4.97264,1.86337,1.86524,1.86371,1.86371,1.86417,1.86066,1.8634,0,0,0,0,11111111,oooooooo,on,on,on,on,0,100,100,-0.398,-0.1016,-0.150433617,-0.001033731,9.12024E-07,-2.25E-10,-0.713975829,-0.018148581,0.00209196,-1.91E-05,2,2210,1,26,1.2,3.1,1.29395,2.42554,2.34741,2.65015,2.39868,2.27295,38.5995,14.6224,18,827.444,609.262,31.8015,30.3619,29.9999,30.0868,30.0273,25.9516,24.9555,99.2548,-999.9,405,24.6654,99.6521,99.5371
51,control,heat,07rec7,3.684172401,4.512060346,0.060086121,51,1752257782,6850.5,20250711 11:16:22,11:16:22,15,1752257774,0.002247381,2.247380947,7.348288606,398.7945667,264.4094944,26.83260716,40.47017286,0.097855553,3,0.09611628,0.060226367,161.9152102,32.71148962,32.62855333,4.947617511,54.69041144,2.663777725,4.870648538,2.283839786,-99.10949978,-44.96368624,-3.415395704,14.42662851,7.348288606,2.247380947,7.342191799,415.2243131,409.5919394,-0.003996213,66.94004891,2.332502113,24.68647905,26.33873758,0.012827739,79.81958509,58,7,1,0,52701.79816,999.9962667,841.1967635,0.841199904,0.161915815,6,0.5,1: Needles,2,FALSE,1752257774,398.7945667,404.9781333,26.24896333,24.60762667,399.2115667,26.33847333,799.9783,101.3814667,0.09978771,32.35054667,32.62855333,999.9,0,0,10006.631,0,0.001579904,-6.161626667,409.5671667,415.1951333,1.641343333,404.9781333,24.60762667,2.661161,2.494760333,22.0472,20.99229,999.9962667,0.9600044,0.039995803,0,2.261166667,0,6077.751,7946.898,36.875,39.958,38,39.2437,37.7416,960,39.99666667,0,1752257802,0,1752257802,11:16:42,1752257802,1752257443,51,-0.019,0.006,-0.417,-0.145,405,25,0.33,0.18,-6.1594705,-0.027489906,0.021581821,1,1.6495925,-0.208754747,0.026794327,0,1,2,2-Jan,3.45376,2.78141,0.0953202,0.0963185,0.126627,0.119143,27012.1,30658.4,29021.3,34534.6,29326.9,37591.7,35736.2,45495.4,2.36215,2.09845,0.0930019,0,31.127,999.9,59.5,33.8,31.0083,61.593,25.1202,2,0.186723,0,20.2901,5.2113,11.974,4.98965,3.272,4136.1,9999,9999,999.9,4.97265,1.8634,1.86524,1.86373,1.86371,1.86417,1.86066,1.8634,0,0,0,0,11111111,oooooooo,on,on,on,on,0,100,100,-0.417,-0.0849,-0.113373372,-0.001033731,9.12024E-07,-2.25E-10,-0.713975829,-0.018148581,0.00209196,-1.91E-05,2,2210,1,26,2.3,5.7,1.29395,2.41699,2.34741,2.64893,2.39868,2.30225,38.7471,14.5961,18,765.638,607.419,31.9494,30.3224,30,30.0386,29.9758,25.9501,25.9499,98.1358,-999.9,405,24.6502,99.6598,99.5445
52,control,heat,07rec7,5.5,-3.482188349,-0.27439948,52,1752257992,7060,20250711 11:19:51,11:19:51,15,1752257984,-0.009373921,-9.373920855,-3.798750926,410.7274,372.6995886,37.81710879,41.6757175,-0.299344887,3,-0.316999033,-0.196452069,161.9209733,35.47200563,31.74548333,4.706724216,37.39616026,1.802471394,4.819937079,2.904252821,413.3899097,67.8967728,5.130364291,648.33802,-3.798750926,-9.373920855,-3.777130647,415.2649836,418.1655091,0.001200992,66.9400418,-9.228683682,24.64875075,17.82088364,0.007433217,79.79799676,800,100,1,0,52735.36309,1000.030067,841.2253465,0.841200054,0.161916105,6,0.5,1: Needles,2,FALSE,1752257984,410.7274,404.9906667,17.76392667,24.66957,411.1594,18.22919333,799.9894667,101.3786333,0.089438913,32.16528333,31.74548333,999.9,0,0,10007.23333,0,0.00152894,5.749923333,418.1688667,415.2342,-6.905649,404.9906667,24.66957,1.800882,2.500968,15.79441667,21.03279667,1000.030067,0.959999,0.040000733,0,1.693666667,0,5552.653,7947.146,36.687,39.75,37.875,38.875,37.562,960.0266667,40.003,0,1752258011,0,1752258016,11:20:16,1752258016,1752257443,52,-0.015,0.006,-0.432,-0.145,405,25,0.5,0.18,5.774148537,-0.46186223,0.051015756,0,-6.938193902,0.562387735,0.056710149,0,0,2,0/2,3.45374,2.77036,0.097373,0.0963401,0.0974845,0.119028,26953.2,30660.5,29024,34537.5,30317.5,37602.2,35742.6,45502.3,0.303225,2.0972,0.0657886,0,30.6564,999.9,59.2,34.3,31.7246,61.483,24.8277,2,0.181715,0,20.2904,5.21145,11.974,4.9896,3.272,4142.1,9999,9999,999.9,4.97267,1.8634,1.86535,1.86375,1.86371,1.86417,1.86066,1.86344,0,0,0,0,11111111,oooooooo,on,on,on,on,0,100,100,-0.432,-0.463,-0.132482382,-0.001033731,9.12024E-07,-2.25E-10,-0.713975829,-0.018148581,0.00209196,-1.91E-05,2,2210,1,26,3.2,9.2,1.29395,2.43042,2.34741,2.64893,2.39868,2.2998,38.9693,14.5698,18,-0.167555,605.599,31.8952,30.2523,29.9999,30.2115,29.8937,25.953,27.3795,95.5216,-999.9,405,24.6017,99.6738,99.5566
53,control,heat,07rec7,4.878636741,4.653007824,0.09820615,53,1752258132,7200.1,20250711 11:22:11,11:22:11,15,1752258124,0.002618767,2.618767342,5.722509878,399.9361667,310.1263706,31.4702018,40.58368802,0.120779007,3,0.118141248,0.074070474,161.913692,32.34991217,32.09355,4.800425564,54.89170376,2.633471336,4.797576238,2.166954228,-115.4876398,-1.69768888,-0.128447224,44.59991612,5.722509878,2.618767342,5.685691682,414.9433923,410.5785818,-0.001372383,66.94008524,2.664757519,23.96940149,25.96043455,-0.011120427,79.78538815,40,5,1,0,52736.90393,999.9835,841.1863086,0.841200188,0.161916364,6,0.5,1: Needles,2,FALSE,1752258124,399.9361667,405.0136667,25.95181667,24.03867,400.3251667,26.11081667,799.9822333,101.3756333,0.099780513,32.08305333,32.09355,999.9,0,0,10005.035,0,0.001554422,-5.118067667,410.5744,414.9895333,1.970757333,405.0136667,24.03867,2.636723333,2.436936,21.89599333,20.6113,999.9835,0.959994033,0.040005857,0,-0.256333333,0,5894.919,7946.764,36.5496,39.5746,37.7038,38.75,37.437,959.979,40.00566667,0,1752258152,0,1752258153,11:22:32,1752258149,1752258153,53,0.043,0.042,-0.389,-0.159,405,24,0.37,0.06,-5.109418293,-0.031744808,0.039751148,1,1.950533171,0.390147596,0.040550222,0,1,2,2-Jan,3.45337,2.78085,0.0955504,0.0963356,0.125441,0.116754,27011,30664.4,29027.1,34541.6,29373.7,37705.2,35744.9,45509.5,2.3907,2.0943,0.0852495,0,30.706,999.9,58.5,34.5,31.704,61.4139,25.3646,2,0.176921,0,20.2899,5.20666,11.974,4.9894,3.272,4146.5,9999,9999,999.9,4.97266,1.8634,1.86534,1.86377,1.86371,1.86417,1.86067,1.86342,0,0,0,0,11111111,oooooooo,on,on,on,on,0,100,100,-0.389,-0.159,-0.14743856,-0.001033731,9.12024E-07,-2.25E-10,-0.713975829,-0.018148581,0.00209196,-1.91E-05,2,2210,1,26,1.9,11.5,1.29395,2.42676,2.34741,2.64771,2.39868,2.31445,39.0683,14.5523,18,788.429,602.84,31.8783,30.2019,30,29.9074,29.8451,25.9416,29.1343,93.4717,-999.9,405,23.9848,99.6821,99.5707
54,control,heat,07rec7,6,10.54486447,0.176762164,54,1752258254,7322.1,20250711 11:24:13,11:24:13,15,1752258246,0.003377323,3.377322874,10.54486447,396.063129,287.2085799,29.14431703,40.19026661,0.176762164,3,0.171173321,0.107470741,161.9167236,32.10075854,31.17077419,4.555492906,54.87455705,2.624188753,4.782159336,1.931304153,-148.9399387,138.3474092,10.41705578,161.7412499,10.54486447,3.377322874,10.54760627,414.6750644,406.5869273,-0.003640546,66.94,3.429276318,23.39577404,25.89616364,0.001256,79.6987198,331,41,1,0,52715.71471,1000.008742,841.2069953,0.841199642,0.161915308,6,0.5,1: Needles,2,FALSE,1752258246,396.063129,404.975129,25.8606,23.39307742,396.443129,25.92922581,799.9886129,101.3743548,0.100040684,32.02616452,31.17077419,999.9,0,0,9999.030645,0,0.00156069,-8.917303226,406.5720645,414.6756774,2.467517419,404.975129,23.39307742,2.621601613,2.371459355,21.8017871,20.17019032,1000.008742,0.960011806,0.039988484,0,1.121451613,0,8910.546129,7947.022258,36.433,39.46545161,37.56606452,38.643,37.312,960.02,39.9883871,0,1752258273,0,1752258271,11:24:30,1752258271,1752258153,54,0.009,0.042,-0.38,-0.159,405,24,0.24,0.06,-8.919316829,0.031519443,0.02061765,1,2.450871463,0.323729059,0.032143825,0,1,2,2-Jan,3.45311,2.78086,0.0948413,0.0963368,0.125119,0.114822,27035.2,30667.8,29030.2,34545.3,29387.8,37793.3,35749.1,45516.4,1.90397,2.0931,0.0449643,0,30.4506,999.9,58.1,34.7,31.8371,62.0839,25.5649,2,0.172043,0,20.2897,5.20681,11.974,4.9884,3.27125,4149.9,9999,9999,999.9,4.97265,1.8634,1.86534,1.86375,1.86371,1.86417,1.86066,1.86343,0,0,0,0,11111111,oooooooo,on,on,on,on,0,100,100,-0.38,-0.0668,-0.10487562,-0.001033731,9.12024E-07,-2.25E-10,-0.671772369,-0.018148581,0.00209196,-1.91E-05,2,2210,1,26,1.8,1.7,1.29272,2.42188,2.34741,2.64648,2.39868,2.3291,39.1924,14.5348,18,446.969,601.381,31.8284,30.1535,30,29.8753,29.7935,25.9406,31.1538,91.2305,-999.9,405,23.3999,99.6932,99.5839
55,control,heat,07rec7,4.950439883,2.470101151,0.015872159,55,1752258374,7442.1,20250711 11:26:13,11:26:13,15,1752258366,0.000428528,0.428528262,2.993795957,402.6154839,143.1017402,14.52055442,40.85345177,0.019237271,3,0.019169001,0.011986739,161.9123268,33.11998093,32.2108871,4.832377195,54.51948293,2.647592754,4.856232325,2.184784442,-18.89809635,14.09764018,1.068371951,158.1802425,2.993795957,0.428528262,2.889401061,415.7424008,413.5077091,0.003084171,66.94040689,0.523712226,25.82175007,26.17979576,0.006133221,79.91057864,232,29,1,0,52650.03683,999.9732258,841.1778205,0.841200343,0.161916662,6,0.5,1: Needles,2,FALSE,1752258366,402.6154839,404.9902258,26.09233226,25.77932258,403.0414839,26.18933226,800.0013871,101.37,0.100145613,32.29805161,32.2108871,999.9,0,0,9995.770968,0,0.001585042,-2.327377742,413.4685161,415.706871,0.354920452,404.9902258,25.77932258,2.649229032,2.61325,21.97354194,21.74957097,999.9732258,0.959987161,0.040013248,0,2.602741935,0,5920.091613,7946.659677,36.56025806,39.58232258,37.641,38.86883871,37.407,959.9619355,40.01032258,0,1752258393,0,1752258393,11:26:33,1752258393,1752258390,55,-0.047,-0.031,-0.426,-0.097,405,26,0.3,0.16,-2.32463,-0.091986063,0.023515118,1,0.349454488,0.088481645,0.014901335,1,2,2,2-Feb,3.45428,2.78084,0.0960554,0.0963541,0.126035,0.123011,26998,30663.5,29029.3,34540.9,29355.9,37438.9,35747.9,45510.5,2.08452,2.09665,0.0793114,0,30.9693,999.9,57.7,34.9,31.9731,61.3339,25.3526,2,0.173908,0,20.29,5.21025,11.974,4.9894,3.272,4153.7,9999,9999,999.9,4.97268,1.8634,1.86539,1.86384,1.86374,1.86418,1.86066,1.86343,0,0,0,0,11111111,oooooooo,on,on,on,on,0,100,100,-0.426,-0.097,-0.095445402,-0.001033731,9.12024E-07,-2.25E-10,-0.671772369,-0.018148581,0.00209196,-1.91E-05,2,2210,1,26,1.7,3.7,1.29639,2.43408,2.34863,2.64771,2.39868,2.29004,39.3667,14.5085,18,556.074,604.291,31.8904,30.164,30.0006,29.874,29.808,26.0024,24.5691,90.0985,-999.9,405,25.8428,99.69,99.5711
56,control,heat,07rec7,2.988593156,1.59755832,0.015059083,56,1752258486,7554.6,20250711 11:28:06,11:28:06,15,1752258478,0.000650623,0.65062265,3.207311742,402.4036129,221.0673582,22.43277937,40.83385056,0.030233121,3,0.030064871,0.018805583,161.9169228,33.15443693,32.04863871,4.788244694,54.76128169,2.672998079,4.881182464,2.115246615,-28.69245885,55.01945683,4.16811723,192.412038,3.207311742,0.65062265,3.156464426,415.7483862,413.316703,0.000451828,66.94,0.691738711,25.8735551,26.37700909,0.000416525,79.81372848,68,9,1,0,52629.78826,1000.010355,841.2083199,0.841199609,0.161915246,6,0.5,1: Needles,2,FALSE,1752258478,402.4036129,405.0054194,26.34148065,25.86637419,402.8226129,26.43848065,800.0113871,101.3747419,0.100118748,32.38881935,32.04863871,999.9,0,0,9994.372903,0,0.001602919,-2.607779677,413.2955484,415.7596129,0.502046677,405.0054194,25.86637419,2.673092903,2.622196774,22.12062258,21.80552258,1000.010355,0.960014742,0.039985377,0,0.708387097,0,4560.712903,7947.053226,36.687,39.937,37.875,39.133,37.60467742,960.0235484,39.98741935,0,1752258506,0,1752258504,11:28:24,1752258503,1752258504,56,0.007,-0.004,-0.419,-0.097,405,26,0.27,0.15,-2.607526829,-0.066038885,0.019154247,1,0.497592366,0.054369408,0.022163961,1,2,2,2-Feb,3.45432,2.78104,0.0959927,0.0963354,0.126709,0.12305,26992.6,30657,29021.8,34533.6,29325.8,37430.8,35738.3,45502.5,2.3483,2.0933,0.0438839,0,31.3551,999.9,57.5,35.1,32.2142,61.7039,25.3005,2,0.185473,0,20.2896,5.2107,11.974,4.9891,3.272,4157.1,9999,9999,999.9,4.9727,1.8634,1.86539,1.86386,1.86377,1.86425,1.86071,1.86352,0,0,0,0,11111111,oooooooo,on,on,on,on,0,100,100,-0.419,-0.097,-0.141945064,-0.001033731,9.12024E-07,-2.25E-10,-0.69977241,-0.018148581,0.00209196,-1.91E-05,2,2210,1,26,1.6,1.6,1.29639,2.43774,2.34741,2.64771,2.39868,2.30347,39.5917,14.4998,18,753.208,602.735,32.0677,30.3077,30.0005,29.9757,29.9114,26.0114,25.215,89.7278,-999.9,405,25.9389,99.6638,99.552
57,control,heat,07rec7,4.636013922,2.074180694,0.060142364,57,1752258620,7688.6,20250711 11:30:20,11:30:20,15,1752258612,0.001687748,1.68774781,2.684436323,402.4530323,333.6656033,33.85787834,40.83790978,0.077837166,3,0.076732384,0.048055694,161.9171828,32.96535605,32.19287097,4.827459293,54.63764688,2.678090008,4.901547121,2.149369285,-74.42967843,43.62593822,3.308518761,134.4219613,2.684436323,1.68774781,2.736997262,415.4553932,413.3458848,0.001152277,66.94,1.771552876,25.16990714,26.4476503,0.003953523,79.83774924,112,14,1,0,52618.5357,1000.002968,841.2028603,0.841200364,0.161916702,6,0.5,1: Needles,2,FALSE,1752258612,402.4530323,404.9757097,26.39227742,25.1599129,402.8360323,26.46155806,800.025129,101.3722581,0.10022819,32.46260645,32.19287097,999.9,0,0,9994.917419,0,0.001587507,-2.558039355,413.3262581,415.4277742,1.23236871,404.9757097,25.1599129,2.675443871,2.550516129,22.13504839,21.35249677,1000.002968,0.959987129,0.040013155,0,-0.192419355,0,5277.012581,7946.887419,36.73374194,39.937,37.937,39.19919355,37.59248387,959.9909677,40.01225806,0,1752258640,0,1752258637,11:30:36,1752258637,1752258504,57,0.036,-0.004,-0.383,-0.097,405,26,0.28,0.15,-2.540110976,-0.291413728,0.042946832,0,1.234268537,0.089028084,0.033568562,1,1,2,2-Jan,3.45405,2.77993,0.0959647,0.0963094,0.126911,0.120788,26990,30655.4,29018.4,34531.2,29315.8,37527.4,35733.9,45502.4,2.2815,2.08888,0.0532717,0,31.3548,999.9,57.1,35.4,32.5269,61.5639,25.3526,2,0.192096,0,20.2894,5.20651,11.974,4.98805,3.27132,4160.8,9999,9999,999.9,4.97272,1.8634,1.86539,1.86386,1.8638,1.86429,1.86072,1.86356,0,0,0,0,11111111,oooooooo,on,on,on,on,0,100,100,-0.383,-0.0663,-0.135179548,-0.001033731,9.12024E-07,-2.25E-10,-0.70021241,-0.018148581,0.00209196,-1.91E-05,2,2210,1,26,1.9,1.9,1.29639,2.42676,2.34741,2.64771,2.39868,2.3291,39.8177,14.491,18,700.009,600.122,32.1513,30.4021,30.0005,30.0635,29.9929,26.0047,27.134,88.2322,-999.9,405,25.3159,99.6518,99.5489
1,high,control,07rec7,2.348514851,0.802179644,0.020419468,58,1752258802,7870.1,20250711 11:33:21,11:33:21,15,1752258794,0.001118479,1.118478619,2.049413425,403.1593871,327.1538199,33.19783719,40.91047966,0.05216778,3,0.051669004,0.032337543,161.9181578,33.15418119,32.16819355,4.820730114,55.05966523,2.705568654,4.913885042,2.115161461,-49.32490709,54.82641708,4.158351406,171.5780192,2.049413425,1.118478619,1.887198976,415.749202,414.2924485,0.001145334,66.94020914,1.161169014,25.78432733,26.65245273,-0.005139889,79.87783523,456,57,1,0,52616.33701,1000.009871,841.2085934,0.84120029,0.16191656,6,0.5,1: Needles,2,FALSE,1752258794,403.1593871,405.0346129,26.66249355,25.8460129,403.5703871,26.75949355,800.012,101.3745161,0.100188352,32.50718065,32.16819355,999.9,0,0,9995.770323,0,0.00157826,-1.846734516,414.2509355,415.7809355,0.859875258,405.0346129,25.8460129,2.707298065,2.620127742,22.32947742,21.79254516,1000.009871,0.95998829,0.040011581,0,2.686290323,0,5819.422903,7946.950323,36.879,40.25,38.141,39.375,37.81,959.9983871,40.01,0,1752258821,0,1752258823,11:33:43,1752258823,1752258819,58,-0.028,0.002,-0.411,-0.097,405,26,0.37,0.14,-1.839515854,-0.006477282,0.030207291,1,0.807112878,0.824958585,0.0947388,0,1,2,2-Jan,3.45444,2.78055,0.0960713,0.0962787,0.127477,0.122671,26978.3,30647.3,29009.9,34521.6,29288.2,37438,35722.7,45491.1,1.63317,2.08472,0.051856,0,31.3428,999.9,56.6,35.7,32.7809,61.344,25.3886,2,0.207302,0,20.2893,5.2098,11.974,4.9893,3.272,4166.6,9999,9999,999.9,4.9727,1.86348,1.86543,1.86387,1.86385,1.8643,1.8608,1.86356,0,0,0,0,11111111,oooooooo,on,on,on,on,0,100,100,-0.411,-0.097,-0.099026629,-0.001033731,9.12024E-07,-2.25E-10,-0.70021241,-0.018148581,0.00209196,-1.91E-05,2,2210,1,26,2.8,5,1.29761,2.43774,2.34741,2.64771,2.39868,2.34741,40.146,14.456,18,316.574,598.531,32.267,30.5847,30.0004,30.2584,30.1544,26.0248,26.6226,85.9875,-999.9,405,25.6968,99.6214,99.523
2,high,control,07rec7,1.541254125,0.608659382,0.00769816,59,1752259802,8870.1,20250711 11:50:01,11:50:01,15,1752259794,0.000724831,0.724831036,2.369470569,402.9887667,262.9366108,26.67493523,40.883235,0.029968424,3,0.029803098,0.018641714,161.9144919,33.56853224,33.206,5.110879184,54.76051195,2.739003871,5.001786458,2.371875313,-31.96504869,-62.11309344,-4.742388023,63.09396171,2.369470569,0.724831036,2.441191826,416.0188897,414.1406182,-0.000746114,66.94010946,0.736552555,26.45680114,26.99464667,-8.03E-05,79.8550803,84,11,1,0,52601.74383,999.9869333,841.1893231,0.841200315,0.161916608,6,0.5,1: Needles,2,FALSE,1752259794,402.9887667,404.9850333,26.99854333,26.46957333,403.3897667,27.04154333,799.9640667,101.3505333,0.099527763,32.82196,33.206,999.9,0,0,10006.08333,0,0.001554422,-2.005760667,414.1638333,415.9961333,0.535619433,404.9850333,26.46957333,2.736992,2.682706667,22.50891333,22.17957667,999.9869333,0.959991133,0.040008673,0,1.8855,0,3782.852,7946.782667,37.125,40.5,38.333,39.437,38,959.9776667,40.01,0,1752259821,0,1752259821,11:50:21,1752259821,1752259820,59,0.011,0.022,-0.401,-0.043,405,26,0.24,0.18,-2.0082125,0.024767505,0.019726921,1,0.532557125,0.070567441,0.007866916,1,2,2,2-Feb,3.45462,2.78077,0.0959541,0.0962082,0.128465,0.124757,26973.2,30642.3,29001.2,34514.1,29247.1,37356.9,35712.2,45500.3,2.31842,2.07243,0.0987388,0,31.624,999.9,52.3,37.3,33.0714,61.394,25.4808,2,0.222805,0,20.2889,5.2083,11.974,4.98855,3.27163,4197,9999,9999,999.9,4.97271,1.86355,1.86554,1.86401,1.86387,1.86436,1.86081,1.86357,0,0,0,0,11111111,oooooooo,on,on,on,on,0,100,100,-0.401,-0.043,-0.127245481,-0.001033731,9.12024E-07,-2.25E-10,-0.697891908,-0.018148581,0.00209196,-1.91E-05,2,2210,1,26,16.3,16.4,1.30249,2.44873,2.34863,2.64526,2.39868,2.33154,41.1705,14.3247,18,734.484,591.634,32.4706,30.776,30.0002,30.4752,30.4154,26.1189,24.9017,77.0255,-999.9,405,26.5534,99.5919,99.5251
3,high,control,07rec7,4.597189696,2.473415054,0.048093731,60,1752259909,8977.5,20250711 11:51:49,11:51:49,15,1752259901,0.001415595,1.415595247,3.228165751,402.1360323,306.1257401,31.05688147,40.79725895,0.062769302,3,0.062048715,0.0388445,161.9136697,33.4569666,32.71471613,4.971686423,54.68829831,2.745175747,5.019676662,2.226510676,-62.42775041,27.61146557,2.103740714,129.2011256,3.228165751,1.415595247,3.392513691,415.8143746,413.2049818,-0.000901914,66.94068403,1.465070718,26.01072519,27.08141636,-0.000411066,79.90522361,82,10,1,0,52528.07076,999.9856774,841.187946,0.841199994,0.161915989,6,0.5,1: Needles,2,FALSE,1752259901,402.1360323,404.984129,27.05902581,26.02604839,402.4280323,27.0431,799.9926774,101.3513548,0.100033939,32.88543548,32.71471613,999.9,0,0,9993.55,0,0.001568705,-2.955426774,413.2097742,415.8059677,1.032967419,404.984129,26.02604839,2.742469677,2.637777742,22.54182581,21.90254839,999.9856774,0.960003,0.0399973,0,1.254677419,0,5083.415806,7946.809677,37.308,40.7256129,38.526,39.629,38.163,959.9893548,39.99935484,0,1752259929,0,1752259932,11:52:12,1752259932,1752259820,60,0.108,0.022,-0.292,-0.043,405,26,0.33,0.18,-2.94323975,-0.284371745,0.033967842,0,1.03852425,0.096320961,0.033778431,1,1,2,2-Jan,3.4545,2.78069,0.0957496,0.0961621,0.128544,0.12337,26972.7,30637.2,28994.5,34507.2,29237.6,37411,35703.3,45494,2.3201,2.06785,0.0541061,0,31.8772,999.9,51.9,37.4,33.0004,61.124,25.4447,2,0.234078,0,20.2885,5.20486,11.974,4.98775,3.27125,4200.1,9999,9999,999.9,4.97273,1.86356,1.86554,1.86401,1.86391,1.86443,1.86081,1.86363,0,0,0,0,11111111,oooooooo,on,on,on,on,0,100,100,-0.292,0.0171,-0.116410571,-0.001033731,9.12024E-07,-2.25E-10,-0.64570241,-0.018148581,0.00209196,-1.91E-05,2,2210,1,26,1.5,1.5,1.30127,2.44385,2.34863,2.64648,2.39868,2.32666,41.3261,14.3072,18,737.188,589.248,32.5266,30.8907,30.0007,30.5873,30.53,26.1129,25.5927,76.2661,-999.9,405,26.1927,99.5678,99.5086
38,control,control,06rec1,4.753176044,3.605697625,0.100687312,38,1750701620,6757,20250623 11:00:20,11:00:20,15,1750701612,0.001461265,1.461264594,4.551522087,401.1101667,335.7461955,34.10233878,40.7414737,0.127098989,3,0.124181549,0.077870011,161.9168751,23.70203345,22.39086,2.717423412,54.41696519,1.547303533,2.843421215,1.17011988,-64.44176861,120.8971209,8.33384115,226.7060685,4.551522087,1.461264594,4.430018353,410.7963927,407.4169152,0.002704071,66.95699696,1.453875643,14.21056826,15.27330667,0.002695001,79.23023352,315,39,1,0,54433.96942,1000.001867,841.201867,0.841200297,0.161916573,6,0.5,1: Needles,2,FALSE,1750701612,401.1101667,404.9633333,15.23359667,14.15436333,399.0491667,15.11503,800.0147333,101.4718333,0.099946893,23.13835667,22.39086,999.9,0,0,10015.13133,0,0.00152894,-3.807441333,407.3616,410.7777667,1.079224,404.9633333,14.15436333,1.545779667,1.436268667,13.42864,12.30594,1000.001867,0.959991533,0.0400088,0,1.261833333,0,5450.427667,7946.903667,37.96226667,41.15806667,39.3498,40.94566667,37.9706,959.9926667,40.01,0,1750701637,0,1750701638,11:00:37,1750701638,1750701515,35,-0.044,0,2.061,0.099,405,15,0.45,0.12,-3.823469,0.226312795,0.034062359,0,1.104347,-0.488886979,0.05000386,0,0,2,0/2,3.44783,2.78119,0.0975315,0.0985627,0.0869954,0.0823892,27329.6,31061.6,29404.9,35034.5,31049.9,39931.2,36203.2,46404.9,2.01565,2.29935,0.0890493,0,20.9307,999.9,55.3,25.2,17.5353,61.7764,26.5345,2,-0.485739,0,20.2943,5.21564,11.968,4.99165,3.27198,2835.7,9999,9999,999.9,4.97258,1.86249,1.86426,1.86266,1.86269,1.86328,1.85978,1.86264,0,0,0,0,11111111,oooooooo,on,on,on,on,0,100,100,2.061,0.1198,2.388343417,-0.001033731,9.12024E-07,-2.25E-10,-0.0191485,-0.018148581,0.00209196,-1.91E-05,2,2210,1,26,1.8,1.8,1.26465,2.38892,2.34863,2.75269,2.39868,2.25342,29.3039,13.4403,18,440.644,660.512,22.1614,21.0418,30.0001,20.9293,20.874,25.3611,22.9485,13.5411,-999.9,405,14.3328,100.969,101.298
39,control,control,06rec1,5.068599034,6.418131263,0.12773717,39,1750702028,7164.5,20250623 11:07:07,11:07:07,15,1750702020,0.001783684,1.783683656,7.597520995,398.7722581,309.6117562,31.44889414,40.50539516,0.151210031,3,0.147099983,0.092297456,161.9129059,23.71655466,22.71059032,2.77070606,54.72973503,1.565328141,2.860105463,1.205377919,-78.66044925,84.84096658,5.860728791,173.954152,7.597520995,1.783683656,7.571703059,410.7592069,405.002103,-0.000812319,66.95990893,1.77525841,14.08685375,15.39847576,-0.000169754,79.19109167,5,1,1,0,54357.36521,999.9835484,841.1859379,0.841199777,0.16191557,6,0.5,1: Needles,2,FALSE,1750702020,398.7722581,405.0038065,15.41052581,14.09339032,396.7202581,15.28643548,800.0070645,101.4752903,0.099968094,23.23515484,22.71059032,999.9,0,0,10003.4871,0,0.00152894,-6.219839032,405.0254194,410.7932258,1.317128387,405.0038065,14.09339032,1.563786774,1.430130645,13.60650968,12.24092581,999.9835484,0.960007581,0.039992258,0,-0.197258065,0,8466.315161,7946.815161,37.54416129,40.64293548,38.90303226,40.26183871,37.56022581,959.9922581,39.99193548,0,1750702044,0,1750702048,11:07:28,1750702048,1750701515,36,-0.009,0,2.052,0.099,405,15,0.52,0.12,-6.210389268,-0.067936934,0.036235423,1,1.320497317,-0.05938223,0.0063123,1,2,2,2-Feb,3.44786,2.78054,0.0971005,0.0985673,0.0875143,0.0817786,27344.6,31063.2,29406.9,35036.4,31034.8,39961.2,36206.6,46408.9,2.54798,2.29953,0.09574,0,21.1496,999.9,55.8,25.2,17.6951,61.6964,26.3261,2,-0.488979,0,20.2943,5.21519,11.968,4.9916,3.27195,2848.7,9999,9999,999.9,4.97258,1.86252,1.86432,1.86279,1.86279,1.86337,1.85989,1.86264,0,0,0,0,11111111,oooooooo,on,on,on,on,0,100,100,2.052,0.1237,2.344155654,-0.001033731,9.12024E-07,-2.25E-10,-0.0191485,-0.018148581,0.00209196,-1.91E-05,2,2210,1,26,6.5,8.6,1.26465,2.38403,2.34863,2.75146,2.39868,2.26196,29.3676,13.344,18,795.684,660.255,22.2539,21.0008,30,20.8855,20.8442,25.3576,25.4893,21.4962,-999.9,405,14.1852,100.977,101.305
40,control,control,06rec1,5.37751916,9.646976847,0.284690255,40,1750702157,7294,20250623 11:09:17,11:09:17,15,1750702149,0.003651139,3.651138909,10.76367361,395.7974839,331.8332409,33.70663376,40.20393133,0.317644899,3,0.300072997,0.189043338,161.9153589,23.32886915,22.64897097,2.760366743,53.92765589,1.55065522,2.875435978,1.209711523,-161.0152259,109.1222357,7.5390857,117.5614545,10.76367361,3.651138909,10.75283312,410.1475444,401.9918545,-0.003370232,66.95779162,3.757518689,12.63826105,15.40492667,0.001978927,79.2180802,583,73,1,0,54283.12685,999.9929355,841.1943178,0.841200261,0.161916503,6,0.5,1: Needles,2,FALSE,1750702149,395.7974839,404.9540968,15.26580645,12.56924839,393.7794839,15.24380645,799.9979032,101.476871,0.10015509,23.32366452,22.64897097,999.9,0,0,9992.193226,0,0.00152894,-9.118908065,402.0127419,410.1087742,2.797257419,404.9540968,12.56924839,1.559345806,1.27548871,13.56280968,10.51295806,999.9929355,0.959992774,0.040007335,0,0.89483871,0,13039.66129,7946.836774,38.52196774,41.5803871,39.86070968,41.66912903,38.50583871,959.9841935,40.0083871,0,1750702174,0,1750702186,11:09:45,1750702181,1750702186,37,-0.033,-0.025,2.018,0.022,405,13,0.24,0.03,-9.08588975,-0.650522814,0.072979992,0,2.83432625,-0.703771295,0.071624761,0,0,2,0/2,3.44706,2.78069,0.0965406,0.0985601,0.0875462,0.0755075,27361.4,31063.3,29406.8,35036.2,31033.6,40235.5,36206.6,46409.3,1.34993,2.29562,0.100002,0,21.0111,999.9,55.7,25.2,17.6621,62.1664,26.6186,2,-0.488509,0,20.2941,5.21355,11.968,4.9915,3.27168,2852.6,9999,9999,999.9,4.9726,1.86257,1.86432,1.86278,1.86279,1.8634,1.85987,1.86264,0,0,0,0,11111111,oooooooo,on,on,on,on,0,100,100,2.018,0.022,2.334994016,-0.001033731,9.12024E-07,-2.25E-10,-0.0191485,-0.018148581,0.00209196,-1.91E-05,2,2210,1,26,1.8,10.7,1.26343,2.39258,2.34863,2.75391,2.39868,2.26562,29.3889,13.3002,18,186.868,657.071,22.2567,21.0061,30,20.9261,20.8406,25.3296,31.6387,20.3105,-999.9,405,12.7912,100.977,101.305
41,control,control,06rec1,4.867826087,2.980636768,0.094684042,41,1750702289,7425.5,20250623 11:11:28,11:11:28,15,1750702281,0.001425726,1.425726338,3.673882405,401.8045806,343.0916664,34.85150143,40.81560203,0.116705947,3,0.11424114,0.07161783,161.9151411,23.91933212,22.9524,2.811608238,54.56739756,1.571232359,2.879434294,1.240375879,-62.8745315,63.76937443,4.413015885,167.2229999,3.673882405,1.425726338,3.659344435,410.9008668,408.0923697,0.006936789,66.95414299,1.457884021,14.42435787,15.49801152,0.000684775,79.2791811,40,5,1,0,54342.19365,999.9986129,841.1985045,0.841199671,0.161915366,6,0.5,1: Needles,2,FALSE,1750702281,401.8045806,404.9895806,15.46781935,14.41508387,399.7355806,15.36647097,800.0149032,101.4808387,0.099889813,23.34668065,22.9524,999.9,0,0,10003.93129,0,0.00152894,-3.23422871,408.0673226,410.913,1.052747742,404.9895806,14.41508387,1.569687097,1.462854516,13.6643871,12.58533548,999.9986129,0.960012645,0.039987419,0,0.495,0,5905.87129,7946.949677,36.38487097,38.41706452,37.70541935,37.79212903,36.52796774,960.0106452,39.98903226,0,1750702305,0,1750702306,11:11:45,1750702306,1750702186,38,0.05,-0.025,2.069,0.022,405,13,0.34,0.03,-3.227808,-0.018383415,0.034161575,1,1.043048575,0.239157377,0.023580933,0,1,2,2-Jan,3.44787,2.78087,0.0976674,0.0985734,0.0880289,0.0832287,27324.6,31060.7,29404,35034,31014.2,39895.5,36203.3,46406.1,2.4967,2.29883,0.111688,0,21.1273,999.9,55.8,25.2,17.6924,61.5164,26.3902,2,-0.485168,0,20.2927,5.21459,11.968,4.99165,3.27198,2856.7,9999,9999,999.9,4.97255,1.86254,1.86432,1.86278,1.86279,1.8634,1.85984,1.86264,0,0,0,0,11111111,oooooooo,on,on,on,on,0,100,100,2.069,0.1023,2.301624781,-0.001033731,9.12024E-07,-2.25E-10,-0.044480622,-0.018148581,0.00209196,-1.91E-05,2,2210,1,26,1.8,1.7,1.26465,2.38525,2.34741,2.75269,2.39868,2.27783,29.4314,13.2564,18,753.991,660.117,22.2983,21.0508,30.0001,20.9191,20.8762,25.3626,23.4067,20.3818,-999.9,405,14.488,100.968,101.298
42,control,control,06rec1,4.041322314,2.121819433,0.182260707,42,1750702431,7567.5,20250623 11:13:50,11:13:50,15,1750702423,0.0032517,3.251700372,3.150185906,401.6349677,374.4319893,38.03655313,40.79995894,0.270595651,3,0.257730477,0.162186451,161.9165965,23.30613768,22.89521935,2.801888728,54.23036648,1.547666821,2.853874907,1.254221907,-143.3999864,49.14270101,3.397282863,71.05659395,3.150185906,3.251700372,3.091850108,410.2665166,407.9173515,1.98724E-05,66.95470216,3.220992604,12.89606076,15.26961939,0.00131366,79.26937699,12,1,1,0,54341.37313,1000.005903,841.2047796,0.841199814,0.161915641,6,0.5,1: Needles,2,FALSE,1750702423,401.6349677,404.9771935,15.23523871,12.83355484,399.6089677,15.14117742,799.9787097,101.4847097,0.099968484,23.19906452,22.89521935,999.9,0,0,9998.180645,0,0.00152894,-3.29817,407.8933226,410.2419355,2.401681613,404.9771935,12.83355484,1.54614129,1.302408065,13.43225484,10.82657742,1000.005903,0.960005,0.0399946,0,0.900645161,0,8614.563226,7946.977419,37.05222581,40.13474194,38.41509677,39.45741935,37.1106129,960.0080645,39.99387097,0,1750702447,0,1750702452,11:14:11,1750702452,1750702186,39,-0.043,-0.025,2.026,0.022,405,13,0.52,0.03,-3.295273659,0.005220836,0.023303771,1,2.421925122,-0.413067805,0.041379577,0,1,2,2-Jan,3.44728,2.78034,0.0976271,0.0985404,0.087089,0.0767451,27321.9,31057.8,29400,35029.8,31042.2,40173.8,36197.7,46400.3,2.53713,2.2925,0.109717,0,21.1082,999.9,55.8,25.2,17.693,61.8364,26.3742,2,-0.479004,0,20.2939,5.2113,11.9682,4.9904,3.2712,2860.9,9999,9999,999.9,4.97261,1.8625,1.86432,1.86279,1.86279,1.86339,1.85986,1.86267,0,0,0,0,11111111,oooooooo,on,on,on,on,0,100,100,2.026,0.0952,2.351717741,-0.001033731,9.12024E-07,-2.25E-10,-0.044480622,-0.018148581,0.00209196,-1.91E-05,2,2210,1,26,2.1,4.1,1.26343,2.38647,2.34863,2.75269,2.39868,2.25952,29.4527,13.2039,18,788.191,655.95,22.2868,21.1325,30.0002,20.9903,20.9453,25.3302,30.3009,19.1993,-999.9,405,13.0897,100.953,101.286
43,control,control,06rec1,6,10.50585679,0.891903171,43,1750702576,7712.5,20250623 11:16:15,11:16:15,15,1750702568,0.008175628,8.175627611,10.50585679,394.6875484,366.836482,37.26452848,40.09373689,0.891903171,3,0.766740755,0.488987568,161.9190304,22.02839259,21.75184839,2.613613511,54.47794565,1.552658029,2.850067142,1.060955482,-360.5451776,230.4941474,15.84046456,47.70846476,10.50585679,8.175627611,10.65282824,408.7685659,400.7543818,-0.014448219,66.95560147,8.161155362,9.310700357,15.32783697,0.002393124,79.24847081,426,53,1,0,54397.2026,1000.013839,841.2120503,0.841200409,0.16191679,6,0.5,1: Needles,2,FALSE,1750702568,394.6875484,404.9868065,15.28455161,9.246697097,392.6573226,15.18895161,800.0192903,101.4834194,0.100066239,23.17697419,21.75184839,999.9,0,0,10008.24581,0,0.00152894,-10.29923871,400.8138065,408.7665161,6.037854516,404.9868065,9.246697097,1.551127097,0.938385258,13.48164194,5.993056452,1000.013839,0.959986323,0.040013823,0,1.724193548,0,9583.317419,7946.977097,38.21748387,41.29809677,39.53609677,41.26990323,38.2316129,959.9996774,40.01419355,0,1750702593,0,1750702452,11:14:11,1750702452,1750702186,39,-0.043,-0.025,2.026,0.022,405,13,0.52,0.03,-10.27811,-0.347110694,0.049501549,0,6.08128575,-0.681606191,0.072207037,0,0,2,0/2,3.4453,2.78077,0.0962881,0.0984944,0.0873135,0.0599766,27359.6,31058.6,29397.3,35029.5,31032.1,40906.7,36195,46400.1,1.7653,2.28258,0.0339262,0,21.2069,999.9,55.6,25.3,17.7352,61.3164,26.6867,2,-0.475109,0,20.2946,5.21639,11.968,4.9918,3.27198,2865.5,9999,9999,999.9,4.97258,1.86255,1.86432,1.86277,1.86279,1.8634,1.85986,1.86264,0,0,0,0,11111111,oooooooo,on,on,on,on,0,100,100,2.03,0.0971,2.309083166,-0.001033731,9.12024E-07,-2.25E-10,-0.044480622,-0.018148581,0.00209196,-1.91E-05,2,2210,1,26,2.1,6.5,1.25977,2.38281,2.34863,2.75024,2.39868,2.27295,29.4739,13.1426,18,326.449,648.746,22.3306,21.1997,30.0002,21.0684,21,25.2545,46.2438,15.2092,-999.9,405,9.38701,100.944,101.285
44,control,control,06rec1,3.708516242,2.921754459,0.126984604,44,1750702796,7933,20250623 11:19:56,11:19:56,15,1750702788,0.001711267,1.711266604,4.727099899,400.8118,357.583778,36.32238148,40.71336564,0.205448103,3,0.19793955,0.12436397,161.9099579,23.80605279,20.325,2.394259041,53.37189372,1.533059583,2.872409944,0.861199458,-75.46685722,482.1716762,32.91957277,601.5343496,4.727099899,1.711266604,4.712289634,410.661337,407.0646848,0.003783143,66.95621752,1.941713697,13.9675209,15.30635576,0.023319729,79.24128308,91,11,1,0,54369.53237,999.9682,841.172787,0.841199537,0.161915107,6,0.5,1: Needles,2,FALSE,1750702788,400.8118,404.8713667,15.09254667,13.82852333,398.7518,15.00954667,800.0355,101.4772667,0.099996373,23.30622667,20.325,999.9,0,0,10008.122,0,0.00152894,-4.091931,406.9237667,410.5486667,1.270924,404.8713667,13.82852333,1.53225,1.403281,13.29310667,11.95253667,999.9682,0.9600159,0.03998434,0,2.584833333,0,5471.873667,7946.714,36.10806667,38.5206,37.47893333,37.53726667,36.28726667,959.9856667,39.98333333,0,1750702813,0,1750702820,11:20:20,1750702820,1750702814,40,0.034,0.024,2.06,0.083,405,14,0.11,0.06,-4.079759756,-0.275163763,0.056971599,0,1.298916585,-0.277958467,0.069385186,0,0,2,0/2,3.4477,2.7806,0.0974379,0.0985101,0.0872305,0.0814286,27323.2,31055.2,29395.6,35026.3,31033.1,39965.1,36192.7,46395.3,2.41507,2.29287,-0.0592321,0,21.386,999.9,55.4,25.3,17.6716,61.5364,26.2981,2,-0.471819,0,20.2944,5.21654,11.968,4.9917,3.27192,2872.1,9999,9999,999.9,4.97258,1.86261,1.86434,1.86279,1.86279,1.8634,1.85989,1.86264,0,0,0,0,11111111,oooooooo,on,on,on,on,0,100,100,2.06,0.083,2.309083166,-0.001033731,9.12024E-07,-2.25E-10,-0.044480622,-0.018148581,0.00209196,-1.91E-05,2,2210,1,26,5.7,10.2,1.26343,2.38159,2.34741,2.75269,2.39868,2.25952,29.623,13.0463,18,693.259,657.878,22.3981,21.2549,30.0001,21.116,21.0682,25.3396,25.0475,13.8893,-999.9,405,14.1233,100.938,101.275
45,control,control,06rec1,4.687576375,5.126475968,0.889741636,45,1750702987,8123.5,20250623 11:23:06,11:23:06,15,1750702979,0.007250732,7.250731663,6.561782326,397.8612667,382.3164625,38.8345556,40.41355002,1.138850739,3,0.942871414,0.604073999,161.9112467,22.34066388,19.75613667,2.311409635,53.96321716,1.545105544,2.86325691,0.76630409,-319.7572664,565.6306869,38.49596246,446.2806297,6.561782326,7.250731663,6.679561896,409.0185559,403.9617152,-0.00077028,66.95575192,7.16845582,9.989788743,15.25645697,0.006767513,79.24759981,1,0,1,0,54368.491,999.9738333,841.177721,0.841199732,0.161915484,6,0.5,1: Needles,2,FALSE,1750702979,397.8612667,404.9461333,15.21117667,9.855891667,395.7582667,15.09428,800.0066667,101.4772333,0.099756943,23.25338333,19.75613667,999.9,0,0,10006.06433,0,0.00152894,-7.124743,403.9661667,408.9769667,5.355279,404.9461333,9.855891667,1.543586333,1.000148,13.40685333,6.917894667,999.9738333,0.960009167,0.039990653,0,2.759666667,0,6599.495667,7946.735333,37.8435,41.0123,39.2101,40.71016667,37.87056667,959.983,39.99,0,1750703004,0,1750703010,11:23:30,1750703010,1750702814,41,0.043,0.024,2.103,0.083,405,14,0.26,0.06,-7.10143725,-0.318377674,0.046779108,0,5.37851675,-0.714829306,0.073927823,0,0,2,0/2,3.4459,2.78104,0.0968473,0.0984594,0.0868834,0.0633877,27336.6,31056,29391,35025.7,31039.4,40753.2,36185.8,46395.1,2.5489,2.28095,-0.0877939,0,21.2597,999.9,55,25.4,17.6484,61.6164,26.4904,2,-0.468674,0,20.2944,5.2131,11.9683,4.9915,3.272,2877.9,9999,9999,999.9,4.97259,1.86263,1.86435,1.86279,1.86279,1.8634,1.85989,1.86268,0,0,0,0,11111111,oooooooo,on,on,on,on,0,100,100,2.103,0.1183,2.3432526,-0.001033731,9.12024E-07,-2.25E-10,-0.020159021,-0.018148581,0.00209196,-1.91E-05,2,2210,1,26,2.8,2.9,1.25977,2.39746,2.34863,2.75024,2.39868,2.24365,29.7083,12.9675,18,800.724,648.998,22.4333,21.3018,30.0003,21.1623,21.1183,25.258,42.4444,8.56549,-999.9,405,10.1994,100.921,101.274
46,control,control,06rec1,4.963249516,8.292812171,0.230849256,46,1750703101,8237.4,20250623 11:25:00,11:25:00,15,1750703093,0.002721378,2.72137806,10.02505977,396.6148387,330.6792119,33.5903124,40.28803702,0.279070301,3,0.265408529,0.167052038,161.9133166,23.52283696,21.4857871,2.571425172,54.08050002,1.551007473,2.867960675,1.020417699,-120.0127724,290.2790772,19.93273751,352.112359,10.02505977,2.72137806,9.916850583,410.4448612,402.9041879,0.000917204,66.95284037,2.830402311,13.363616,15.39121515,0.015317528,79.29016431,33,4,1,0,54380.96304,999.9806129,841.1839277,0.841200236,0.161916456,6,0.5,1: Needles,2,FALSE,1750703093,396.6148387,404.9430645,15.26886452,13.2590129,394.6428387,15.1501871,800.0070323,101.4799355,0.099816681,23.28055806,21.4857871,999.9,0,0,10009.13742,0,0.00152894,-8.194047742,402.901,410.3845161,2.00984871,404.9430645,13.2590129,1.549483871,1.345523548,13.46522258,11.31699677,999.9806129,0.959992419,0.040007252,0,2.281451613,0,9165.090323,7946.737097,38.71748387,41.83848387,40.018,41.89687097,38.70941935,959.9735484,40.00709677,0,1750703118,0,1750703124,11:25:23,1750703124,1750702814,42,-0.131,0.024,1.972,0.083,405,14,0.15,0.06,-8.104603171,-1.359348306,0.146770943,0,2.003802683,0.099647639,0.016184003,1,1,2,2-Jan,3.44756,2.78086,0.0966264,0.098487,0.0874497,0.0787634,27343.5,31051.2,29391.4,35021.3,31021.6,40075.9,36187.9,46388.7,2.50182,2.28717,0.046134,0,21.2588,999.9,54.7,25.4,17.5518,61.7364,26.262,2,-0.464009,0,20.2944,5.21564,11.968,4.99175,3.272,2881.4,9999,9999,999.9,4.97259,1.86261,1.86435,1.86279,1.86279,1.8634,1.85989,1.86265,0,0,0,0,11111111,oooooooo,on,on,on,on,0,100,100,1.972,0.1227,2.38608442,-0.001033731,9.12024E-07,-2.25E-10,-0.020159021,-0.018148581,0.00209196,-1.91E-05,2,2210,1,26,1.5,4.8,1.26221,2.38159,2.34741,2.75269,2.39868,2.26685,29.751,12.915,18,762.523,654.73,22.4401,21.3574,30.0004,21.22,21.1765,25.3225,27.2862,7.50896,-999.9,405,13.4223,100.924,101.261
47,control,control,06rec1,4.930424528,7.119912893,0.155792684,47,1750703210,8346.4,20250623 11:26:49,11:26:49,15,1750703202,0.002280339,2.280339186,8.664462283,397.7815161,315.3983596,32.03880175,40.40744902,0.189589375,3,0.183175799,0.115043034,161.913802,23.82287242,22.96919355,2.814468387,54.37522844,1.577218769,2.900620033,1.237249618,-100.5629581,80.7026119,5.588756509,147.6422123,8.664462283,2.280339186,8.870567993,410.6723451,403.9259455,3.60602E-05,66.95246894,2.309289784,13.90564505,15.57858788,0.00785223,79.30783786,0,0,1,0,54299.64017,999.9927742,841.193389,0.841199467,0.161914972,6,0.5,1: Needles,2,FALSE,1750703202,397.7815161,404.960129,15.52655484,13.84286452,395.6985161,15.39979032,800.0046129,101.4821613,0.099856432,23.46817097,22.96919355,999.9,0,0,9999.900323,0,0.00152894,-7.287036129,403.9449677,410.6446129,1.683702903,404.960129,13.84286452,1.575669032,1.404803226,13.72288065,11.96950968,999.9927742,0.960015903,0.039983716,0,1.140322581,0,7943.10129,7946.913226,36.41306452,38.46348387,37.7256129,37.77593548,36.54416129,960.0103226,39.98193548,0,1750703226,0,1750703232,11:27:11,1750703232,1750702814,43,0.111,0.024,2.083,0.083,405,14,0.18,0.06,-7.270044,-0.208915497,0.03372944,0,1.7079295,-0.383421614,0.040777098,0,0,2,0/2,3.4477,2.78061,0.0968196,0.0984805,0.0882,0.0811412,27335.4,31049.8,29389.1,35019.7,30993.4,39970.1,36185.1,46386.3,2.55083,2.28885,0.1017,0,21.2759,999.9,54.6,25.5,17.6224,61.4264,26.23,2,-0.460783,0,20.2921,5.2113,11.968,4.9906,3.2713,2884.5,9999,9999,999.9,4.97258,1.86263,1.86433,1.86279,1.86279,1.8634,1.85989,1.86265,0,0,0,0,11111111,oooooooo,on,on,on,on,0,100,100,2.083,0.1286,2.254837594,-0.001033731,9.12024E-07,-2.25E-10,-0.020159021,-0.018148581,0.00209196,-1.91E-05,2,2210,1,26,1.4,6.6,1.26343,2.3877,2.34741,2.75024,2.39868,2.26196,29.7724,12.8537,18,803.948,656.677,22.4714,21.4043,30.0001,21.2656,21.2223,25.3347,25.0187,7.13231,-999.9,405,14.0245,100.917,101.256
48,control,heat,06rec1,3.705705706,-40.02617592,0.044443593,48,1750703332,8468.4,20250623 11:28:51,11:28:51,15,1750703324,0.000875244,0.875243776,-64.80737397,453.3035161,1887.66232,191.6879392,46.03197084,0.071959723,3,0.071014392,0.044467895,161.9128329,24.14913556,22.55133871,2.744053816,52.46095541,1.518758921,2.895027186,1.225294895,-38.59825054,143.1097518,9.887985092,276.3123193,-64.80737397,0.875243776,-64.88519177,410.8597977,460.2383333,-0.001780768,66.95316897,0.908294575,14.31325247,14.98421636,1.89657E-05,79.18451141,801,100,1,0,54326.19628,999.986,841.1877567,0.841199534,0.1619151,6,0.5,1: Needles,2,FALSE,1750703324,453.3035161,404.9935484,14.9561,14.30945806,451.2385484,14.8701,799.966871,101.4878065,0.059984816,23.43617419,22.55133871,999.9,0,0,10003.29355,0,0.00152894,48.30998065,460.1972258,410.8728387,0.670421097,404.9935484,14.30945806,1.520276129,1.452236129,13.17363226,12.47433548,999.986,0.960014742,0.039984929,0,1.616935484,0,6553.703871,7946.861935,36.83848387,39.92922581,38.24367742,39.04609677,36.92716129,960.0016129,39.98387097,0,1750703349,0,1750703352,11:29:12,1750703232,1750703352,44,0.111,-0.004,2.083,0.086,405,14,0.18,0.15,48.289165,0.358158349,0.039328199,0,0.670071225,0.004135689,0.000675385,1,1,2,2-Jan,3.44789,2.74166,0.106839,0.0984668,0.085691,0.0826723,27028.7,31046.5,29385.1,35015.8,31075.9,39898.8,36179.6,46380.9,0.28,2.28855,0.06143,0,21.5563,999.9,54.6,25.5,17.6225,61.6464,23.766,2,-0.453958,0,20.2949,5.21504,11.9686,4.9928,3.272,2888.4,9999,9999,999.9,4.97256,1.86261,1.86435,1.86279,1.86279,1.8634,1.85987,1.86267,0,0,0,0,11111111,oooooooo,on,on,on,on,0,100,100,2.064,0.086,2.366309396,-0.001033731,9.12024E-07,-2.25E-10,-0.020159021,-0.018148581,0.00209196,-1.91E-05,2,2210,1,26,1.7,8.6,1.26343,2.39502,2.34741,2.75024,2.39868,2.25098,29.8364,12.8011,18,-2.8977,657.495,22.5585,21.4918,30.0004,21.5292,21.3027,25.3423,23.8656,7.30506,-999.9,405,14.2816,100.902,101.245
49,control,heat,06rec1,5.3587624,4.187511588,0.542123316,49,1750703505,8641.4,20250623 11:31:44,11:31:44,15,1750703497,0.004940126,4.940125878,4.688595547,399.9412667,380.8320642,38.69000369,40.63137151,0.60699461,3,0.546114335,0.346281056,161.9215899,23.12805304,20.84242667,2.47186489,54.22035708,1.571142452,2.897698459,0.900722438,-217.8595512,421.9751543,28.90681178,394.9440047,4.688595547,4.940125878,4.611108044,409.8036987,406.3040303,2.8216E-05,66.9570411,4.94591629,11.88638078,15.51265152,0.006256617,79.2273168,0,0,1,0,54311.43665,1000.0349,841.2293263,0.841199968,0.161915939,6,0.5,1: Needles,2,FALSE,1750703497,399.9412667,404.9393667,15.46501333,11.81734,397.9172667,15.34424333,800.0267,101.4932667,0.100079403,23.45146333,20.84242667,999.9,0,0,10000.43667,0,0.00152894,-4.936921667,406.2856667,409.7819333,3.647691,404.9393667,11.81734,1.569595,1.199378333,13.66347667,9.593619,1000.0349,0.959998033,0.040002023,0,1.115833333,0,5912.556,7947.187,38.26853333,41.54136667,39.59143333,41.4997,38.35183333,960.0343333,40.00033333,0,1750703521,0,1750703528,11:32:07,1750703528,1750703352,45,-0.059,-0.004,2.024,0.086,405,14,0.64,0.15,-4.948238,0.312708743,0.035879785,0,3.692626,-0.746641126,0.07437349,0,0,2,0/2,3.44679,2.78057,0.0971926,0.0984081,0.0879051,0.0722552,27312.2,31041.7,29377.1,35009,30990.4,40346,36169.2,46372,2.54815,2.2778,-0.0497885,0,21.7103,999.9,54.5,25.6,17.6947,61.6264,26.3301,2,-0.44125,0,20.2944,5.21474,11.9695,4.99175,3.272,2893.6,9999,9999,999.9,4.97258,1.86263,1.86436,1.86279,1.86279,1.8634,1.85989,1.86266,0,0,0,0,11111111,oooooooo,on,on,on,on,0,100,100,2.024,0.1224,2.366309396,-0.001033731,9.12024E-07,-2.25E-10,-0.024338439,-0.018148581,0.00209196,-1.91E-05,2,2210,1,26,4.5,2.5,1.26099,2.39746,2.34863,2.74902,2.39868,2.26074,29.9433,12.7048,18,805.269,650.82,22.642,21.6567,30.0004,21.4992,21.4512,25.2958,34.9536,5.62805,-999.9,405,12.016,100.874,101.225
50,control,heat,06rec1,4.972435608,3.446617885,1.415920183,50,1750703625,8761.9,20250623 11:33:45,11:33:45,15,1750703617,0.011708681,11.7086808,4.1588688,398.4061333,388.0163162,39.42114102,40.47671118,1.7085231,3,1.304213724,0.84340787,161.9129059,21.48701481,21.06681667,2.50619895,55.36753477,1.612595863,2.912529643,0.893603087,-516.3528233,399.3763222,27.40164856,72.33805332,4.1588688,11.7086808,4.503325436,407.9631272,404.5622727,-0.000350767,66.95169321,11.57061126,7.212591716,15.78544545,-0.007838378,79.26710947,196,25,1,0,54281.52853,999.9768667,841.1808778,0.841200338,0.161916652,6,0.5,1: Needles,2,FALSE,1750703617,398.4061333,405.0238333,15.87253667,7.230488333,396.1821333,15.73872667,800.0071667,101.4965333,0.100073233,23.53612667,21.06681667,999.9,0,0,9997.335667,0,0.00152894,-6.815030333,404.6313,407.9736333,8.642050333,405.0238333,7.230488333,1.611006667,0.733868833,14.06437,2.488601333,999.9768667,0.959987067,0.040013203,0,1.515666667,0,7766.237,7946.679,37.13306667,39.33306667,38.454,38.86226667,37.22473333,959.9666667,40.01033333,0,1750703642,0,1750703642,11:34:02,1750703642,1750703352,46,0.2,-0.004,2.224,0.086,405,14,0.16,0.15,-6.797230244,-0.397634634,0.051280962,0,8.675450244,-0.706834704,0.070450469,0,0,2,0/2,3.44439,2.78099,0.0968456,0.0983601,0.0889565,0.0489622,27320.8,31042.2,29375.3,35008.4,30952,41363.9,36166.7,46371.6,2.22792,2.26632,-0.0381172,0,21.6556,999.9,54.3,25.7,17.7329,61.4664,26.6587,2,-0.43689,0,20.2928,5.2128,11.9694,4.99155,3.272,2897.4,9999,9999,999.9,4.97259,1.86261,1.86436,1.86279,1.8628,1.8634,1.85989,1.86274,0,0,0,0,11111111,oooooooo,on,on,on,on,0,100,100,2.224,0.1309,2.307038287,-0.001033731,9.12024E-07,-2.25E-10,-0.024338439,-0.018148581,0.00209196,-1.91E-05,2,2210,1,26,1.6,4.5,1.25732,2.3877,2.34863,2.75146,2.39868,2.25952,29.9861,12.6348,18,568.928,642.632,22.7197,21.7266,30.0004,21.5802,21.5231,25.2049,55.8055,1.29903,-999.9,405,7.23778,100.867,101.224
51,control,heat,06rec1,5.248937677,3.479593129,0.058907731,51,1750703773,8909.4,20250623 11:36:12,11:36:12,15,1750703765,0.000824602,0.824602094,3.977482694,401.7695,299.3100248,30.41118709,40.82151088,0.067336746,3,0.066508223,0.041641229,161.9089174,24.43862551,23.13521,2.842880284,54.71828439,1.610748629,2.943711863,1.232131655,-36.36495233,93.43434808,6.483914388,225.4622276,3.977482694,0.824602094,3.645725022,411.2613925,408.4824485,0.000679758,66.94781273,0.890659589,15.222373,15.87916121,0.000145815,79.39656912,308,38,1,0,54305.9631,999.9557333,841.1628069,0.841200044,0.161916085,6,0.5,1: Needles,2,FALSE,1750703765,401.7695,405.0010667,15.85315333,15.24451,399.7215,15.72315333,800.0050333,101.5042333,0.100071817,23.71290667,23.13521,999.9,0,0,10007.45367,0,0.00152894,-3.054619,408.4226333,411.2707,0.611924133,405.0010667,15.24451,1.609495333,1.547381333,14.04999333,13.44455667,999.9557333,0.959998533,0.040001163,0,0.943333333,0,10073.65533,7946.560333,36.74136667,39.82893333,38.14143333,38.91226667,36.8663,959.9553333,39.99966667,0,1750703790,0,1750703796,11:36:35,1750703796,1750703790,47,-0.176,0.016,2.048,0.13,405,15,0.28,0.07,-3.1023465,0.782178011,0.07778486,0,0.506645085,1.651437652,0.179517247,0,0,2,0/2,3.44843,2.78095,0.0974975,0.098414,0.0893388,0.086417,27296.4,31033.9,29370.7,35001.1,30933.9,39718.6,36160.7,46360.8,2.01942,2.2805,0.0785738,0,21.8099,999.9,54.2,25.8,17.8041,61.4964,26.234,2,-0.428336,0,20.2942,5.21564,11.9695,4.9917,3.272,2901.9,9999,9999,999.9,4.97259,1.86264,1.86437,1.86279,1.8628,1.8634,1.85989,1.86269,0,0,0,0,11111111,oooooooo,on,on,on,on,0,100,100,2.048,0.13,2.506798049,-0.001033731,9.12024E-07,-2.25E-10,-0.024338439,-0.018148581,0.00209196,-1.91E-05,2,2210,1,26,2.2,7,1.26465,2.38647,2.34741,2.75146,2.39868,2.27173,30.0504,12.5385,18,448.814,655.466,22.7962,21.8453,30.0003,21.7019,21.6421,25.3601,18.8665,0.9395,-999.9,405,15.1537,100.851,101.201
52,control,heat,06rec1,4.68032057,6.692354964,0.128806432,52,1750703888,9024.4,20250623 11:38:07,11:38:07,15,1750703880,0.002015815,2.015814987,8.579354594,397.969,305.6152406,31.05164178,40.43512622,0.16512514,3,0.160236997,0.10057525,161.9132761,24.17490583,23.25417097,2.86339315,54.67528945,1.613356436,2.950796333,1.250036714,-88.89744092,80.65304764,5.601451036,159.2703339,8.579354594,2.015814987,8.716484173,410.9383735,404.3010182,0.001406155,66.95498763,1.957705258,14.38855339,15.84108909,-0.001861018,79.25922843,68,9,1,0,54333.44099,999.9852581,841.1874245,0.841199825,0.161915663,6,0.5,1: Needles,2,FALSE,1750703880,397.969,405.004871,15.8789129,14.39112581,395.849,15.72921613,800.0362581,101.5037097,0.099998694,23.75284194,23.25417097,999.9,0,0,10014.19387,0,0.00152894,-7.104764516,404.3203871,410.9185484,1.487797097,405.004871,14.39112581,1.61177,1.460753548,14.07176129,12.56343871,999.9852581,0.960005806,0.039993935,0,1.854677419,0,12198.25484,7946.823548,37.75580645,41.03203226,39.13887097,40.64083871,37.83041935,959.9906452,39.99354839,0,1750703904,0,1750703905,11:38:24,1750703905,1750703790,48,0.072,0.016,2.12,0.13,405,15,0.24,0.07,-7.09462,-0.363313798,0.043486964,0,1.517222927,-0.531050174,0.054721698,0,0,2,0/2,3.44785,2.78074,0.0967667,0.0983997,0.0891123,0.0829208,27319.4,31036.4,29371.7,35003.4,30942.7,39873.8,36161.8,46363.9,2.4409,2.28095,0.089705,0,21.8343,999.9,54.1,25.8,17.7724,61.9064,26.1298,2,-0.429466,0,20.2945,5.2119,11.9707,4.9913,3.272,2905.4,9999,9999,999.9,4.97256,1.86263,1.86436,1.86279,1.86279,1.8634,1.85989,1.86266,0,0,0,0,11111111,oooooooo,on,on,on,on,0,100,100,2.12,0.1484,2.331465599,-0.001033731,9.12024E-07,-2.25E-10,-0.00812494,-0.018148581,0.00209196,-1.91E-05,2,2210,1,26,1.5,1.6,1.26343,2.39624,2.34863,2.75146,2.39868,2.24976,30.0932,12.4597,18,720.908,656.041,22.829,21.8504,30.0002,21.7041,21.6585,25.3451,24.1069,1.29325,-999.9,405,14.494,100.854,101.208
53,control,heat,06rec1,5.044593088,8.534526198,0.207400843,53,1750704021,9157.9,20250623 11:40:21,11:40:21,15,1750704013,0.002953447,2.953447343,10.15089945,396.4977,320.9505017,32.61158662,40.2878918,0.246680958,3,0.235940791,0.148388987,161.9320057,24.20923026,23.34410667,2.878986906,54.51659037,1.635320586,2.999675099,1.24366632,-130.2470278,110.3044911,7.674868914,149.6643379,10.15089945,2.953447343,10.26619503,410.6995863,402.9076121,-0.004768902,66.95510016,2.93644907,13.97616171,16.12063455,0.005498837,79.25587444,311,39,1,0,54226.52116,1000.099333,841.2835188,0.84119996,0.161915922,6,0.5,1: Needles,2,FALSE,1750704013,396.4977,404.9892333,16.09418667,13.91473,394.3527,15.93745667,799.9922333,101.5091333,0.100262647,24.02611,23.34410667,999.9,0,0,10002.684,0,0.00152894,-8.513267333,402.9613,410.7040667,2.179453333,404.9892333,13.91473,1.633707,1.412471667,14.28046,12.05212,1000.099333,0.960001933,0.039998107,0,0.259,0,9413.304,7947.710667,38.67893333,41.7206,40.02066667,41.6664,38.6456,960.0976667,40.00266667,0,1750704038,0,1750704038,11:40:38,1750704038,1750703790,49,0.026,0.016,2.145,0.13,405,15,0.14,0.07,-8.499536,-0.19185591,0.030948399,0,2.21348475,-0.642605741,0.063257046,0,0,2,0/2,3.44804,2.78115,0.0964528,0.0983645,0.0902348,0.0812301,27322.3,31031.1,29364.9,34996.6,30897,39939.6,36153.6,46354.5,2.01128,2.27667,0.0765808,0,22.1103,999.9,54.1,25.9,17.8771,61.6764,26.27,2,-0.420089,0,20.2924,5.21489,11.9697,4.99185,3.272,2909.6,9999,9999,999.9,4.97251,1.86259,1.86439,1.86279,1.86281,1.8634,1.85989,1.86268,0,0,0,0,11111111,oooooooo,on,on,on,on,0,100,100,2.145,0.1578,2.40280056,-0.001033731,9.12024E-07,-2.25E-10,-0.00812494,-0.018148581,0.00209196,-1.91E-05,2,2210,1,26,1.9,3.9,1.26343,2.38525,2.34741,2.74902,2.39868,2.27051,30.2005,12.3721,18,445.469,653.991,22.9748,21.9562,30.0006,21.8194,21.765,25.3382,26.0774,1.15531,-999.9,405,14.0806,100.831,101.188
54,control,heat,06rec1,5.090659717,3.957039369,0.14459685,54,1750704134,9270.9,20250623 11:42:14,11:42:14,15,1750704126,0.002186308,2.186307789,4.663881998,400.8395484,347.9809652,35.35408999,40.72440416,0.170426064,3,0.165224361,0.103719353,161.9169119,24.53136547,23.82516452,2.963664229,54.5827868,1.649809805,3.022582579,1.313854424,-96.41617347,52.9972351,3.69883028,122.1968038,4.663881998,2.186307789,4.50025001,411.020639,407.5751636,0.005887682,66.95411552,2.229753707,14.6648932,16.28629273,0.00581764,79.23346609,317,40,1,0,54218.06344,1000.005226,841.20443,0.841200034,0.161916066,6,0.5,1: Needles,2,FALSE,1750704126,400.8395484,404.9946774,16.23864194,14.62555806,398.7605484,16.07713548,800.0099032,101.4976129,0.100156884,24.15284194,23.82516452,999.9,0,0,10006.69097,0,0.00152894,-4.087145806,407.525129,411.0058065,1.613086774,404.9946774,14.62555806,1.648183871,1.484459677,14.41680323,12.8090129,1000.005226,0.959997,0.0400026,0,0.231290323,0,7850.72129,7946.947742,36.14696774,38.46141935,37.51390323,37.51796774,36.34651613,960.0025806,40.00129032,0,1750704151,0,1750704151,11:42:30,1750704151,1750703790,50,-0.066,0.016,2.079,0.13,405,15,0.31,0.07,-4.07966275,-0.084775722,0.025762378,1,1.598609,0.224250957,0.028198119,0,1,2,2-Jan,3.44822,2.78113,0.0972436,0.0983385,0.0908529,0.0840837,27290.4,31023.1,29356.8,34987.3,30866.5,39803.8,36142.5,46341.1,1.99603,2.27367,0.0910759,0,22.3665,999.9,54.2,26,18.0182,61.4764,26.2139,2,-0.406809,0,20.2925,5.2122,11.9691,4.99165,3.272,2912.9,9999,9999,999.9,4.97254,1.86263,1.86436,1.86279,1.86284,1.8634,1.85989,1.86274,0,0,0,0,11111111,oooooooo,on,on,on,on,0,100,100,2.079,0.1632,2.428344009,-0.001033731,9.12024E-07,-2.25E-10,-0.00812494,-0.018148581,0.00209196,-1.91E-05,2,2210,1,26,1.6,5.7,1.26343,2.3877,2.34741,2.74902,2.39868,2.28882,30.3509,12.2845,18,438.722,653.5,23.1332,22.1248,30.0006,21.972,21.9131,25.3433,23.3664,0.939226,-999.9,405,14.7114,100.801,101.159
55,control,heat,06rec1,5.098011364,7.470951731,0.104730576,55,1750704243,9379.4,20250623 11:44:02,11:44:02,15,1750704235,0.001708158,1.708158456,8.792783535,397.8847742,273.9281106,27.83081894,40.42469056,0.123260505,3,0.12051457,0.075563223,161.9190577,24.82281064,24.43161613,3.073511453,54.59521966,1.667056194,3.053483811,1.406455259,-75.32978793,-17.65218008,-1.236831799,67.70025789,8.792783535,1.708158456,8.719369747,411.2295759,404.5898727,-0.000127169,66.95246807,1.76635358,15.15765782,16.45432606,0.001549603,79.30425095,318,40,1,0,54131.80368,1000.019161,841.2160953,0.841199977,0.161915955,6,0.5,1: Needles,2,FALSE,1750704235,397.8847742,404.989129,16.40819677,15.14809355,395.8077742,16.24101935,799.9966774,101.4986774,0.100310994,24.32247419,24.43161613,999.9,0,0,9995.929032,0,0.00152894,-7.098797742,404.5278387,411.2182581,1.260090323,404.989129,15.14809355,1.665409032,1.537512258,14.57767742,13.34639355,1000.019161,0.960001226,0.039998416,0,2.642741935,0,9144.578387,7947.070323,36.46954839,39.80016129,37.93129032,38.69325806,36.69335484,960.0193548,40,0,1750704259,0,1750704260,11:44:19,1750704260,1750703790,51,-0.002,0.016,2.077,0.13,405,15,0.27,0.07,-7.1024205,0.169986867,0.033586416,0,1.24094875,0.374208518,0.038429326,0,0,2,0/2,3.44809,2.78157,0.0966568,0.098299,0.0914753,0.0860515,27300.5,31016.3,29349.2,34978.8,30836.8,39708.2,36132.6,46329.2,1.99093,2.27122,0.117648,0,22.531,999.9,54.2,26.1,18.1259,61.5664,26.258,2,-0.393283,0,20.2941,5.21385,11.9704,4.99135,3.272,2916.5,9999,9999,999.9,4.97258,1.86264,1.86445,1.86281,1.86286,1.8634,1.85989,1.86277,0,0,0,0,11111111,oooooooo,on,on,on,on,0,100,100,2.077,0.1687,2.362622224,-0.001033731,9.12024E-07,-2.25E-10,-0.00812494,-0.018148581,0.00209196,-1.91E-05,2,2210,1,26,1.5,7.5,1.26343,2.38892,2.34863,2.75024,2.39868,2.25464,30.48,12.2057,18,437.397,653.61,23.2815,22.305,30.0007,22.1379,22.0742,25.3541,21.6526,0.731699,-999.9,405,15.1706,100.774,101.134
56,control,heat,06rec1,3.519206939,6.154898244,0.235665189,56,1750704419,9555.9,20250623 11:46:59,11:46:59,15,1750704411,0.005093919,5.09391929,10.49366806,395.5813333,343.1767343,34.86448438,40.18844472,0.401792551,3,0.374112697,0.236148263,161.9147594,24.12540205,24.08430667,3.010175542,53.785207,1.658665335,3.083869017,1.351510208,-224.6418407,65.26209336,4.568512277,7.103524355,10.49366806,5.09391929,10.35593169,410.1924224,402.241703,0.024788322,66.95393618,5.261587178,12.65886716,16.51,0.007336939,79.27316134,544,68,1,0,54129.96557,999.9886,841.1907239,0.841200314,0.161916605,6,0.5,1: Needles,2,FALSE,1750704411,395.5813333,404.9626667,16.32651,12.56853,393.4843333,16.29851,800.0181,101.4933,0.100080007,24.48781667,24.08430667,999.9,0,0,10001.923,0,0.00152894,-9.397332667,402.1884,410.1172333,3.899127333,404.9626667,12.56853,1.671356667,1.275621333,14.63290667,10.51441333,999.9886,0.959988067,0.04001191,0,0.901333333,0,8693.036667,7946.780333,38.18726667,41.8706,39.6164,41.5748,38.37053333,959.9786667,40.01,0,1750704436,0,1750704450,11:47:30,1750704439,1750704450,52,0.02,-0.033,2.097,0.028,405,13,0.14,0.02,-9.39449375,-0.105902251,0.028734433,0,3.947099,-0.906844953,0.088210292,0,0,2,0/2,3.44727,2.7808,0.0961446,0.0981977,0.0916369,0.0754745,27304.1,31008.9,29337.3,34967.9,30818.5,40157.1,36117,46314.9,1.45465,2.25907,0.0990182,0,22.4748,999.9,54.3,26.2,18.2686,61.8364,26.2099,2,-0.373791,0,20.2941,5.21489,11.973,4.99135,3.272,2922,9999,9999,999.9,4.97258,1.86264,1.86447,1.86284,1.86293,1.86341,1.85989,1.86278,0,0,0,0,11111111,oooooooo,on,on,on,on,0,100,100,2.097,0.028,2.360213436,-0.001033731,9.12024E-07,-2.25E-10,-0.00812494,-0.018148581,0.00209196,-1.91E-05,2,2210,1,26,2.7,10.5,1.26221,2.39624,2.34741,2.7478,2.39868,2.27417,30.7172,12.0656,18,221.552,647.156,23.5007,22.5765,30.0005,22.4284,22.3301,25.3031,33.6129,0,-999.9,405,12.7962,100.732,101.103
57,control,heat,06rec1,4.699088146,10.47970208,0.202001969,57,1750704533,9669.4,20250623 11:48:52,11:48:52,15,1750704525,0.003075461,3.075460834,13.38093913,394.0093667,300.7213226,30.55221975,40.02995415,0.257924894,3,0.246208314,0.154888526,161.9149547,24.8155633,23.64214,2.931194466,54.25963708,1.690991685,3.116481746,1.240202781,-135.6278228,165.2235673,11.55056544,203.0612646,13.38093913,3.075460834,13.27602363,410.8776505,400.7558303,0.005801615,66.95160109,3.178951288,14.41572421,16.72851212,0.00774272,79.31143226,145,18,1,0,54075.65702,999.9926,841.1938543,0.841200079,0.161916153,6,0.5,1: Needles,2,FALSE,1750704525,394.0093667,404.9535333,16.6442,14.37607,391.9080667,16.50103333,800.0261667,101.4964667,0.099986457,24.66370333,23.64214,999.9,0,0,9997.294667,0,0.00152894,-10.94414,400.6784333,410.8600333,2.268133333,404.9535333,14.37607,1.689326,1.459119667,14.79859333,12.54631333,999.9926,0.959996033,0.04000375,0,1.259166667,0,11235.67667,7946.843,36.4956,38.98103333,37.8519,38.2143,36.72886667,959.99,40.00233333,0,1750704549,0,1750704450,11:47:30,1750704439,1750704450,52,0.02,-0.033,2.097,0.028,405,13,0.14,0.02,-10.93370244,-0.064191638,0.032264792,1,2.242252683,0.455271847,0.04651799,0,1,2,2-Jan,3.44801,2.78031,0.0958204,0.09817,0.0926043,0.0829933,27306.7,31002.7,29330.2,34960.6,30777.5,39820.4,36107.7,46304.1,2.30205,2.25905,0.0633895,0,22.7189,999.9,54.3,26.3,18.3758,61.3964,25.9936,2,-0.361209,0,20.2918,5.20905,11.9733,4.99015,3.27125,2925.1,9999,9999,999.9,4.97258,1.86264,1.86447,1.86293,1.86293,1.86346,1.85992,1.86279,0,0,0,0,11111111,oooooooo,on,on,on,on,0,100,100,2.101,0.1461,2.379870135,-0.001033731,9.12024E-07,-2.25E-10,-0.041223723,-0.018148581,0.00209196,-1.91E-05,2,2210,1,26,1.6,1.4,1.26343,2.3938,2.34863,2.7478,2.39868,2.26074,30.8686,11.9693,18,629.374,649.375,23.68,22.7522,30.0007,22.5642,22.5067,25.3387,26.0593,0,-999.9,405,14.5403,100.707,101.08
58,control,heat,06rec1,4.985507246,3.822295151,0.15149802,58,1750704647,9783.9,20250623 11:50:47,11:50:47,15,1750704639,0.002517779,2.517779286,4.60008777,400.7629,350.6894478,35.62982498,40.71725589,0.182326106,3,0.176386247,0.110758957,161.9110303,25.07378208,24.70398,3.123992081,54.43350236,1.708226689,3.138189928,1.415765393,-111.0340665,12.27737976,0.863407206,64.01775078,4.60008777,2.517779286,4.467471427,411.147258,407.6768606,0.020130861,66.9503758,2.508214855,15.01259906,16.84094545,0.005185238,79.34410777,225,28,1,0,54075.53774,999.9636667,841.1699096,0.841200473,0.161916913,6,0.5,1: Needles,2,FALSE,1750704639,400.7629,404.9696,16.81336,14.95683667,398.6829,16.66441,800.0266667,101.4992,0.100164347,24.77989,24.70398,999.9,0,0,10001.05933,0,0.00152894,-4.188390667,407.6349667,411.1186,1.856520333,404.9696,14.95683667,1.706541667,1.518106,14.95606,13.15168,999.9636667,0.9599837,0.04001605,0,0.631333333,0,5664.404333,7946.566333,36.02893333,39.29553333,37.454,38.1956,36.383,959.9496667,40.01433333,0,1750704664,0,1750704665,11:51:04,1750704665,1750704450,53,-0.017,-0.033,2.08,0.028,405,13,0.32,0.02,-4.20666925,0.239432983,0.032337918,0,1.88926725,-0.639245291,0.063415536,0,0,2,0/2,3.44842,2.78067,0.097043,0.0981357,0.0929957,0.0853298,27262.4,30996.6,29322.8,34953.2,30756.3,39709.6,36098.1,46293.2,2.15595,2.25675,0.101358,0,23.0521,999.9,54.4,26.5,18.6262,61.6564,25.9455,2,-0.347909,0,20.2938,5.2137,11.9736,4.9912,3.272,2928.8,9999,9999,999.9,4.97255,1.86265,1.86447,1.86294,1.86295,1.86346,1.85994,1.86279,0,0,0,0,11111111,oooooooo,on,on,on,on,0,100,100,2.08,0.1499,2.379870135,-0.001033731,9.12024E-07,-2.25E-10,-0.041223723,-0.018148581,0.00209196,-1.91E-05,2,2210,1,26,3.5,3.3,1.26465,2.39746,2.34863,2.7478,2.39868,2.26929,31.0636,11.8818,18,535.719,649.818,23.8665,22.936,30.0006,22.7488,22.687,25.3498,24.2688,0,-999.9,405,15.0933,100.681,101.058
