[Header]
File opened	2025-07-11 09:08:25
Console s/n	68C-373361
Console ver	Bluestem v.2.1.11
Scripts ver	2023.02  2.1.11, Jun 2023
Head s/n	68H-413349
Head ver	1.4.23
Head cal	{"oxygen": "21", "co2azero": "0.969074", "co2aspan1": "1.00145", "co2aspan2": "-0.0293323", "co2aspan2a": "0.301932", "co2aspan2b": "0.299696", "co2aspanconc1": "2514", "co2aspanconc2": "296", "co2bzero": "1.01429", "co2bspan1": "1.00098", "co2bspan2": "-0.0286123", "co2bspan2a": "0.301091", "co2bspan2b": "0.298791", "co2bspanconc1": "2514", "co2bspanconc2": "296", "h2oazero": "1.06321", "h2oaspan1": "1.00793", "h2oaspan2": "0", "h2oaspan2a": "0.0675942", "h2oaspan2b": "0.0681305", "h2oaspanconc1": "11.66", "h2oaspanconc2": "0", "h2obzero": "1.06542", "h2obspan1": "1.00196", "h2obspan2": "0", "h2obspan2a": "0.0672478", "h2obspan2b": "0.0673797", "h2obspanconc1": "11.66", "h2obspanconc2": "0", "tazero": "0.100885", "tbzero": "0.175728", "flowmeterzero": "2.47802", "flowazero": "0.30464", "flowbzero": "0.31984", "chamberpressurezero": "2.62921", "ssa_ref": "32489.3", "ssb_ref": "40198.1"}
Factory cal date	02 May 2024
CO2 rangematch	Tue May  7 10:16
H2O rangematch	Tue May  7 10:10
Chamber type	6800-01A
Chamber s/n	MPF-742800
Chamber rev	0
Chamber cal	0
Fluorometer	MPF-742800
Flr. Version	1.4.23
09:08:25	Stability Definition:	ΔCO2 (Meas2): Slp<0.1 Per=20	ΔH2O (Meas2): Slp<0.1 Std<0.1 Per=20
SysConst:AvgTime	4
SysConst:Oxygen	21.0
ChambConst:Chamber	6800-01A
ChambConst:Aperture	6 cm²
ChambConst:blc_a	0.578
ChambConst:blc_b	0.5229739
ChambConst:blc_c	0.003740252
ChambConst:blc_d	-0.06197961
ChambConst:blc_e	-0.005608586
ChambConst:blc_minS	1
ChambConst:blc_maxS	6
ChambConst:blc_Po	96.9
LTConst:deltaTw	0
LTConst:fT1	1
LTConst:fT2	0
LTConst:fTeb	0
LQConst:Leaf	standard
LQConst:Ambient	Sun+Sky
LQConst:abs_ambient	0.8
LQConst:abs_redLED	0.84
LQConst:abs_greenLED	0.7
LQConst:abs_blueLED	0.87
LQConst:abs_whiteLED	0.75
LQConst:abs_redFlr	0.84
LQConst:abs_blueFlr	0.87
LQConst:k_ambient	0.1911
LQConst:k_redLED	0.1512
LQConst:k_greenLED	0.161
LQConst:k_blueLED	0.2262
LQConst:k_whiteLED	0.1575
LQConst:k_redFlr	0.1596
LQConst:k_blueFlr	0.2175
QConst:fQ_Amb_in	0.0
QConst:fQ_Amb_out	0.0
QConst:fQ_HeadLS	0.0
QConst:fQ_ConsoleLS	0.0
QConst:fQ_Flr	1.0
LeakConst:fan_a	-6276.0
LeakConst:fan_b	6.6
LeakConst:fan_c	1.709e-05
LeakConst:fan_d	3.11
LeakConst:Fs_meas	0.612515 195.898 356.081 579.057 849.375 1049.94 1235.18 1387.07
LeakConst:Fs_true	0.476332 219.417 385.56 589.457 809.971 1001.62 1200.99 1400.86
LeakConst:leak_wt	0
[Data]
SysObs	SysObs	SysObs	SysObs	SysObs	SysObs	GasEx	GasEx	GasEx	GasEx	GasEx	GasEx	GasEx	GasEx	GasEx	GasEx	GasEx	GasEx	GasEx	GasEx	GasEx	GasEx	GasEx	GasEx	GasEx	GasEx	GasEx	GasEx	GasEx	GasEx	GasEx	GasEx	Dynamic	Dynamic	Dynamic	Dynamic	Dynamic	Dynamic	Dynamic	Dynamic	Dynamic	Dynamic	Leak	Leak	Leak	Leak	Leak	LeafQ	LeafQ	LeafQ	LeafQ	Const	Const	Const	Const	Const	Meas	Meas	Meas	Meas	Meas	Meas	Meas	Meas	Meas	Meas	Meas	Meas	Meas	Meas	Meas	Meas	Meas	Meas	Meas2	Meas2	Meas2	Meas2	Meas2	Meas2	Meas2	Meas2	Meas2	Meas2	FlrLS	FlrLS	FlrLS	FlrLS	FlrLS	FlrLS	FlrLS	FlrLS	FlrLS	FlrLS	FlrLS	FlrLS	FlrLS	FlrLS	FlrLS	FlrLS	FlrLS	FlrLS	MchEvent	MchEvent	MchEvent	MchEvent	MchEvent	MchEvent	MchEvent	MchEvent	MchEvent	MchEvent	MchEvent	MchEvent	MchEvent	Stability	Stability	Stability	Stability	Stability	Stability	Stability	Stability	Stability	Stability	Stability	Raw	Raw	Raw	Raw	Raw	Raw	Raw	Raw	Raw	Raw	Raw	Raw	Raw	Raw	Raw	Raw	Raw	Raw	Status2	Status2	Status2	Status2	Status2	Status2	Status2	Status2	Status2	Status2	Status2	Status2	Status2	Status2	Status2	Status2	Status2	Status2	Status2	Auxiliary	Auxiliary	Auxiliary	Auxiliary	Auxiliary	Auxiliary	Auxiliary	Auxiliary	Auxiliary	Auxiliary	Auxiliary	Auxiliary	Auxiliary	Auxiliary	Auxiliary	Auxiliary	Auxiliary	Auxiliary	Auxiliary	MchStatus	MchStatus	MchStatus	MchStatus	MchStatus	MchStatus	MchStatus	MchStatus	MchStatus	MchStatus	MchStatus	MchStatus	MchStatus	MchStatus	MchStatus	MchStatus	MchStatus	MchStatus	ConStatus	ConStatus	ConStatus	ConStatus	ConStatus	ConStatus	ConStatus	ConStatus	Status	Status	Status	Status	Status	Status	Status	Status	Status	Status	Status	Status	Status	Status	Status	Status	
obs	time	elapsed	date	hhmmss	averaging	TIME	E	Emm	A	Ca	Ci	Pci	Pca	gsw	gbw	gtw	gtc	Rabs	TleafEB	TleafCnd	SVPleaf	RHcham	VPcham	SVPcham	VPDleaf	LatHFlux	SenHFlux	NetTherm	EBSum	Asty	Esty	Adyn	Crd	Csd	dCsd/dt	αVc	Edyn	Hr	Hs	dHs/dt	αVh	Leak	LeakPct	CorrFact	CorrFactPct	Fan	Qin	Qabs	alpha	convert	S	K	Geometry	Custom	UseDynamic	TIME	CO2_s	CO2_r	H2O_s	H2O_r	CO2_a	H2O_a	Flow	Pa	ΔPcham	Tair	Tleaf	Tleaf2	Offset	Offset2	Fan_speed	Qamb_in	Qamb_out	ΔCO2	CO2_s_d	CO2_r_d	ΔH2O	CO2_b	H2O_b	e_s	e_r	Td_s	Td_r	Q	f_red	f_blue	f_farred	F	Q_modavg	F_dc	Pc	Tled	TDigital	TPreamp	TPwrSpy	TDrive	Q_red	Q_blue	Q_farred	TSPF	state	time	hhmmss	co2_t	h2o_t	count	co2_adj	h2o_adj	co2_match	h2o_match	co2_at	h2o_at	co2_cv	h2o_cv	ΔCO2:MN	ΔCO2:SLP	ΔCO2:SD	ΔCO2:OK	ΔH2O:MN	ΔH2O:SLP	ΔH2O:SD	ΔH2O:OK	Stable	Total	State	Vflow	VPchamber	abs_c_a	abs_c_b	abs_h_a	abs_h_b	Wc_s	Wc_r	Wco_s	Wco_r	Ww_s	Ww_r	Wwo_s	Wwo_r	Flow_s_v	Flow_r_v	Tleaf_mv	Tleaf2_mv	Tleaf_j	Tleaf2_j	Console_RH	Console_T	Console_H2O	Fan_%	Flow_%	Pump	Tchp_pwm	Txchg_pwm	diag_20v	diag_5_4v	diag_12v	diag_5va	diag_3_3vf	AccCO2_soda	AccH2O_des	AccH2O_hum	CO2_hrs	ADC_CH1	ADC_CH2	ADC_CH3	ADC_CH4	ADC_CH5	ADC_CH6	ADC_CH7	ADC_CH8	DAC_1	DAC_2	DAC_3	DAC_4	GPIO	GPIO_dir	excit_5v	power_12v	power_5v	ch1_pullup	AuxPower	MatchValveR	MatchValveS	MatchCO2	MatchH2O	cf_co2_a	cf_co2_b	cf_co2_c	cf_co2_d	cf_h2o_a	cf_h2o_b	cf_h2o_c	cf_h2o_d	co2_fit_low	co2_fit_high	h2o_fit_low	h2o_fit_high	co2_elapsed	h2o_elapsed	CO2_f	CO2_f_s	Pump_f	Pump_f_s	Pump_p	Pump_p_s	Tboard	V_system	DIAG	Flow_s	Flow_r	Txchg	Tirga	Tchopper	Ts	Tr	CO2_%	Desiccant_%	Humidifier_%	Txchg_sp	CO2_r_sp	H2O_r_sp	SS_s	SS_r	
	s	s			s	s	mol m⁻² s⁻¹	mmol m⁻² s⁻¹	µmol m⁻² s⁻¹	µmol mol⁻¹	µmol mol⁻¹	Pa	Pa	mol m⁻² s⁻¹	mol m⁻² s⁻¹	mol m⁻² s⁻¹	mol m⁻² s⁻¹	W m⁻²	°C	°C	kPa	%	kPa	kPa	kPa	W m⁻²	W m⁻²	W m⁻²	W m⁻²	µmol m⁻² s⁻¹	mmol m⁻² s⁻¹	µmol m⁻² s⁻¹	µmol mol⁻¹	µmol mol⁻¹	µmol mol⁻¹ s⁻¹	cm³	mmol m⁻² s⁻¹	mmol mol⁻¹	mmol mol⁻¹	mmol mol⁻¹ s⁻¹	cm³	µmol s⁻¹	%		%	µmol s⁻¹	µmol m⁻² s⁻¹	µmol m⁻² s⁻¹		J/µmol	cm²			mol m⁻² s⁻¹		s	µmol mol⁻¹	µmol mol⁻¹	mmol mol⁻¹	mmol mol⁻¹	µmol mol⁻¹	mmol mol⁻¹	µmol s⁻¹	kPa	kPa	°C	°C	°C	°C	°C	rpm	µmol m⁻² s⁻¹	µmol m⁻² s⁻¹	µmol mol⁻¹	µmol mol⁻¹	µmol mol⁻¹	mmol mol⁻¹	µmol mol⁻¹	mmol mol⁻¹	kPa	kPa	°C	°C	µmol m⁻² s⁻¹					µmol m⁻² s⁻¹			°C	°C	°C	°C	°C	µmol m⁻² s⁻¹	µmol m⁻² s⁻¹	µmol m⁻² s⁻¹	s		secs		s	s		µmol/mol	mmol/mol	µmol/mol	mmol/mol	µmol/mol	mmol/mol	%	%	µmol mol⁻¹	µmol mol⁻¹ min⁻¹	µmol mol⁻¹		mmol mol⁻¹	mmol mol⁻¹ min⁻¹	mmol mol⁻¹					V	V													V	V	mV	mV	°C	°C	%	°C	mmol mol⁻¹	%	%		V	V	V	V	V	V	V	mg	mg	mg	hrs	V	V	V	V	V	V	V	V	V	V	V	V							V	%	%	µmol/mol	mmol/mol	µmol/mol				mmol/mol				µmol mol⁻¹	µmol mol⁻¹	mmol mol⁻¹	mmol mol⁻¹	min	min	V	V	V	V	V	V	°C	V		µmol s⁻¹	µmol s⁻¹	°C	°C	°C	°C	°C	%	%	%	°C	µmol mol⁻¹	mmol mol⁻¹	%	%	
1	1752250931.5	0	20250711 09:22:11	09:22:11	15	1752250923.75	0.0018528590501203574	1.8528590501203575	2.694293388594344	402.0062666666666	304.6102156372264	30.926776590345415	40.81530217596357	0.055499160268189913	3.0	0.054935019325101704	0.03438459491219561	161.9208950192067	27.40894880798967	27.01780666666666	3.582904593035538	6.241570698555701	0.2226919581744996	3.5678832929991566	3.3602126348610386	-81.71108411030777	-11.567897839999148	-0.8320131455827375	67.80989992331705	2.694293388594344	1.8528590501203575	2.6775546929667193	404.94591706819233	402.9096545454545	0.007805464220458083	66.94486656359618	1.5146846870645125	0.8070232823383772	1.9408821212121208	-2.3187275376140903e-05	79.56571589662899	119.0	15.0	1	0	53546.0	1000.0276333333334	841.2234631602107	0.8412002179941868	0.16191642072878057	6.0	0.5	1: Needles	2.0	False	1752250923.75	402.0062666666666	404.58553333333344	2.193382333333333	0.8068393333333334	401.9082666666666	2.491382333333333	800.0307333333335	101.42866666666667	0.10035305333333334	26.946283333333334	27.01780666666666	999.9000000000002	0.0	0.0	9992.95	0.0	0.00152894	-2.532919333333333	402.8361666666667	404.9121333333334	1.1384943333333333	404.58553333333344	0.8068393333333334	0.1973124	0.08183654666666666	-14.670766666666667	-24.87523	1000.0276333333334	0.9599949999999998	0.04000509999999999	0.0	0.9073333333333333	0.0	8203.69	7947.1100000000015	36.974799999999995	39.84979999999999	38.283133333333325	39.58719999999998	37.37059999999999	960.0183333333334	40.008333333333326	0.0	1752250950.9	0.0	1752250952.5	09:22:32	1752250948.5	1752250952.5	1	-0.045	0.233	0.098	-0.298	404.0	1.0	0.4	0.07	-2.54955475	0.2098681801125744	0.037489618495491504	0	1.1420919999999999	-0.0605777110694237	0.005874953701945243	1	1	2	1/2	3.44149	2.78082	0.0967679	0.0971877	0.0194402	0.00695803	27127.8	30796	29179	34704.2	33120.7	42566.6	35927	45687.3	2.3394	2.19723	0.0697412	0	25.9149	999.9	58.3	24.1	17.3195	62.42	25.8413	2	-0.129952	0	20.2934	5.211	11.968	4.99085	3.272	3928.0	9999.0	9999.0	999.9	4.97262	1.86264	1.86432	1.86275	1.86279	1.86339	1.85988	1.86266	0.0	0.0	0.0	0.0	11111111	oooooooo	on	on	on	on	0.0	100	100	0.098	-0.298	0.42698706664993247	-0.0010337305037507979	9.120241388950126e-07	-2.246115299815222e-10	-0.5135234368989456	-0.01814858093373864	0.0020919599883593687	-1.9087170078860404e-05	2.0	2210.0	1.0	26.0	7086.6	7086.6	1.22803	2.34619	2.34741	2.72705	2.39868	2.29248	29.7083	15.4804	18	691.245	635.431	25.9161	25.7488	30.0012	25.4785	25.4123	24.6413	100	0	-999.9	405	0.8	100.196	99.9941	
2	1752251060.5	129.0	20250711 09:24:20	09:24:20	15	1752251052.5	0.0041568287984126324	4.156828798412633	9.751311435543231	396.3166129032258	260.967712335733	26.49397612825263	40.23487345430622	0.13421457865753003	3.0	0.13096582786433128	0.08213898003514777	161.91420401813406	27.1107314217113	26.896364516129033	3.5574319662031484	10.96580155273577	0.39791376033272063	3.628679202510721	3.1595182058704276	-183.3161500099971	54.633377341935535	3.9327405746730193	37.164171924745496	9.751311435543231	4.156828798412633	9.659422933587557	405.19009838682996	397.941024242424	-0.0003102368705947424	66.94410926624667	4.151556212654903	0.8147249582657996	3.9161290909090893	-1.904372652415896e-05	79.5845120865234	153.0	19.0	1	0	53552.0	999.9924838709676	841.1933774320934	0.8411996999975806	0.1619154209953306	6.0	0.5	1: Needles	2.0	False	1752251052.5	396.3166129032258	404.8652580645162	3.9194812903225795	0.8142257741935485	396.2896129032258	4.2403590322580635	800.0377741935483	101.42190322580642	0.10014289677419357	27.23415806451613	26.896364516129033	999.9000000000003	0.0	0.0	10003.338709677419	0.0	0.00152894	-8.474031612903225	397.9510967741935	405.19512903225814	3.1052564516129033	404.8652580645162	0.8142257741935485	0.39752145161290325	0.08258036129032259	-5.83309451612903	-24.775003225806458	999.9924838709676	0.9600105806451613	0.039989212903225824	0.0	0.896774193548387	0.0	12151.316129032259	7946.8893548387105	35.901	38.51387096774192	37.151	37.771870967741926	36.39280645161289	960.0022580645161	39.98967741935484	0.0	1752251079.9	0.0	1752251078.5	09:24:38	1752251078.5	1752250952.5	2	-0.071	0.233	0.027	-0.298	405.0	1.0	0.22	0.07	-8.469204	-0.03285320825513418	0.02779751893604911	1	3.10712675	-0.034239962476552165	0.0033217204785321525	1	2	2	2/2	3.4414	2.78049	0.095638	0.0971376	0.0310247	0.00701367	27149.6	30784.5	29166.9	34690.9	32714	42547.5	35911.8	45669.5	2.27805	2.18905	0.0461228	0	26.1597	999.9	57.6	24.5	17.5251	62.69	25.8293	2	-0.104253	0	20.2933	5.21055	11.9682	4.99095	3.27198	3931.8	9999.0	9999.0	999.9	4.9726	1.86264	1.86434	1.86279	1.86279	1.8634	1.85989	1.86271	0.0	0.0	0.0	0.0	11111111	oooooooo	on	on	on	on	0.0	100.0	100.0	0.027	-0.3209	0.3819719194439268	-0.0010337305037507979	9.120241388950126e-07	-2.246115299815222e-10	-0.28008092210008373	-0.01814858093373864	0.0020919599883593687	-1.9087170078860404e-05	2.0	2210.0	1.0	26.0	1.9	1.8	1.24023	2.34863	2.34741	2.72461	2.39868	2.28027	30.1576	15.4717	18	649.743	633.174	26.3856	26.0938	30.0009	25.843	25.7769	24.8719	100	0	-999.9	405	0.341752	100.154	99.9555	
3	1752251175.5	244.0	20250711 09:26:15	09:26:15	15	1752251167.5	0.0021455491023007135	2.1455491023007136	0.2654139973947165	404.06896774193547	376.8447801371386	38.25899968575816	41.02292329546798	0.06550689822160392	3.0	0.06472251010167092	0.0405212603136948	161.91292738803457	27.588412544735302	26.853683870967746	3.5485172741159574	6.789299370576226	0.24587345147291054	3.621484899288549	3.302643822643047	-94.61871541146147	56.062393161290366	4.034063611565964	127.39066874942944	0.2654139973947165	2.1455491023007136	0.07676982258743825	405.22053585810653	405.15656969696965	0.0018669056969376463	66.94439877868349	2.050237147991611	0.8166817810727144	2.373089454545455	-0.0055613522547268805	79.56344753202461	307.0	38.0	1	0	53493.0	999.9843870967742	841.1865842324765	0.8411997178022642	0.16191545535836985	6.0	0.5	1: Needles	2.0	False	1752251167.5	404.06896774193547	404.91819354838714	2.4218125806451614	0.8166367741935484	404.13396774193546	2.7362796774193545	800.0443225806453	101.42435483870969	0.10020302258064515	27.20031290322581	26.853683870967746	999.9000000000003	0.0	0.0	10008.74741935484	0.0	0.00152894	-0.7569411935483872	405.14229032258066	405.24909677419356	1.605176129032258	404.91819354838714	0.8166367741935484	0.2456306129032258	0.0828267870967742	-11.980422580645163	-24.741974193548383	999.9843870967742	0.9600126129032257	0.039987432258064504	0.0	2.2648387096774196	0.0	6810.675161290322	7946.829677419355	35.80422580645161	39.08848387096774	37.203354838709664	38.11061290322579	36.400903225806445	959.9951612903227	39.99	0.0	1752251195.1	0.0	1752251192.5	09:26:32	1752251192.5	1752250952.5	3	-0.092	0.233	-0.065	-0.298	405.0	1.0	0.4	0.07	-0.7722531951219512	0.268783149825786	0.030524940557038076	0	1.6340426829268293	-0.5439750522648075	0.05432399896485539	0	0	2	0/2	3.44151	2.78047	0.0970334	0.0971066	0.0207871	0.00702397	27104.5	30783.1	29164	34688.7	33058.8	42545	35909.5	45667.4	2.00233	2.18475	0.0565462	0	25.9511	999.9	56.8	24.8	17.5959	62.11	25.9535	2	-0.0960823	0	20.2954	5.20965	11.9686	4.9909	3.27168	3935.4	9999.0	9999.0	999.9	4.97263	1.86265	1.86447	1.86279	1.86289	1.8634	1.85991	1.86279	0.0	0.0	0.0	0.0	11111111	oooooooo	on	on	on	on	0.0	100.0	100.0	-0.065	-0.3141	0.31077083365830344	-0.0010337305037507979	9.120241388950126e-07	-2.246115299815222e-10	-0.28008092210008373	-0.01814858093373864	0.0020919599883593687	-1.9087170078860404e-05	2.0	2210.0	1.0	26.0	1.6	3.7	1.2439	2.35596	2.34741	2.72461	2.39868	2.24487	30.48	15.4542	18	473.796	631.692	26.6142	26.2423	30.0001	26.0183	25.9444	24.957	100	0	-999.9	405	0.341752	100.146	99.9501	
4	1752251466.6	535.0999999046326	20250711 09:31:06	09:31:06	15	1752251458.8499994	0.003879944262362976	3.8799442623629763	12.70573485554499	394.33079999999995	298.8125079186412	30.337071664668958	40.03460839880039	0.24444968619330223	3.0	0.2338984675584737	0.14709657438027163	161.91301890557497	27.77808065717186	27.408626666666674	3.6659633954519086	53.99891132405623	2.0290786664200806	3.757628842261745	1.636884729031828	-171.10554197020724	68.32483407999871	4.945631051942061	64.0779420673085	12.70573485554499	3.8799442623629763	12.591624491101756	412.06629934268483	402.45250909090913	0.0016538719190829943	66.94440092294101	4.278106010281787	17.125925242195667	20.27408787878787	-0.001163399459771036	79.55699299548112	216.0	27.0	1	0	53379.0	999.9792666666668	841.182753919987	0.8412001948040259	0.16191637597177008	6.0	0.5	1: Needles	2.0	False	1752251458.8499994	394.33079999999995	405.0074000000001	19.985913333333336	17.134163333333333	394.3916	20.267913333333336	800.0140333333334	101.42546666666668	0.09997440666666665	27.831073333333332	27.408626666666674	999.9000000000002	0.0	0.0	10002.29	0.0	0.00152894	-10.676513333333334	402.5100333333333	412.0679333333333	3.1862719999999998	405.0074000000001	17.134163333333333	2.0610106666666663	1.7378419999999999	17.920966666666672	15.238623333333335	999.9792666666668	0.9599942333333332	0.04000546333333334	0.0	1.1906666666666665	0.0	9524.056333333334	7946.730666666666	36.770533333333326	39.362199999999994	38.03733333333332	38.65806666666665	37.27059999999999	959.9736666666666	40.00566666666667	0.0	1752251486.1	0.0	1752251492.6	09:31:32	1752251192.5	1752251492.6	4	-0.092	-0.22	-0.065	-0.282	405.0	17.0	0.4	0.02	-10.675243902439025	-0.09583484320558043	0.0340606993954552	1	3.218934634146341	-0.5691721254355344	0.057947767527761734	0	1	2	1/2	3.44966	2.78087	0.0953235	0.0972023	0.105845	0.0929109	27154.1	30771.3	29161.8	34678.7	30160.2	38839.5	35904.9	45652.4	2.16103	2.21357	0.0713915	0	26.2515	999.9	57.6	25.4	18.4924	62.3255	25	2	-0.0839024	0	20.2936	5.2116	11.9683	4.9916	3.272	3944.6	9999.0	9999.0	999.9	4.97259	1.86274	1.86447	1.86294	1.86295	1.86355	1.86001	1.86279	0.0	0.0	0.0	0.0	11111111	oooooooo	on	on	on	on	0.0	100.0	100.0	-0.061	-0.282	0.2189637067692004	-0.0010337305037507979	9.120241388950126e-07	-2.246115299815222e-10	-0.28008092210008373	-0.01814858093373864	0.0020919599883593687	-1.9087170078860404e-05	2.0	2210.0	1.0	26.0	4.6	8.6	1.26465	2.36328	2.34741	2.71729	2.39868	2.27417	31.1504	15.4104	18	573.05	658.096	27.1285	26.4279	30.0003	26.2664	26.2097	25.3753	11.8836	21.1343	-999.9	405	17.0259	100.136	99.919	
5	1752251596.6	665.0999999046326	20250711 09:33:16	09:33:16	15	1752251588.5999994	0.0018919156848819848	1.8919156848819847	9.025559618744364	397.64816129032255	254.96776160171106	25.88581610291286	40.37156349555388	0.11001814776397714	3.0	0.10782487587007193	0.06758396240934855	161.91411590604713	28.397283941502746	28.04158387096774	3.8040488521357103	54.83507308446167	2.074227926316924	3.782666475381588	1.7298209258187862	-83.43348170329553	-15.637784283872078	-1.136149310664887	61.706700608214646	9.025559618744364	1.8919156848819847	8.784078120370147	412.82324782670236	406.10547272727285	0.000513571793434224	66.95760350443932	1.9166395284794417	19.03224341900447	20.440716363636373	-8.860791433354525e-05	79.22040492024703	216.0	27.0	1	0	53593.0	999.984935483871	841.1876153415922	0.8412002876168927	0.161916555100603	6.0	0.5	1: Needles	2.0	False	1752251588.5999994	397.64816129032255	404.9816774193548	20.430541935483873	19.040574193548387	397.81816129032256	20.584354838709675	799.9881290322583	101.4257419354839	0.10009780322580646	27.94489677419354	28.04158387096774	999.9000000000003	0.0	0.0	9997.13870967742	0.0	0.00152894	-7.225517741935483	406.05203225806446	412.8424838709677	1.389956451612903	404.9816774193548	19.040574193548387	2.0721832258064516	1.9312051612903225	18.00694516129032	16.891293548387097	999.984935483871	0.9599925483870969	0.04000739677419355	0.0	2.4295161290322578	0.0	9892.809032258065	7946.764193548388	35.60267741935484	38.151	36.818290322580644	37.34248387096773	36.16509677419354	959.9770967741937	40.009032258064515	0.0	1752251616.3	0.0	1752251616.6	09:33:36	1752251616.6	1752251492.6	5	-0.105	-0.22	-0.17	-0.282	405.0	17.0	0.22	0.02	-7.220747750000001	0.008687842401499711	0.03559552707065163	1	1.37910975	0.25686405253283007	0.027365486336579137	0	1	2	1/2	3.45059	2.78075	0.0959571	0.0972024	0.107209	0.100219	27134.5	30769.9	29161.4	34677.4	30114.1	38525.3	35905.2	45651.1	2.16065	2.21465	0.108793	0	26.2777	999.9	60.3	25.7	19.7059	61.8955	24.9359	2	-0.0796087	0	20.294	5.2113	11.9683	4.9916	3.272	3948.4	9999.0	9999.0	999.9	4.97262	1.86278	1.86447	1.86295	1.86295	1.86356	1.86005	1.86279	0.0	0.0	0.0	0.0	11111111	oooooooo	on	on	on	on	0.0	100.0	100.0	-0.17	-0.1534	0.2189637067692004	-0.0010337305037507979	9.120241388950126e-07	-2.246115299815222e-10	-0.5001579296526413	-0.01814858093373864	0.0020919599883593687	-1.9087170078860404e-05	2.0	2210.0	1.0	26.0	6.7	1.7	1.26953	2.36328	2.34741	2.7124	2.39868	2.29858	31.3898	15.3929	18	573.591	659.96	27.2774	26.5094	30.0002	26.3474	26.2915	25.4486	9.01118	36.3308	-999.9	405	18.9098	100.135	99.9158	
6	1752251770.6	839.0999999046326	20250711 09:36:10	09:36:10	15	1752251762.5999994	0.0014388092889888447	1.4388092889888446	7.081579321889166	399.22693548387105	248.59466942129944	25.2366301731688	40.52839326534144	0.08120126713923319	3.0	0.07999971957846319	0.050106297877285766	161.911926010836	28.75968806492663	28.363425806451612	3.8759858880277593	54.82517422072771	2.103956357903317	3.837573501240012	1.7720295301244424	-63.45148964440805	-27.689203199999827	-2.0174461545584905	68.75378701186965	7.081579321889166	1.4388092889888446	6.948904984509876	413.09170349426864	407.77436969696964	0.00034719187240715477	66.95712929510343	1.4538966989903728	19.67199345189201	20.73896848484848	0.00020368644256494122	79.22710672532244	393.0	49.0	1	0	53392.0	999.9747096774194	841.1787366193533	0.8412000108389823	0.16191602091923601	6.0	0.5	1: Needles	2.0	False	1752251762.5999994	399.22693548387105	404.9688387096774	20.725125806451615	19.668400000000002	399.489935483871	20.866525806451612	800.0125161290323	101.41732258064516	0.09985890967741935	28.192225806451614	28.363425806451612	999.9000000000003	0.0	0.0	10012.01612903226	0.0	0.0015536000000000002	-5.64673064516129	407.773258064516	413.0938064516129	1.0567183870967745	404.9688387096774	19.668400000000002	2.1018867741935483	1.9947167741935485	18.233496774193544	17.402467741935478	999.9747096774194	0.9600011935483872	0.03999899677419354	0.0	-0.8629032258064516	0.0	8689.39129032258	7946.720645161289	37.30022580645161	41.20335483870965	38.741645161290315	40.5622258064516	37.943451612903225	959.9754838709678	39.99935483870968	0.0	1752251790.3	0.0	1752251793.6	09:36:33	1752251793.6	1752251492.6	6	-0.093	-0.22	-0.263	-0.282	405.0	17.0	0.39	0.02	-5.640115	-0.08832630393994775	0.02753644103728732	1	1.0539555	0.05135684803001689	0.010508419945453252	1	2	2	2/2	3.45106	2.7806	0.0962285	0.0971776	0.108229	0.102519	27124.5	30769	29159.8	34676	30079	38425.7	35904.6	45649.6	1.8165	2.21155	0.103571	0	26.7005	999.9	63.6	26	21.1602	62.0755	24.976	2	-0.0721189	0	20.2952	5.2095	11.9689	4.9893	3.27155	3954.0	9999.0	9999.0	999.9	4.97261	1.86279	1.86458	1.86295	1.86295	1.86356	1.86005	1.86281	0.0	0.0	0.0	0.0	11111111	oooooooo	on	on	on	on	0.0	100.0	100.0	-0.263	-0.1409	0.11394100932948015	-0.0010337305037507979	9.120241388950126e-07	-2.246115299815222e-10	-0.5001579296526413	-0.01814858093373864	0.0020919599883593687	-1.9087170078860404e-05	2.0	2210.0	1.0	26.0	2.6	4.6	1.27197	2.35962	2.34741	2.70996	2.39868	2.31689	31.6955	15.3754	18	380.095	658.733	27.4934	26.629	30.0003	26.4681	26.4024	25.5011	14.8713	52.0538	-999.9	405	19.6118	100.132	99.9121	
7	1752251922.6	991.0999999046326	20250711 09:38:42	09:38:42	15	1752251914.5999994	0.0009183634631236342	0.9183634631236343	4.601347676005625	401.2576129032258	255.87038731310517	25.97311856834528	40.7312142128957	0.054424285262859126	3.0	0.05388166936551232	0.03372434427509901	161.91515877140841	29.228445225773168	28.075851612903218	3.8116524409799952	54.483821400848385	2.1321804461954055	3.9134194176809425	1.6794719947845898	-40.499828723752266	73.26536454193693	5.33944925274963	200.0201438423427	4.601347676005625	0.9183634631236343	4.402594266519478	413.3588974085722	409.9904545454546	-0.0005818911497416829	66.95634058262846	1.0780398383296022	20.309345666241715	21.101592727272717	-0.00019775321511763123	79.2379771428231	203.0	25.0	1	0	53412.0	999.989	841.1912337675692	0.8412004869729258	0.16191693985774686	6.0	0.5	1: Needles	2.0	False	1752251914.5999994	401.2576129032258	404.98493548387097	21.00486451612903	20.330570967741934	401.5816129032258	21.230864516129028	800.0136129032257	101.40877419354838	0.1001141193548387	28.528845161290324	28.075851612903218	999.9000000000003	0.0	0.0	9997.65322580645	0.0	0.00152894	-3.664827419354839	409.9729032258064	413.38938709677416	0.7751286129032259	404.98493548387097	20.330570967741934	2.14030064516129	2.0616951612903223	18.52231935483871	17.926283870967744	999.989	0.9599854193548389	0.04001459677419356	0.0	1.811935483870968	0.0	7859.341290322581	7946.779354838708	37.1146129032258	39.82029032258063	38.39490322580644	39.15896774193546	37.63677419354837	959.9735483870968	40.0158064516129	0.0	1752251942.1	0.0	1752251941.6	09:39:01	1752251938.6	1752251941.6	7	-0.061	-0.072	-0.324	-0.226	405.0	20.0	0.23	0.09	-3.656002195121951	0.008714216027877258	0.03484739655126269	1	0.7726438780487805	0.09563594425087067	0.012999287494911855	1	2	2	2/2	3.45114	2.78038	0.0965837	0.0971474	0.109466	0.104871	27110.8	30765.8	29156.9	34671.7	30034.9	38321.1	35902	45644.9	2.1785	2.20907	0.0667274	0	26.994	999.9	65.8	26.3	22.2845	61.8755	24.8878	2	-0.0635747	0	20.293	5.20666	11.9685	4.98985	3.2712	3958.5	9999.0	9999.0	999.9	4.97262	1.86279	1.8646	1.86301	1.863	1.86356	1.86005	1.86288	0.0	0.0	0.0	0.0	11111111	oooooooo	on	on	on	on	0.0	100.0	100.0	-0.324	-0.226	0.021083887848071525	-0.0010337305037507979	9.120241388950126e-07	-2.246115299815222e-10	-0.5001579296526413	-0.01814858093373864	0.0020919599883593687	-1.9087170078860404e-05	2.0	2210.0	1.0	26.0	2.1	7.2	1.27319	2.36572	2.34863	2.70996	2.39868	2.32422	31.9585	15.3579	18	587.662	657.997	27.7052	26.7463	30.0004	26.5675	26.5116	25.5396	16.4998	62.6034	-999.9	405	20.2504	100.124	99.9009	
8	1752252021.6	1090.0999999046326	20250711 09:40:21	09:40:21	15	1752252013.5999994	0.0027006546931241716	2.7006546931241715	10.181539812865271	396.55748387096776	278.3731976180128	28.257117079785782	40.25377208183535	0.153834125816803	3.0	0.14958234876582804	0.09386118511026897	161.91244791510644	28.800421663800115	28.600032258064516	3.9296254800847543	54.90663735536329	2.1518341851479197	3.919078437131296	1.7777912949368346	-119.09887196677597	-7.488376800000362	-0.5472323789622385	34.77796676936787	10.181539812865271	2.7006546931241715	10.25808078912544	412.8731601676895	405.041406060606	-0.0038066975420151927	66.95320848277319	2.6675558030620223	19.162249262310983	21.155015757575757	-0.008569185363313716	79.29427289372596	56.0	7.0	1	0	53344.0	999.9835806451613	841.1857250705046	0.8411995370241933	0.1619151064566931	6.0	0.5	1: Needles	2.0	False	1752252013.5999994	396.55748387096776	404.99722580645164	21.19865806451613	19.216019354838714	396.8644838709678	21.38834193548387	799.9655483870969	101.40838709677419	0.09965075161290321	28.553732258064514	28.600032258064516	999.9000000000003	0.0	0.0	10000.76129032258	0.0	0.0015536	-8.453302258064516	405.13209677419366	412.9321612903226	1.9826374193548386	404.99722580645164	19.216019354838714	2.1497219354838712	1.9486658064516131	18.592461290322582	17.033248387096776	999.9835806451613	0.9600144838709677	0.039985332258064527	0.0	1.3048387096774192	0.0	10253.422903225808	7946.833870967741	36.30222580645161	38.888806451612886	37.51393548387096	38.110612903225785	36.87267741935483	959.9987096774194	39.983870967741936	0.0	1752252041.1	0.0	1752252038.6	09:40:38	1752252038.6	1752251941.6	8	0.017	-0.072	-0.307	-0.226	405.0	20.0	0.21	0.09	-8.440316750000001	-0.2857192120074956	0.038942304078437684	0	1.9870595000000002	0.02162589118198329	0.019739722889392346	1	1	2	1/2	3.45075	2.78075	0.09568	0.0971197	0.109883	0.100599	27133.7	30763.4	29152.6	34668.4	30016.6	38501.1	35896.7	45641	2.4174	2.20305	0.0959635	0	27.0329	999.9	66.4	26.5	22.7559	62.2055	25.008	2	-0.0555615	0	20.2935	5.211	11.9689	4.9913	3.272	3961.7	9999.0	9999.0	999.9	4.97263	1.86279	1.86462	1.86306	1.8631	1.86359	1.86008	1.86294	0.0	0.0	0.0	0.0	11111111	oooooooo	on	on	on	on	0.0	100.0	100.0	-0.307	-0.1917	-0.03983560335624137	-0.0010337305037507979	9.120241388950126e-07	-2.246115299815222e-10	-0.5717482443280651	-0.01814858093373864	0.0020919599883593687	-1.9087170078860404e-05	2.0	2210.0	1.0	26.0	1.4	1.3	1.27319	2.37183	2.34863	2.70874	2.39868	2.28516	32.1564	15.3404	18	768.601	654.138	27.8433	26.849	30.0005	26.6543	26.6035	25.5277	22.9199	64.3692	-999.9	405	19.2553	100.109	99.892	
9	1752252203.1	1271.5999999046326	20250711 09:43:23	09:43:23	15	1752252195.3499994	0.0015544077529239448	1.5544077529239448	4.042632797945647	401.4738666666667	315.92626849306555	32.07072960377899	40.754951724227716	0.08722638529605135	3.0	0.08584155271590549	0.053773560709804824	161.9182936638151	29.143404217018116	28.62145666666667	3.934514287570058	54.73170213730716	2.151425604205701	3.930858205009505	1.7830886833643569	-68.54938190394597	-2.5910107200001673	-0.18941364513468015	90.58848739473426	4.042632797945647	1.5544077529239448	3.975857902532675	413.2717843746168	410.23229696969685	-0.001008098126181918	66.95626184116269	1.6003760256413355	20.08056137134227	21.231349090909088	0.005995730523519841	79.23780509966893	45.0	6.0	1	0	53207.0	1000.0110999999999	841.2095945201114	0.8412002571972566	0.16191649639070516	6.0	0.5	1: Needles	2.0	False	1752252195.3499994	401.4738666666667	404.9738666666666	21.193526666666664	20.052433333333333	401.8438666666667	21.383413333333333	800.0034666666667	101.41333333333333	0.10000317	28.60543666666667	28.62145666666667	999.9000000000002	0.0	0.0	10000.505000000001	0.0	0.0015795856666666664	-3.4354069999999997	410.2326999999999	413.2607	1.141081	404.9738666666666	20.052433333333333	2.149305	2.033585	18.589356666666667	17.708276666666663	1000.0110999999999	0.9599919666666666	0.040008286666666656	0.0	2.074666666666667	0.0	7193.3443333333325	7946.975333333334	35.57893333333333	38.67893333333333	36.87480000000001	37.76013333333333	36.2956	960.0016666666668	40.009	0.0	1752252222.9	0.0	1752252224.6	09:43:44	1752252224.6	1752251941.6	9	-0.063	-0.072	-0.37	-0.226	405.0	20.0	0.29	0.09	-3.43327325	0.02681752345216215	0.01677505549730012	1	1.142888	-0.05907129455910209	0.010489444742215857	1	2	2	2/2	3.4512	2.78079	0.0965763	0.0970884	0.110125	0.103961	27102.3	30759.1	29148.2	34662.9	30004.9	38351.4	35892.1	45634	2.4312	2.19985	0.089094	0	27.1986	999.9	67.3	26.8	23.4761	62.2755	24.9359	2	-0.0452007	0	20.2953	5.20771	11.9697	4.9901	3.272	3967.2	9999.0	9999.0	999.9	4.97264	1.8628	1.86462	1.86309	1.8631	1.86365	1.86011	1.86295	0.0	0.0	0.0	0.0	11111111	oooooooo	on	on	on	on	0.0	100.0	100.0	-0.37	-0.1882	-0.02273558310057011	-0.0010337305037507979	9.120241388950126e-07	-2.246115299815222e-10	-0.5717482443280651	-0.01814858093373864	0.0020919599883593687	-1.9087170078860404e-05	2.0	2210.0	1.0	26.0	2.7	4.4	1.27441	2.37305	2.34741	2.70874	2.39868	2.2876	32.4433	15.3141	18	782.098	653.17	27.9922	26.989	30.0005	26.7931	26.7439	25.5735	20.9479	71.2043	-999.9	405	20.1132	100.095	99.8766	
10	1752252310.6	1379.0999999046326	20250711 09:45:10	09:45:10	15	1752252302.5999994	0.0014542944043080674	1.4542944043080674	7.498426911394016	398.92093548387095	240.90832172561323	24.456223494793605	40.49714632131956	0.08168173761091616	3.0	0.08046604356606586	0.05039899522081037	161.91166434534236	29.3652730178413	28.72628387096774	3.9585112209343367	54.810586194213506	2.179224464562195	3.9759189161751043	1.7792867563721417	-64.13438322998577	12.242893470967848	0.8963484773149324	110.91652306363937	7.498426911394016	1.4542944043080674	7.446915274109306	413.41926187386326	407.7118303030302	0.0017822157026523178	66.95410411127651	1.478207119746509	20.40601600094124	21.48978666666666	0.0002606332604553395	79.26981075405402	0	0.0	1	0	53385.0	999.979258064516	841.182045560849	0.8411994936664758	0.16191502277629868	6.0	0.5	1: Needles	2.0	False	1752252302.5999994	398.92093548387095	404.9797741935484	21.466654838709683	20.399364516129033	399.30593548387094	21.64471290322581	800.012258064516	101.4168064516129	0.0999170870967742	28.80198064516129	28.72628387096774	999.9000000000003	0.0	0.0	10010.12741935484	0.0	0.0015421948387096772	-6.04161193548387	407.68993548387095	413.41316129032253	1.0672883870967742	404.9797741935484	20.399364516129033	2.1770796774193553	2.06883870967742	18.794635483870962	17.98125806451613	999.979258064516	0.9600154516129036	0.03998422258064515	0.0	2.690483870967742	0.0	9105.044516129032	7946.801935483871	37.08045161290322	41.09454838709676	38.53809677419355	40.35054838709677	37.8042258064516	959.996129032258	39.98225806451613	0.0	1752252330.3	0.0	1752252327.6	09:45:27	1752252327.6	1752251941.6	10	-0.015	-0.072	-0.385	-0.226	405.0	20.0	0.2	0.09	-6.03580225	-0.033589530956850466	0.02714145827765152	1	1.069016	-0.009170206378990329	0.007510129093431078	1	2	2	2/2	3.4514	2.78046	0.0960922	0.0970721	0.111001	0.105129	27111.5	30754.3	29142.9	34657.5	29969.7	38296.4	35885.3	45627.9	2.50478	2.19648	0.0815541	0	27.4312	999.9	67.3	27	23.7511	61.6255	24.8397	2	-0.0351651	0	20.295	5.211	11.973	4.9897	3.272	3970.4	9999.0	9999.0	999.9	4.97262	1.86283	1.86462	1.8631	1.8631	1.86365	1.86014	1.86295	0.0	0.0	0.0	0.0	11111111	oooooooo	on	on	on	on	0.0	100.0	100.0	-0.385	-0.177	-0.08614431569616693	-0.0010337305037507979	9.120241388950126e-07	-2.246115299815222e-10	-0.5717482443280651	-0.01814858093373864	0.0020919599883593687	-1.9087170078860404e-05	2.0	2210.0	1.0	26.0	1.4	6.2	1.27563	2.37305	2.34741	2.7063	2.39868	2.30225	32.6204	15.3141	18	848.364	651.799	28.1288	27.1129	30.0007	26.9095	26.8627	25.5946	20.4971	73.5564	-999.9	405	20.4071	100.076	99.8622	
11	1752252491.6	1560.0999999046326	20250711 09:48:11	09:48:11	15	1752252483.5999994	0.0008504151511512538	0.8504151511512538	4.629323191971141	401.2740322580645	229.75054374644589	23.32422338201574	40.737249249422376	0.04601918597400835	3.0	0.045630582211890425	0.02855375473389407	161.9148143200083	29.726304607996948	29.096183870967746	4.044211251432511	54.931965013564145	2.210475849788775	4.024024717198722	1.833735401643736	-37.50330816577029	-13.991729187097771	-1.0273312692984307	109.39244569784181	4.629323191971141	0.8504151511512538	4.603654858754311	413.72178772581344	410.19731515151494	-0.0008425531055756369	66.95280607522822	0.9282086055312672	21.129410967055787	21.812170909090906	-0.00044809229389536354	79.29106183815009	40.0	5.0	1	0	53244.0	999.989193548387	841.1912018706378	0.8412002922608929	0.1619165640635232	6.0	0.5	1: Needles	2.0	False	1752252483.5999994	401.2740322580645	405.00193548387097	21.773845161290325	21.14992580645161	401.6510322580645	21.988845161290325	800.0056451612902	101.41974193548387	0.10003251935483871	29.009674193548385	29.096183870967746	999.9000000000003	0.0	0.0	10005.81129032258	0.0	0.00152894	-3.7344903225806445	410.2211290322581	413.75277419354836	0.6766622258064514	405.00193548387097	21.14992580645161	2.213646451612903	2.14502	19.061409677419356	18.55749677419354	999.989193548387	0.9599925806451611	0.04000750967741933	0.0	2.5335483870967743	0.0	6012.986129032258	7946.811612903227	36.844548387096765	39.57041935483871	38.12674193548385	38.85648387096773	37.45535483870967	959.9809677419355	40.009354838709676	0.0	1752252511.5	0.0	1752252512.6	09:48:32	1752252512.6	1752252509.6	11	0.008	-0.025	-0.377	-0.215	405.0	21.0	0.28	0.13	-3.7333219512195117	0.08364167247386989	0.02712031164108951	1	0.6626214390243903	0.2073091149825793	0.02534415761515643	0	1	2	1/2	3.4518	2.78009	0.0964765	0.0970349	0.112064	0.107683	27091.7	30746.5	29134.7	34648.2	29925.6	38177.6	35875.1	45616.3	2.43278	2.19245	0.0882	0	27.6722	999.9	67.6	27.3	24.2785	61.8555	24.8518	2	-0.019032	0	20.2923	5.20516	11.9712	4.988	3.27095	3976.4	9999.0	9999.0	999.9	4.97265	1.86288	1.86472	1.8631	1.8631	1.86371	1.8602	1.86295	0.0	0.0	0.0	0.0	11111111	oooooooo	on	on	on	on	0.0	100.0	100.0	-0.377	-0.215	-0.10095868627380433	-0.0010337305037507979	9.120241388950126e-07	-2.246115299815222e-10	-0.5717482443280651	-0.01814858093373864	0.0020919599883593687	-1.9087170078860404e-05	2.0	2210.0	1.0	26.0	2.7	9.2	1.27808	2.37549	2.34741	2.70264	2.39868	2.30103	32.9092	15.2878	18	787.721	650.734	28.3202	27.3305	30.0003	27.1099	27.0533	25.6297	19.2465	78.1182	-999.9	405	21.065	100.048	99.8362	
12	1752252600.6	1669.0999999046326	20250711 09:50:00	09:50:00	15	1752252592.5999994	0.0009686704566896845	0.9686704566896844	1.730661912142012	403.39009677419347	339.37135405899244	34.4535523879222	40.95284314881442	0.05268101645644943	3.0	0.05217242976155339	0.03265305378358657	161.9177102794929	29.548579622316286	28.942041935483868	4.008304369106863	54.661030359299076	2.180836482121116	3.989746383824077	1.827467886985747	-42.71836714001508	-12.961314348386733	-0.9502477638604062	105.28778102723066	1.730661912142012	0.9686704566896844	1.6632851842113858	413.5932231052698	412.3153151515152	0.0011852129855472687	66.95314511315411	1.0763358313452656	20.803106971965093	21.56646545454545	0.006612421338741483	79.28526869619593	17.0	2.0	1	0	53238.0	1000.0101290322579	841.2085569290367	0.8412000363867329	0.1619160702263945	6.0	0.5	1: Needles	2.0	False	1752252592.5999994	403.39009677419347	404.9811290322581	21.48148387096774	20.770599999999998	403.78009677419345	21.70948387096774	800.0141935483871	101.42138709677421	0.10029991612903225	28.86190322580645	28.942041935483868	999.9000000000003	0.0	0.0	9995.356451612903	0.0	0.00152894	-1.5777399999999997	412.27106451612906	413.5712580645161	0.738662	404.9811290322581	20.770599999999998	2.1815	2.1065841935483873	18.827070967741935	18.269025806451612	1000.0101290322579	0.9599983225806452	0.04000186451612904	0.0	3.804193548387097	0.0	6865.056451612903	7946.98870967742	35.92722580645161	38.50587096774192	37.14699999999999	37.75980645161289	36.568290322580644	960.0083870967744	40.001612903225805	0.0	1752252620.1	0.0	1752252620.6	09:50:20	1752252617.6	1752252620.6	12	-0.013	0.003	-0.39	-0.228	405.0	21.0	0.54	0.14	-1.5740951219512194	-0.08106564459930417	0.034631414057460494	1	0.7442621707317073	-0.0819571567944245	0.01752097256029628	1	2	2	2/2	3.45159	2.7805	0.0968636	0.097026	0.1113	0.106502	27082	30750	29136.8	34651.8	29954.2	38233.2	35878.1	45622.3	2.46548	2.19107	0.101753	0	27.2835	999.9	67.7	27.5	24.602	61.9355	24.9038	2	-0.0200534	0	20.2929	5.20771	11.9712	4.9892	3.2714	3979.6	9999.0	9999.0	999.9	4.97265	1.86291	1.86474	1.8631	1.86311	1.86371	1.8602	1.86296	0.0	0.0	0.0	0.0	11111111	oooooooo	on	on	on	on	0.0	100.0	100.0	-0.39	-0.228	-0.0931574104348799	-0.0010337305037507979	9.120241388950126e-07	-2.246115299815222e-10	-0.5968979012785557	-0.01814858093373864	0.0020919599883593687	-1.9087170078860404e-05	2.0	2210.0	1.0	26.0	1.5	1.5	1.27808	2.37671	2.34741	2.70142	2.39868	2.26074	33.0429	15.2703	18	816.461	649.894	28.3435	27.3384	30	27.1352	27.0777	25.6347	21.4329	80.05	-999.9	405	20.8162	100.056	99.8481	
13	1752252715.1	1783.5999999046326	20250711 09:51:55	09:51:55	15	1752252707.3499994	0.0007772544671048267	0.7772544671048267	2.689824773760638	402.7303	296.02864281935393	30.053055626876123	40.88548997575992	0.044720869478442525	3.0	0.04435378901524113	0.027753847567849006	161.90739779161248	29.72421917157324	28.54189	3.916384763970743	54.50928816307788	2.1908493398530604	4.0192220696381105	1.7255354241176826	-34.27692199932286	72.31971328000031	5.29487227887972	205.24506135116965	2.689824773760638	0.7772544671048267	2.6893822784914887	413.70344086909853	411.64300606060607	3.365656145029126e-05	66.95013987707357	0.8946558773900275	21.037200509637046	21.66795999999999	0.006415415919685486	79.35270985344692	0	0.0	1	0	53216.0	999.9460999999999	841.1547241200064	0.8412000648034994	0.1619161250707538	6.0	0.5	1: Needles	2.0	False	1752252707.3499994	402.7303	404.98243333333335	21.580306666666665	21.009946666666664	403.0803	21.799306666666666	800.0011333333334	101.42069999999998	0.10006954666666666	28.989036666666667	28.54189	999.9000000000002	0.0	0.0	9997.503333333332	0.0	0.00152894	-2.2916170000000005	411.5834000000001	413.67369999999994	0.5958567666666668	404.98243333333335	21.009946666666664	2.191275666666667	2.130844333333333	18.898646666666668	18.451630000000005	999.9460999999999	0.9599971666666668	0.04000275666666667	0.0	1.3503333333333332	0.0	5824.121000000001	7946.477333333332	35.52266666666666	38.414333333333325	36.76853333333333	37.58516666666666	36.2393	959.946	40.0	0.0	1752252734.7	0.0	1752252735.1	09:52:15	1752252733.1	1752252735.1	13	0.041	-0.002	-0.35	-0.219	405.0	21.0	0.48	0.2	-2.281664390243902	-0.08445177700348964	0.035421763328653225	1	0.5905526341463415	0.08429811846689858	0.018192039944820815	1	2	2	2/2	3.45157	2.78047	0.0967372	0.097028	0.111639	0.107344	27086.8	30751.1	29137.9	34653.1	29944.4	38199.6	35880.2	45625.2	2.50293	2.18967	0.064604	0	27.5527	999.9	67.7	27.6	24.7458	62.1655	25	2	-0.0205818	0	20.2946	5.20621	11.9697	4.98915	3.27132	3983.1	9999.0	9999.0	999.9	4.97264	1.86294	1.86477	1.8631	1.86313	1.86371	1.8602	1.86297	0.0	0.0	0.0	0.0	11111111	oooooooo	on	on	on	on	0.0	100.0	100.0	-0.35	-0.219	-0.10615014041968229	-0.0010337305037507979	9.120241388950126e-07	-2.246115299815222e-10	-0.5942641934792109	-0.01814858093373864	0.0020919599883593687	-1.9087170078860404e-05	2.0	2210.0	1.0	26.0	1.6	1.6	1.2793	2.38159	2.34741	2.70142	2.39868	2.28394	33.1545	15.2528	18	850.226	649.042	28.4121	27.3453	30.0004	27.1513	27.1028	25.6507	21.0206	82.4189	-999.9	405	21.1289	100.061	99.8534	
14	1752252829.1	1897.5999999046326	20250711 09:53:49	09:53:49	15	1752252821.0999994	0.0004902643726723073	0.4902643726723073	1.676002218469048	403.56864516129036	288.68398720468934	29.304939218360243	40.96713063791124	0.025810190632194436	3.0	0.02568745994866666	0.016065640552588925	161.91326240665916	30.048020300826494	29.314567741935484	4.095563133992774	54.39907968470552	2.218380582416512	4.077974471763384	1.8771825515762615	-21.620658834848754	-12.054027561290646	-0.8870309162018594	127.35154509431788	1.676002218469048	0.4902643726723073	1.621215195808203	413.9078908685299	412.65988484848475	0.0015970656247442491	66.95236743140964	0.6074263530039554	21.600448119859724	21.970101212121218	0.018984334661092638	79.29730371427706	45.0	6.0	1	0	53189.0	999.986483870968	841.1883457163036	0.8411997154801998	0.1619154508767855	6.0	0.5	1: Needles	2.0	False	1752252821.0999994	403.56864516129036	404.97403225806454	21.853345161290314	21.49368387096774	403.97364516129034	22.049345161290315	800.0034516129031	101.41232258064515	0.09985169032258065	29.240038709677417	29.314567741935484	999.9000000000003	0.0	0.0	9999.387096774193	0.0	0.0015782600000000002	-1.3494490322580646	412.6472580645161	413.8695483870967	0.37193964516129036	404.97403225806454	21.49368387096774	2.2174412903225806	2.1797216129032257	19.088854838709683	18.81395483870968	999.986483870968	0.9600110645161287	0.039988903225806456	0.0	2.2446774193548387	0.0	6271.761935483871	7946.840967741935	37.13683870967742	41.13690322580645	38.59454838709676	40.5300322580645	37.91509677419354	959.9970967741934	39.99	0.0	1752252848.7	0.0	1752252846.1	09:54:06	1752252845.1	1752252846.1	14	-0.056	-0.007	-0.405	-0.196	405.0	22.0	0.4	0.16	-1.3461699999999999	-0.05634543554006972	0.01771444842287867	1	0.38344848780487806	-0.3034117421602788	0.03631725650170766	0	1	2	1/2	3.45218	2.78117	0.0968636	0.0969918	0.112673	0.109353	27078.9	30746.5	29133.8	34647.1	29905.4	38107.5	35875.3	45617.7	2.42435	2.18747	0.0924394	0	27.8361	999.9	67.7	27.8	25.0413	61.9855	24.8598	2	-0.0120859	0	20.2954	5.20995	11.9728	4.9904	3.272	3986.6	9999.0	9999.0	999.9	4.97264	1.86295	1.86478	1.86312	1.86315	1.86371	1.8602	1.86299	0.0	0.0	0.0	0.0	11111111	oooooooo	on	on	on	on	0.0	100.0	100.0	-0.405	-0.196	-0.06558957026846024	-0.0010337305037507979	9.120241388950126e-07	-2.246115299815222e-10	-0.5960152264059281	-0.01814858093373864	0.0020919599883593687	-1.9087170078860404e-05	2.0	2210.0	1.0	26.0	1.6	1.6	1.2793	2.37549	2.34741	2.70142	2.39868	2.29126	33.3335	15.2528	18	782.297	648.268	28.5625	27.4422	30.0004	27.2411	27.191	25.6693	19.1979	85.8764	-999.9	405	21.6995	100.047	99.8365	
15	1752252949.1	2017.5999999046326	20250711 09:55:49	09:55:49	15	1752252941.0999994	0.0028936094279317917	2.893609427931792	6.082394377864057	399.5437419354838	327.3984211402165	33.2337930134671	40.55717181856292	0.16228007264406655	3.0	0.15755632718835957	0.09888566087920898	161.91869731309143	29.638047233496444	29.19058709677419	4.066340395359674	54.78637371837776	2.260171436010702	4.125426237605759	1.8061689593489723	-127.60817577179202	40.41521775483887	2.975201051148849	77.70094034728712	6.082394377864057	2.893609427931792	6.0888813589608155	413.21448929925504	408.5559757575756	-0.0005479107278127422	66.94885636983162	2.88090782062287	20.15528276087832	22.26699999999998	0.00019242315531808437	79.38219906538757	114.0	14.0	1	0	53346.0	1000.0168709677419	841.2141740515767	0.8411999821938126	0.16191596563405833	6.0	0.5	1: Needles	2.0	False	1752252941.0999994	399.5437419354838	404.97241935483873	22.265787096774186	20.143983870967748	399.9277419354838	22.437945161290326	800.0310967741934	101.40848387096774	0.10023109999999999	29.440470967741934	29.19058709677419	999.9000000000003	0.0	0.0	9997.135483870969	0.0	0.0015535999999999998	-5.447916451612904	408.6229032258065	413.2980967741935	2.1217932258064516	404.97241935483873	20.143983870967748	2.257939677419355	2.0427712903225803	19.379422580645162	17.77981612903226	1000.0168709677419	0.9599983548387099	0.040001312903225804	0.0	0.15887096774193563	0.0	6557.321290322581	7947.046774193549	37.43125806451613	40.417032258064495	38.73764516129031	39.95335483870966	38.04412903225806	960.0148387096774	40.0	0.0	1752252968.7	0.0	1752252969.1	09:56:09	1752252969.1	1752252846.1	15	0.022	-0.007	-0.384	-0.196	405.0	22.0	0.31	0.16	-5.4415436585365855	-0.09367944250872014	0.023196150832506257	1	2.137243170731707	-0.23087811846689604	0.02419189457477834	0	1	2	1/2	3.45133	2.78088	0.0960786	0.0969346	0.113663	0.104237	27095.4	30742.7	29126.6	34641.3	29864.3	38320.6	35866.1	45610.5	2.31805	2.18105	0.0712648	0	28.0518	999.9	67.6	28	25.2954	61.8955	24.9479	2	-0.000754573	0	20.293	5.21085	11.9736	4.99075	3.272	3990.1	9999.0	9999.0	999.9	4.97262	1.86295	1.86476	1.86312	1.86317	1.86371	1.8602	1.86297	0.0	0.0	0.0	0.0	11111111	oooooooo	on	on	on	on	0.0	100.0	100.0	-0.384	-0.172	-0.12130481829318446	-0.0010337305037507979	9.120241388950126e-07	-2.246115299815222e-10	-0.6025442360354236	-0.01814858093373864	0.0020919599883593687	-1.9087170078860404e-05	2.0	2210.0	1.0	26.0	1.7	1.7	1.2793	2.3877	2.34863	2.66479	2.39868	2.24854	33.5355	15.2265	18	697.423	644.416	28.755	27.5851	30.0005	27.3673	27.3106	25.6523	25.8037	86.74	-999.9	405	20.2545	100.022	99.8203	
16	1752253072.6	2141.0999999046326	20250711 09:57:52	09:57:52	15	1752253064.8499994	0.0014116701664272178	1.4116701664272178	6.223675135757953	399.9076333333333	270.4003588225204	27.446550355671945	40.59197644447348	0.08383442861119046	3.0	0.08255435327985657	0.05170985227259105	161.91232152392126	30.139347260423587	28.73543	3.960610984364369	54.8280644880214	2.278256558043058	4.15527445536729	1.6823544263213113	-62.25465433944031	134.25543623999977	9.867167408545667	243.7802708330264	6.223675135757953	1.4116701664272178	6.214263780843339	413.8836418736364	409.1181151515152	0.0008645869394520502	66.94978500274115	1.4332964121249117	21.415092289755407	22.465003636363623	0.0002250759464426704	79.3437372699521	80.0	10.0	1	0	53186.0	999.9805666666666	841.183377079752	0.841199724394396	0.16191546808118432	6.0	0.5	1: Needles	2.0	False	1752253064.8499994	399.9076333333333	404.9987333333333	22.445130000000002	21.41015333333333	400.2996333333333	22.609236666666664	800.0093666666667	101.40329999999999	0.10007993333333333	29.56552	28.73543	999.9000000000002	0.0	0.0	10000.548333333334	0.0	0.00152894	-5.080927333333334	409.1001	413.8596	1.034972	404.9987333333333	21.41015333333333	2.276012333333333	2.1710633333333336	19.507629999999995	18.750369999999997	999.9805666666666	0.9600090666666665	0.03999059	0.0	0.4894999999999997	0.0	6407.9529999999995	7946.795666666666	36.508199999999995	39.207999999999984	37.724799999999995	38.49153333333332	37.1622	959.9896666666667	39.99	0.0	1752253092.3	0.0	1752253092.6	09:58:12	1752253092.6	1752252846.1	16	-0.008	-0.007	-0.392	-0.196	405.0	22.0	0.2	0.16	-5.08042825	-0.0822131707316966	0.020353506686502505	1	1.0315335	0.09197583489680682	0.009025643619709351	1	2	2	2/2	3.45197	2.78052	0.0961267	0.096931	0.114293	0.108587	27090.2	30738.9	29123	34637.3	29839.9	38131.1	35862	45606.2	2.36832	2.1794	0.038106	0	28.2078	999.9	67.1	28.2	25.4063	62.0155	24.8798	2	0.00766006	0	20.2926	5.21115	11.973	4.9896	3.272	3994.0	9999.0	9999.0	999.9	4.97263	1.86295	1.86478	1.86322	1.86324	1.86371	1.8602	1.86307	0.0	0.0	0.0	0.0	11111111	oooooooo	on	on	on	on	0.0	100.0	100.0	-0.392	-0.1631	-0.09985732942968023	-0.0010337305037507979	9.120241388950126e-07	-2.246115299815222e-10	-0.6025442360354236	-0.01814858093373864	0.0020919599883593687	-1.9087170078860404e-05	2.0	2210.0	1.0	26.0	1.7	3.8	1.28052	2.39014	2.34741	2.66724	2.39868	2.28271	33.7381	15.209	18	738.817	644.441	28.9207	27.7114	30.0006	27.4843	27.4298	25.6874	21.0127	86.8876	-999.9	405	21.3711	100.01	99.8101	
17	1752253178	2246.5	20250711 09:59:38	09:59:38	15	1752253170.0	0.003255363755639583	3.255363755639583	8.719950003551675	397.57535483870976	309.3901296635639	31.40339917249708	40.35428532488675	0.18431168176524282	3.0	0.17824406283208155	0.11193105070963828	161.91595522684332	29.68139336476472	29.32824516129032	4.098798142545116	55.402967747422046	2.3034974587936334	4.157714924758372	1.7953006837514822	-143.5615416237056	40.02392098064568	2.9503867091850564	61.32872129296846	8.719950003551675	3.255363755639583	8.88839733033836	413.36450888400475	406.6361575757575	-0.022544537305826496	66.94992441616827	3.0813180377356524	20.22065659610852	22.53116484848484	-0.012921539878829737	79.34153867147408	41.0	5.0	1	0	53115.0	999.9997419354839	841.1997813677443	0.8411999984516149	0.16191599701161674	6.0	0.5	1: Needles	2.0	False	1752253170.0	397.57535483870976	405.08587096774187	22.69433870967742	20.308267741935484	397.93835483870976	22.84717096774193	800.0144516129031	101.40109677419352	0.09987614516129031	29.575709677419354	29.32824516129032	999.9000000000003	0.0	0.0	10008.665161290322	0.0	0.00152894	-7.536259354838709	406.7812258064515	413.48299999999995	2.386071612903226	405.08587096774187	20.308267741935484	2.3012312903225802	2.059281290322581	19.684793548387095	17.90753870967742	999.9997419354839	0.9600022903225809	0.0399975806451613	0.0	-0.9270967741935484	0.0	8109.5519354838725	7946.9219354838715	35.96138709677418	38.711387096774175	37.17306451612903	38.019999999999996	36.672999999999995	960.0012903225806	40.0	0.0	1752253197.9	0.0	1752253197	09:59:57	1752253197	1752252846.1	17	0.029	-0.007	-0.363	-0.196	405.0	22.0	0.17	0.16	-7.5348837500000005	-0.030678011257019393	0.027660765055173425	1	2.40441825	-0.4682488930581675	0.05275209530850409	0	1	2	1/2	3.45125	2.78023	0.0956546	0.0968977	0.114461	0.104101	27100.4	30736.6	29119	34633.9	29830.6	38319.8	35857.3	45602.1	2.4246	2.17462	0.0719875	0	28.1872	999.9	66.8	28.3	25.4405	61.9455	24.9679	2	0.013628	0	20.2928	5.2113	11.9733	4.99085	3.272	3997.1	9999.0	9999.0	999.9	4.97263	1.86295	1.86478	1.86325	1.86325	1.86375	1.8602	1.86307	0.0	0.0	0.0	0.0	11111111	oooooooo	on	on	on	on	0.0	100.0	100.0	-0.363	-0.1606	-0.10764414651055465	-0.0010337305037507979	9.120241388950126e-07	-2.246115299815222e-10	-0.6025442360354236	-0.01814858093373864	0.0020919599883593687	-1.9087170078860404e-05	2.0	2210.0	1.0	26.0	1.4	5.5	1.28052	2.38403	2.34741	2.66968	2.39868	2.28638	33.8735	15.2003	18	786.948	641.534	29.0393	27.8106	30.0002	27.5723	27.5145	25.6704	26.3976	87.4258	-999.9	405	20.1834	99.9965	99.8008	
18	1752253311	2379.5	20250711 10:01:51	10:01:51	15	1752253303.0	0.00425390104855382	4.25390104855382	10.072944445044365	396.17293548387084	316.07663828424853	32.08093872347962	40.21050001085283	0.2402715789359838	3.0	0.23006986729023518	0.14467415416852908	161.91350563709258	29.530045325050846	29.356632258064515	4.105519421876894	54.706742344745564	2.28798026340355	4.182263767389733	1.8175391584733434	-187.59703624122346	51.96368988387017	3.833015720694804	30.113175000434104	10.072944445044365	4.25390104855382	10.136554768656774	413.025825790253	405.27313333333336	-0.00011286611065761961	66.94970886750038	4.283008367913527	19.455917696278373	22.57250545454545	0.0058044681594357555	79.34640953359612	165.0	21.0	1	0	53178.0	999.9807419354837	841.1841233419666	0.8412003232320625	0.16191662383788072	6.0	0.5	1: Needles	2.0	False	1752253303.0	396.17293548387084	404.9916774193549	22.542267741935486	19.423735483870967	396.53493548387087	22.701987096774197	799.9933548387098	101.39745161290325	0.09989060645161289	29.677919354838703	29.356632258064515	999.9000000000003	0.0	0.0	10003.387096774193	0.0	0.00157826	-8.815843225806454	405.31254838709674	413.01393548387097	3.1185293548387105	404.9916774193549	19.423735483870967	2.285728709677419	1.969518387096774	19.576174193548386	17.201370967741937	999.9807419354837	0.9599900645161287	0.04000997096774193	0.0	1.2612903225806453	0.0	9908.36129032258	7946.726451612902	35.5	38.262	36.665	37.625	36.25	959.9706451612905	40.01	0.0	1752253331.1	0.0	1752253330	10:02:10	1752253330	1752252846.1	18	0.001	-0.007	-0.362	-0.196	405.0	22.0	0.14	0.16	-8.787461500000001	-0.47757455909939067	0.0522279912283632	0	3.11431625	0.030868255159465167	0.012052929454597325	1	1	2	1/2	3.45111	2.78092	0.0953745	0.0968665	0.114608	0.101465	27107.2	30736.2	29117.6	34632.8	29824.7	38431.7	35855.9	45600.9	2.23032	2.16963	0.0644326	0	28.3136	999.9	66.4	28.5	25.5838	61.7555	25.0841	2	0.0186179	0	20.2925	5.2104	11.9728	4.99035	3.272	4001.3	9999.0	9999.0	999.9	4.97265	1.86295	1.86478	1.86325	1.86325	1.86382	1.86021	1.86309	0.0	0.0	0.0	0.0	11111111	oooooooo	on	on	on	on	0.0	100.0	100.0	-0.362	-0.1582	-0.07858149137202436	-0.0010337305037507979	9.120241388950126e-07	-2.246115299815222e-10	-0.6025442360354236	-0.01814858093373864	0.0020919599883593687	-1.9087170078860404e-05	2.0	2210.0	1.0	26.0	1.9	7.7	1.2793	2.38403	2.34741	2.66968	2.39868	2.28149	34.0771	15.1915	18	635.111	638.512	29.1642	27.8969	30.0003	27.6668	27.6045	25.662	28.3659	87.6161	-999.9	405	19.554	99.9922	99.7979	
19	1752253459	2527.5	20250711 10:04:19	10:04:19	15	1752253451.0	0.0009433376575893104	0.9433376575893104	4.047648159261095	401.663870967742	253.73997187417228	25.755551684907136	40.77037808532427	0.047479140129902675	3.0	0.04706560795503618	0.029452858861203763	161.91522251883833	30.610535241376894	30.104161290322583	4.2860063356463645	54.658489852754975	2.3177432023920583	4.240408413470348	1.9682631332543061	-41.60119069968859	-30.119417032258713	-2.232605282355889	87.96200950453516	4.047648159261095	0.9433376575893104	4.20782229074494	414.18880418011247	411.05773939393936	-0.028562718738405556	66.94635396844431	1.013709749984476	22.157707801758594	22.89897636363636	0.00039685991745294614	79.49832170851599	20.0	3.0	1	0	53163.0	999.995129032258	841.1959083483869	0.8412000058064797	0.16191601120650584	6.0	0.5	1: Needles	2.0	False	1752253451.0	401.663870967742	404.98370967741937	22.834070967741937	22.14273870967742	402.016870967742	23.022070967741936	800.0182903225806	101.40364516129029	0.10007730967741936	29.917935483870966	30.104161290322583	999.9000000000003	0.0	0.0	10003.71129032258	0.0	0.0015535999999999998	-3.3269780645161293	411.06083870967734	414.1543225806452	0.7348339677419354	404.98370967741937	22.14273870967742	2.319870322580645	2.245355806451613	19.815035483870968	19.289641935483868	999.995129032258	0.9600014193548388	0.03999888387096774	0.0	-1.2383870967741937	0.0	7344.079677419354	7946.879677419355	35.407	38.18699999999998	36.5	37.56199999999998	36.125	959.9951612903225	40.0	0.0	1752253478.7	0.0	1752253477	10:04:37	1752253475	1752253477	19	0.009	-0.013	-0.353	-0.188	405.0	22.0	0.29	0.07	-3.3332582926829266	0.06736787456446194	0.026925868321930592	1	0.7387259268292683	-0.04954697560975504	0.007820569919941558	1	2	2	2/2	3.45227	2.78069	0.0963597	0.0968489	0.115675	0.111125	27067.6	30726.6	29107.3	34621.8	29777.9	38007	35842.6	45587	2.45045	2.17015	0.09083	0	28.641	999.9	65.9	28.8	25.8347	61.8055	24.8638	2	0.0324619	0	20.2927	5.20995	11.9734	4.9897	3.272	4005.8	9999.0	9999.0	999.9	4.97266	1.863	1.86484	1.86325	1.86325	1.86385	1.86025	1.8631	0.0	0.0	0.0	0.0	11111111	oooooooo	on	on	on	on	0.0	100.0	100.0	-0.353	-0.188	-0.07735973935694712	-0.0010337305037507979	9.120241388950126e-07	-2.246115299815222e-10	-0.6025442360354236	-0.01814858093373864	0.0020919599883593687	-1.9087170078860404e-05	2.0	2210.0	1.0	26.0	2.1	10.2	1.28296	2.38281	2.34741	2.6709	2.39868	2.30713	34.3269	15.174	18	812.84	640.848	29.3456	28.0702	30.0005	27.8258	27.7739	25.7266	19.1327	88.4565	-999.9	405	22.1334	99.9559	99.767	
20	1752253584.5	2653.0	20250711 10:06:24	10:06:24	15	1752253576.75	-0.008451850114238036	-8.451850114238036	-6.79081185062938	412.6972666666667	363.1308292024529	36.832975366297525	41.86058311341244	-0.30904622603718235	3.0	-0.3279023782544827	-0.20314962616083904	161.9017095364837	32.9565966962388	29.63024	4.170796406018051	38.55249521317193	1.6311166568016722	4.230897761046557	2.539679749216379	372.7265900378974	40.21296080000071	2.973227504769654	577.8144878791514	-6.79081185062938	-8.451850114238036	-6.798221596787957	414.25480081237197	419.46966060606024	1.4133538066506345e-05	66.94709273304298	-8.352777349627296	22.326486114931214	16.13383272727273	0.0073313453990491665	79.47985236263203	800.0	100.0	1	0	52874.0	999.9090333333334	841.1237060396288	0.8412002272202983	0.1619164385351758	6.0	0.5	1: Needles	2.0	False	1752253576.75	412.6972666666667	404.9883333333334	16.080936666666666	22.317713333333334	413.10626666666667	16.51172	800.0225333333333	101.4042	0.027494596666666662	29.87887333333334	29.63024	999.9000000000002	0.0	0.0	9999.976666666667	0.0	0.0016133500000000002	7.762004333333334	419.49616666666674	414.23310000000004	-6.2367826666666675	404.9883333333334	22.317713333333334	1.6306736666666666	2.263108	14.251730000000002	19.416193333333332	999.9090333333334	0.9599931666666668	0.04000687	0.0	2.7745	0.0	7338.654666666665	7946.170999999999	35.3708	38.18699999999999	36.516533333333335	37.58299999999999	36.104	959.9066666666666	40.004	0.0	1752253604.1	0.0	1752253609.5	10:06:49	1752253609.5	1752253477	20	-0.057	-0.013	-0.409	-0.188	405.0	22.0	0.32	0.07	7.77471125	-0.4221445778611796	0.04801868866324331	0	-6.2524485	0.3677981988743113	0.035409320986853156	0	0	2	0/2	3.45239	2.70802	0.0982172	0.096823	0.0911644	0.111664	27004.7	30719.9	29100.3	34614.1	30606.6	37975.8	35835.8	45576.9	0.301	2.1656	0.058502	0	28.7487	999.9	65.7	29	26.0584	61.9655	19.8878	2	0.0451092	0	20.2921	5.20666	11.974	4.98925	3.27125	4009.6	9999.0	9999.0	999.9	4.97263	1.86303	1.86483	1.86325	1.86327	1.86386	1.86034	1.8631	0.0	0.0	0.0	0.0	11111111	oooooooo	on	on	on	on	0.0	100.0	100.0	-0.409	-0.4289	-0.06866081270035873	-0.0010337305037507979	9.120241388950126e-07	-2.246115299815222e-10	-0.6155624923651654	-0.01814858093373864	0.0020919599883593687	-1.9087170078860404e-05	2.0	2210.0	1.0	26.0	1.8	1.8	1.28296	2.38647	2.34741	2.67334	2.39868	2.28882	34.5549	15.1565	18	-0.43068	638.942	29.4685	28.2489	30.0005	28.2362	27.9315	25.7366	19.3053	91.1227	-999.9	405	22.2547	99.9346	99.7448	
21	1752253682.5	2751.0	20250711 10:08:02	10:08:02	15	1752253674.5	0.0005370909546154229	0.5370909546154229	3.5091965531205975	402.1829032258065	176.68812705841074	17.934037991473247	40.82200420624856	0.026110170851600056	3.0	0.025984578194814034	0.016251594881858514	161.92054369955724	30.908153635829795	30.41436129032258	4.362908701366447	54.43336519605697	2.33413386539366	4.2880572549329345	2.028774835972787	-23.68571109854015	-48.822359380644706	-3.6280139453374307	85.78445927503495	3.5091965531205975	0.5370909546154229	3.507474594728075	414.3775593760421	411.691121212121	-0.0014858179939060262	66.94611886275312	0.6445702913654104	22.684767985707218	23.102427878787875	0.013659391817334086	79.51176058143292	78.0	10.0	1	0	53077.0	1000.0299999999999	841.2250734194596	0.841199837424337	0.1619156862289704	6.0	0.5	1: Needles	2.0	False	1752253674.5	402.1829032258065	404.97680645161284	22.996145161290322	22.602590322580646	402.6059032258065	23.17514516129032	800.0002258064516	101.40129032258064	0.09980253548387097	30.112496774193552	30.41436129032258	999.9000000000003	0.0	0.0	10004.393548387097	0.0	0.00152894	-2.7792583870967746	411.67638709677414	414.34203225806453	0.42239003225806454	404.97680645161284	22.602590322580646	2.334760645161291	2.2919303225806447	19.918241935483863	19.619745161290325	1000.0299999999999	0.9600059032258061	0.039994135483870964	0.0	-0.7399999999999999	0.0	5850.812258064517	7947.174516129033	35.354677419354836	38.18699999999998	36.5	37.625	36.125	960.0348387096776	39.99580645161291	0.0	1752253702.5	0.0	1752253699.5	10:08:19	1752253699.5	1752253699.5	21	-0.014	-0.016	-0.423	-0.179	405.0	23.0	0.55	0.26	-2.7723465000000003	-0.17104030018761104	0.026600747879523996	0	0.43436032499999994	-0.3060626003752342	0.029709193694366316	0	0	2	0/2	3.45264	2.78062	0.0963971	0.0967848	0.116335	0.112939	27053.8	30715.1	29094.7	34607.9	29743.3	37915.3	35826.6	45569.5	2.36177	2.1633	0.0869967	0	29.0134	999.9	65.4	29.1	26.0879	61.6155	24.8838	2	0.0545757	0	20.2923	5.2113	11.974	4.9902	3.272	4012.4	9999.0	9999.0	999.9	4.97263	1.86301	1.86492	1.86329	1.86327	1.86386	1.86035	1.8631	0.0	0.0	0.0	0.0	11111111	oooooooo	on	on	on	on	0.0	100.0	100.0	-0.423	-0.179	-0.12529268857500142	-0.0010337305037507979	9.120241388950126e-07	-2.246115299815222e-10	-0.6155624923651654	-0.01814858093373864	0.0020919599883593687	-1.9087170078860404e-05	2.0	2210.0	1.0	26.0	1.2	3.4	1.28418	2.39136	2.34741	2.67578	2.39868	2.32544	34.715	15.1477	18	741.391	638.453	29.5998	28.3845	30.0004	28.1176	28.0538	25.7484	18.1773	94.8392	-999.9	405	22.7035	99.9119	99.7278	
22	1752253807	2875.5	20250711 10:10:07	10:10:07	15	1752253799.25	0.0018515586209374992	1.8515586209374992	8.208607130361878	398.2608333333333	251.04790255256017	25.482229040254353	40.42484987755605	0.0972237563238805	3.0	0.09550665789304158	0.05984340966128131	161.90890129175247	30.582612894546866	29.97106	4.253372797665046	54.76740035537182	2.349560657760012	4.290071543499065	1.9038121399050336	-81.65373518334371	24.198940320000375	1.7943676756615456	106.24847410407067	8.208607130361878	1.8515586209374992	8.271086037480755	413.99242982434106	407.6541030303029	-0.0009788122834076785	66.94797169087126	1.9198982814123136	21.807747090252654	23.192106060606054	0.005565832195985464	79.32644713383384	522.0	65.0	1	0	53130.0	999.9516333333335	841.1596935604936	0.8412003796188544	0.161916732664389	6.0	0.5	1: Needles	2.0	False	1752253799.25	398.2608333333333	404.9704666666667	23.14759333333333	21.791043333333338	398.6678333333333	23.307353333333335	799.9850333333333	101.40343333333335	0.10001991666666667	30.120680000000004	29.97106	999.9000000000002	0.0	0.0	9999.661666666669	0.0	0.0015544220000000002	-6.723058666666665	407.68410000000006	413.9916999999999	1.3565366666666667	404.9704666666667	21.791043333333338	2.347246666666666	2.209689	20.004343333333335	19.03273	999.9516333333335	0.9599876333333337	0.040012259999999994	0.0	0.9713333333333336	0.0	9110.712666666666	7946.486000000002	35.3622	38.46016666666666	36.558066666666654	37.78099999999999	36.226833333333325	959.9396666666668	40.010666666666665	0.0	1752253826.7	0.0	1752253824	10:10:24	1752253824	1752253699.5	22	0.016	-0.016	-0.407	-0.179	405.0	23.0	0.21	0.26	-6.720917317073171	-0.08233212543553373	0.026988391454284763	1	1.3586763414634144	-0.04369567944250616	0.01966013507088276	1	2	2	2/2	3.45232	2.78102	0.0956532	0.0967655	0.11666	0.109798	27076.1	30717.1	29094.8	34609.5	29732.9	38051.9	35827.3	45572.2	1.49098	2.16065	0.0787228	0	28.6987	999.9	65.3	29.3	26.3496	61.7155	25.0881	2	0.0548882	0	20.2943	5.21115	11.974	4.99055	3.272	4016.2	9999.0	9999.0	999.9	4.97265	1.86309	1.86493	1.86333	1.86335	1.86386	1.86035	1.86312	0.0	0.0	0.0	0.0	11111111	oooooooo	on	on	on	on	0.0	100.0	100.0	-0.407	-0.1576	-0.13896839208684586	-0.0010337305037507979	9.120241388950126e-07	-2.246115299815222e-10	-0.6315170944121528	-0.01814858093373864	0.0020919599883593687	-1.9087170078860404e-05	2.0	2210.0	1.0	26.0	1.8	1.8	1.28418	2.39014	2.34863	2.677	2.39868	2.30957	34.8755	15.1302	18	252.665	636.759	29.6705	28.4171	29.9999	28.203	28.0936	25.7442	22.7057	96.8601	-999.9	405	21.827	99.913	99.7332	
23	1752253941	3009.5	20250711 10:12:21	10:12:21	15	1752253933.0	0.0022197499072627355	2.2197499072627354	6.851946791266708	399.1733870967742	289.9619314188751	29.432863603207032	40.51847702544558	0.11359692355312746	3.0	0.11126027414711961	0.06974360678255659	161.9153926397425	30.672140000622264	30.274490322580643	4.328085424913295	54.6615163495916	2.3697577656948265	4.335331187190039	1.9583276592184689	-97.89097091028664	4.720082554838738	0.3508406278159945	69.09534491211058	6.851946791266708	2.2197499072627354	6.818654647429353	413.9930223283653	408.76390909090907	0.000476429435639687	66.94613198457786	2.2549458825539435	21.730785660432822	23.379417575757586	0.0007587690820449813	79.50432712208345	98.0	12.0	1	0	53147.0	999.996193548387	841.1968026580647	0.8412000046451792	0.16191600896519598	6.0	0.5	1: Needles	2.0	False	1752253933.0	399.1733870967742	404.97687096774183	23.345996774193544	21.720058064516135	399.5783870967742	23.496596774193545	800.0034516129032	101.4057419354839	0.10021596451612905	30.303674193548385	30.274490322580643	999.9000000000003	0.0	0.0	9992.759677419355	0.0	0.00153418	-5.803248064516131	408.7155806451612	413.96845161290327	1.6259351612903228	404.97687096774183	21.720058064516135	2.367418387096774	2.202537419354839	20.142596774193546	18.980783870967738	999.996193548387	0.9599997419354835	0.040000351612903225	0.0	0.11548387096774178	0.0	7421.848387096775	7946.880967741935	37.34048387096773	41.590483870967724	38.79009677419354	41.072322580645135	38.235612903225785	959.9961290322581	40.0	0.0	1752253961.1	0.0	1752253964	10:12:44	1752253964	1752253699.5	23	0.002	-0.016	-0.405	-0.179	405.0	23.0	0.41	0.26	-5.7965295	-0.08829410881799324	0.02026075664307732	1	1.6345420000000002	-0.05250303939963235	0.021970384065828245	1	2	2	2/2	3.45227	2.78099	0.0958404	0.0967656	0.117289	0.109522	27071.5	30717.6	29095.9	34610.1	29712.7	38065.2	35828.7	45574	2.33005	2.1583	0.0855252	0	28.9376	999.9	64.9	29.5	26.4925	61.3655	24.9199	2	0.0546443	0	20.2942	5.20965	11.9737	4.9895	3.272	4020.4	9999.0	9999.0	999.9	4.97264	1.86309	1.86493	1.86339	1.86337	1.86386	1.86035	1.86311	0.0	0.0	0.0	0.0	11111111	oooooooo	on	on	on	on	0.0	100.0	100.0	-0.405	-0.149	-0.12293462973000308	-0.0010337305037507979	9.120241388950126e-07	-2.246115299815222e-10	-0.6315170944121528	-0.01814858093373864	0.0020919599883593687	-1.9087170078860404e-05	2.0	2210.0	1.0	26.0	1.9	4.0	1.28296	2.3999	2.34741	2.67456	2.39868	2.26074	34.9904	15.1127	18	716.613	635.256	29.7676	28.4195	30.0002	28.186	28.1289	25.7476	23.3582	96.77	-999.9	405	21.753	99.9169	99.7362	
24	1752254069	3137.5	20250711 10:14:29	10:14:29	15	1752254061.0	0.001222988312941641	1.222988312941641	6.144919575640968	400.00551612903223	221.36552864264436	22.469076777490585	40.601419328626	0.05898672771736761	3.0	0.05834989665243991	0.03652532912887829	161.91451135157075	31.099782950908697	30.7526935483871	4.448153533196946	54.634255853102786	2.3924004030731707	4.378938388958219	2.055753130123775	-53.93378460072637	-44.36001096774239	-3.307910466391016	60.312805316710985	6.144919575640968	1.222988312941641	6.126369844214951	414.3575637271562	409.65781212121215	-0.0004899165924873919	66.94465829023656	1.3258277751953143	22.73311436627116	23.664978181818174	0.009756386410919261	79.5685300685035	2.0	0.0	1	0	53123.0	999.9911290322581	841.1925106451396	0.8411999729029637	0.16191594770271972	6.0	0.5	1: Needles	2.0	False	1752254061.0	400.00551612903223	404.98112903225814	23.56994838709678	22.67432258064516	400.39451612903224	23.748948387096778	799.9965161290323	101.40193548387096	0.10021309032258063	30.47841935483871	30.7526935483871	999.9000000000003	0.0	0.0	9992.759032258065	0.0	0.0016029193548387096	-4.989991612903227	409.6636451612904	414.3769032258064	0.9363194838709676	404.98112903225814	22.67432258064516	2.394164838709677	2.2992203225806453	20.324358064516126	19.670929032258066	999.9911290322581	0.9600029032258063	0.039996741935483866	0.0	1.067741935483871	0.0	6515.61	7946.850000000002	37.282	40.08445161290322	38.45938709677418	39.56432258064516	37.96951612903224	959.9916129032257	39.998709677419356	0.0	1752254088.9	0.0	1752254096	10:14:56	1752254096	1752254087	24	0.016	-0.003	-0.389	-0.179	405.0	23.0	0.31	0.1	-4.995008	0.04493493433396749	0.025489046294437948	1	0.9290026749999999	0.08334649530956655	0.0206079871013492	1	2	2	2/2	3.45266	2.78114	0.0959561	0.096734	0.118225	0.113066	27062.4	30712.1	29090.2	34603.1	29674.9	37907.2	35821.2	45566	2.46785	2.157	0.0911579	0	29.2877	999.9	64.6	29.7	26.6767	61.5855	24.9599	2	0.0628379	0	20.2925	5.2101	11.9734	4.98975	3.272	4024.2	9999.0	9999.0	999.9	4.97265	1.8631	1.86493	1.86338	1.8634	1.86386	1.86035	1.86312	0.0	0.0	0.0	0.0	11111111	oooooooo	on	on	on	on	0.0	100.0	100.0	-0.389	-0.179	-0.12124619169811446	-0.0010337305037507979	9.120241388950126e-07	-2.246115299815222e-10	-0.6315170944121528	-0.01814858093373864	0.0020919599883593687	-1.9087170078860404e-05	2.0	2210.0	1.0	26.0	1.8	6.2	1.2854	2.39746	2.34741	2.67578	2.39868	2.30225	35.1747	15.0952	18	834.64	635.275	29.9153	28.5208	30.0005	28.2783	28.2249	25.7728	19.7406	99.8433	-999.9	405	22.7469	99.8965	99.7175	
25	1752254172.5	3241.0	20250711 10:16:12	10:16:12	15	1752254164.75	0.0019408430101641124	1.9408430101641125	3.673569149833902	401.6959666666667	328.4612039598991	33.33469411958511	40.76710435348459	0.09721275202260338	3.0	0.09549603857114673	0.05983673884280695	161.91928464683275	31.078616827690205	30.682003333333334	4.430223786716872	55.15155100896497	2.437400368163041	4.419459332642953	1.9928234185538307	-85.59117674823736	-6.8834841599997025	-0.5135280127841003	68.9310957258116	3.673569149833902	1.9408430101641125	3.7176420345038066	414.3302304850609	411.47911515151503	-0.0004695206886007179	66.94400103085127	1.9135853675513361	22.5500063488285	23.96548787878788	-0.003677600361818232	79.58906963032626	26.0	3.0	1	0	53026.0	1000.0199666666667	841.216822760017	0.8412000267994818	0.161916051723	6.0	0.5	1: Needles	2.0	False	1752254164.75	401.6959666666667	405.0358666666667	24.016763333333326	22.596089999999997	402.06096666666673	24.138656666666666	799.9996333333333	101.38733333333334	0.10012916666666666	30.639443333333336	30.682003333333334	999.9000000000002	0.0	0.0	9994.566666666668	0.0	0.0015744893333333337	-3.3627483333333337	411.55736666666667	414.39959999999996	1.4206739999999998	405.0358666666667	22.596089999999997	2.434997333333334	2.2909583333333337	20.598393333333338	19.612923333333335	1000.0199666666667	0.9599979666666668	0.04000213333333333	0.0	2.4819999999999998	0.0	5733.870666666667	7947.067	36.93699999999999	39.570399999999985	38.04959999999999	38.92873333333333	37.59139999999999	960.0176666666666	40.001666666666665	0.0	1752254192.1	0.0	1752254189.5	10:16:29	1752254189.5	1752254087	25	0.024	-0.003	-0.365	-0.179	405.0	23.0	0.18	0.1	-3.36160675	-0.06198585365853623	0.019959947318004153	1	1.3804115	0.6367213508442763	0.07722838097325362	0	1	2	1/2	3.45254	2.78078	0.0962149	0.0967036	0.119158	0.112306	27047	30705.9	29082.4	34595.6	29635.7	37931.4	35811.5	45555.8	2.43225	2.15245	0.0730604	0	29.5186	999.9	64.3	29.8	26.7137	61.6955	24.8958	2	0.07422	0	20.2917	5.20816	11.9739	4.9889	3.27163	4027.3	9999.0	9999.0	999.9	4.97265	1.8631	1.86493	1.8634	1.8634	1.86386	1.86035	1.86319	0.0	0.0	0.0	0.0	11111111	oooooooo	on	on	on	on	0.0	100.0	100.0	-0.365	-0.1244	-0.10517545784113214	-0.0010337305037507979	9.120241388950126e-07	-2.246115299815222e-10	-0.6342873733777069	-0.01814858093373864	0.0020919599883593687	-1.9087170078860404e-05	2.0	2210.0	1.0	26.0	1.3	1.4	1.2854	2.39746	2.34741	2.677	2.39868	2.30347	35.3133	15.0864	18	804.868	633.103	30.0558	28.6599	30.0008	28.4117	28.3598	25.769	21.2114	100	-999.9	405	22.5242	99.8696	99.6956	
26	1752254292.5	3361.0	20250711 10:18:12	10:18:12	15	1752254284.5	0.0011593651367711002	1.1593651367711002	4.127964010175555	401.54683870967744	271.03532123879904	27.507503137585854	40.753178866906104	0.05587673603352576	3.0	0.05530493563266258	0.03461647103377582	161.91307452306884	31.562499084997217	30.998812903225808	4.511072964537006	54.685030770091124	2.4565454862101173	4.492171717957001	2.054527478326889	-51.12800253160552	-11.906899974194511	-0.8909361045882185	97.9872359126806	4.127964010175555	1.1593651367711002	4.1181661798579725	414.670812500986	411.5089090909091	-0.0001923317924083192	66.94525149489796	1.247255681917019	23.362753917393086	24.27418666666665	0.0003309368817449511	79.52608172280313	166.0	21.0	1	0	53037.0	999.9809354838709	841.1840465421215	0.8412000836146833	0.16191616137633896	6.0	0.5	1: Needles	2.0	False	1752254284.5	401.54683870967744	404.99203225806457	24.204690322580642	23.356196774193545	401.92183870967744	24.373690322580643	799.9846774193549	101.39032258064518	0.10015110322580643	30.925193548387092	30.998812903225808	999.9000000000003	0.0	0.0	9990.643548387097	0.0	0.0015936729032258064	-3.4340977419354846	411.54338709677415	414.6773548387096	0.9072669354838708	404.99203225806457	23.356196774193545	2.4600800000000005	2.3680922580645167	20.76479677419355	20.147219354838708	999.9809354838709	0.9599959354838707	0.0400041387096774	0.0	0.9259677419354839	0.0	7102.580967741936	7946.748709677421	36.68699999999998	39.5	37.86280645161289	38.751999999999995	37.42499999999999	959.9767741935483	40.001935483870966	0.0	1752254312.1	0.0	1752254312	10:18:32	1752254312	1752254310.5	26	-0.01	-0.018	-0.375	-0.169	405.0	23.0	0.44	0.1	-3.4388643902439022	-0.0024959581881497843	0.02596898178350665	1	0.9080711463414634	-0.010814111498259251	0.010612241333711062	1	2	2	2/2	3.453	2.78103	0.0961431	0.0966571	0.12012	0.115051	27038.3	30695.7	29071.5	34583.4	29592.3	37800.9	35797.4	45539.6	2.21432	2.14815	0.0743754	0	29.8178	999.9	64	30	26.8898	61.6355	24.8918	2	0.0922256	0	20.2916	5.2089	11.974	4.98925	3.27163	4030.8	9999.0	9999.0	999.9	4.97263	1.8631	1.86495	1.8634	1.8634	1.86388	1.86036	1.86322	0.0	0.0	0.0	0.0	11111111	oooooooo	on	on	on	on	0.0	100.0	100.0	-0.375	-0.169	-0.08116123798993397	-0.0010337305037507979	9.120241388950126e-07	-2.246115299815222e-10	-0.6342873733777069	-0.01814858093373864	0.0020919599883593687	-1.9087170078860404e-05	2.0	2210.0	1.0	26.0	1.7	3.4	1.2854	2.40356	2.34741	2.67578	2.39868	2.27051	35.5451	15.0689	18	633.756	631.968	30.2516	28.9092	30.0006	28.6373	28.5708	25.7946	18.484	100	-999.9	405	23.3235	99.8312	99.6601	
27	1752254435.5	3504.0	20250711 10:20:35	10:20:35	15	1752254427.75	0.0019820425456063997	1.9820425456063997	5.810088923462283	400.05729999999994	288.6629916904444	29.297086916531946	40.60275763462572	0.09465411965254121	3.0	0.09302576863374129	0.05828507292757072	161.90943221243091	31.51537779541328	31.27556666666667	4.582748626259709	55.04743948014483	2.4957220517719083	4.533765921432359	2.0870265744878003	-87.40807626124223	-30.522817920000577	-2.2888206126380357	41.689717418550075	5.810088923462283	1.9820425456063997	5.794633646216146	414.58868033608235	410.13827272727275	0.0005040174426304086	66.94357655070034	1.9862732046964815	23.11750822256616	24.572560606060602	-0.0005068163337688245	79.59550375782791	190.0	24.0	1	0	52794.0	999.9640333333332	841.1693592396014	0.8411996143857322	0.16191525576446328	6.0	0.5	1: Needles	2.0	False	1752254427.75	400.05729999999994	405.0093333333333	24.590246666666665	23.140336666666666	400.46629999999993	24.702510000000007	800.0373666666668	101.39229999999998	0.10005530666666668	31.086846666666666	31.27556666666667	999.9000000000002	0.0	0.0	10006.868333333334	0.0	0.0015343546666666667	-4.916123333333333	410.17976666666675	414.6035666666666	1.4498993333333337	405.0093333333333	23.140336666666666	2.4932636666666665	2.3462543333333334	20.982596666666666	19.997536666666665	999.9640333333332	0.9600120000000001	0.03998778333333334	0.0	1.0686666666666667	0.0	7573.167333333333	7946.665	36.55373333333333	39.43699999999998	37.729	38.7748	37.31199999999999	959.9773333333334	39.985666666666674	0.0	1752254455.5	0.0	1752254452.5	10:20:52	1752254452.5	1752254310.5	27	-0.034	-0.018	-0.409	-0.169	405.0	23.0	0.6	0.1	-4.91207625	-0.11127703564727957	0.0255014133615668	0	1.4471275000000001	0.04739639774858981	0.011896638968633109	1	1	2	1/2	3.45285	2.78091	0.0958241	0.0966069	0.121091	0.114151	27039	30688.3	29062.8	34574.2	29551	37829.2	35786.2	45526.8	2.16922	2.14208	0.0795983	0	30.0081	999.9	63.7	30.3	27.2331	61.7655	24.8598	2	0.108697	0	20.2916	5.21055	11.974	4.9895	3.272	4035.3	9999.0	9999.0	999.9	4.97264	1.8631	1.86504	1.8634	1.8634	1.86396	1.86037	1.8632	0.0	0.0	0.0	0.0	11111111	oooooooo	on	on	on	on	0.0	100.0	100.0	-0.409	-0.1131	-0.09080689355369043	-0.0010337305037507979	9.120241388950126e-07	-2.246115299815222e-10	-0.6527780322392095	-0.01814858093373864	0.0020919599883593687	-1.9087170078860404e-05	2.0	2210.0	1.0	26.0	2.1	2.1	1.28662	2.38892	2.34741	2.67578	2.39868	2.30957	35.801	15.0602	18	604.069	629.583	30.4846	29.1555	30.0005	28.87	28.7991	25.7983	20.2396	100	-999.9	405	23.0323	99.8005	99.6329	
28	1752254551	3619.5	20250711 10:22:31	10:22:31	15	1752254543.25	0.001848526100361878	1.848526100361878	4.369468724196485	401.20040000000006	308.63267779424507	31.32444895739645	40.71954253614482	0.0880764810411953	3.0	0.08666475967721522	0.054290427484295134	161.91626888797992	31.56557009571397	31.251956666666665	4.576595483502675	54.80625031159827	2.4870944690410632	4.537975969712959	2.089501014461612	-81.52000102595882	-24.069551520000104	-1.8048430262638415	54.52187331575715	4.369468724196485	1.848526100361878	4.495909541925346	414.59198668136384	411.16372727272704	-0.007062535720755571	66.94394487981455	1.7217442340026148	23.140645652836447	24.425624242424238	-0.006314237518841806	79.57260872782135	648.0	81.0	1	0	52995.0	999.9950666666667	841.1964032787462	0.8412005532014752	0.16191706767884714	6.0	0.5	1: Needles	2.0	False	1752254543.25	401.20040000000006	405.0338333333333	24.504776666666668	23.152316666666664	401.61140000000006	24.62113	799.9771000000001	101.39436666666667	0.09990536333333334	31.103136666666664	31.251956666666665	999.9000000000002	0.0	0.0	10002.54	0.0	0.0016200366666666666	-3.8299126666666665	411.28223333333335	414.63349999999997	1.352465666666667	405.0338333333333	23.152316666666664	2.4846456666666663	2.347512666666667	20.92621666666667	20.006186666666668	999.9950666666667	0.9599842666666665	0.04001610999999998	0.0	-0.15233333333333351	0.0	6707.906000000001	7946.821333333335	36.41013333333333	39.28099999999999	37.568299999999994	38.672533333333334	37.21009999999999	959.9790000000002	40.01833333333333	0.0	1752254570.7	0.0	1752254568	10:22:48	1752254568	1752254310.5	28	-0.002	-0.018	-0.411	-0.169	405.0	23.0	0.3	0.1	-3.8294827499999995	-0.052159136960598665	0.02229765166867354	1	1.3454797500000002	-0.10507688555347341	0.051658430216543545	0	1	2	1/2	3.45309	2.78141	0.0959712	0.096567	0.120552	0.114209	27030.1	30686	29058.3	34570.6	29565.2	37823.3	35780.6	45522.5	1.09372	2.13888	0.092648	0	29.767	999.9	63.4	30.4	27.2577	61.7156	25.0721	2	0.116258	0	20.2916	5.21055	11.974	4.98965	3.272	4038.7	9999.0	9999.0	999.9	4.97265	1.8631	1.86502	1.86343	1.8634	1.86398	1.86041	1.86325	0.0	0.0	0.0	0.0	11111111	oooooooo	on	on	on	on	0.0	100.0	100.0	-0.411	-0.1201	-0.1250252553785936	-0.0010337305037507979	9.120241388950126e-07	-2.246115299815222e-10	-0.6527780322392095	-0.01814858093373864	0.0020919599883593687	-1.9087170078860404e-05	2.0	2210.0	1.0	26.0	1.6	4.0	1.28662	2.3999	2.34863	2.67212	2.39868	2.29004	35.9879	15.0426	18	136.049	628.315	30.6072	29.2844	30.0002	29.0872	28.9185	25.8068	20.1388	100	-999.9	405	23.317	99.7851	99.623	
29	1752254668	3736.5	20250711 10:24:28	10:24:28	15	1752254660.0	-0.001106694313623248	-1.1066943136232479	3.328957721998499	402.81993548387095	483.031521544934	48.99178686122118	40.85627447160472	-0.056121454307493115	3.0	-0.05671134159637064	-0.03539107598163053	161.9178056741947	32.14570146964991	30.213058064516126	4.312867520479082	53.380623557420726	2.3990853938732535	4.494300054948953	1.9137821266058284	48.805219230785234	116.52087514838787	8.685301927863355	335.9292019812312	3.328957721998499	-1.1066943136232479	3.2636807610506824	415.14227551120854	412.634115151515	-0.0003104861214813179	66.94248962431062	-1.153733271112046	24.470054644013207	23.62539757575757	-5.493917339846653e-05	79.64030977220493	800.0	100.0	1	0	53000.0	1000.014935483871	841.2122463095443	0.8411996825852528	0.1619153873895379	6.0	0.5	1: Needles	2.0	False	1752254660.0	402.81993548387095	404.9823548387097	23.653635483870968	24.46404193548387	403.31193548387097	23.798635483870967	799.9815161290321	101.39258064516127	0.033071048387096784	30.93349677419355	30.213058064516126	999.9000000000003	0.0	0.0	10001.177419354839	0.0	0.001620490322580645	-2.0808687096774197	412.65725806451604	415.13825806451615	-0.8225267741935484	404.9823548387097	24.46404193548387	2.3970729032258067	2.48047064516129	20.344006451612902	20.89891612903226	1000.014935483871	0.9600095483870967	0.039990277419354854	0.0	1.8164516129032255	0.0	9472.20935483871	7947.0674193548375	36.22764516129032	39.012	37.375	38.47358064516128	37.044	960.0245161290322	39.99	0.0	1752254687.7	0.0	1752254692.5	10:24:52	1752254692.5	1752254689	29	-0.081	-0.026	-0.492	-0.145	405.0	24.0	0.45	0.07	-2.0856236585365853	0.04220027874564404	0.018532471141623555	1	-0.8137383902439024	-0.19477128919860667	0.019733895460421175	0	1	2	1/2	3.45347	2.71426	0.0962328	0.0965706	0.117849	0.118582	27022.5	30686.3	29058.8	34571.3	29658.4	37638.6	35782.2	45525	0.303	2.13905	0.0450686	0	29.5057	999.9	63	30.6	27.3996	61.4456	20.3245	2	0.117317	0	20.2916	5.21145	11.974	4.99055	3.272	4042.2	9999.0	9999.0	999.9	4.97265	1.8631	1.86502	1.86346	1.86341	1.86398	1.86042	1.86324	0.0	0.0	0.0	0.0	11111111	oooooooo	on	on	on	on	0.0	100.0	100.0	-0.492	-0.145	-0.12717738125146805	-0.0010337305037507979	9.120241388950126e-07	-2.246115299815222e-10	-0.6527780322392095	-0.01814858093373864	0.0020919599883593687	-1.9087170078860404e-05	2.0	2210.0	1.0	26.0	1.7	6.0	1.28784	2.39014	2.34863	2.66968	2.39868	2.31445	36.152	15.0339	18	-0.194194	629.055	30.6275	29.3217	30.0001	29.302	28.9738	25.8396	16.3478	100	-999.9	405	24.3943	99.7882	99.6269	
30	1752255042.1	4110.599999904633	20250711 10:30:42	10:30:42	15	1752255034.0999994	0.0033454830638118844	3.3454830638118844	8.945039426779518	397.26841935483867	299.42717632182485	30.390246315520105	40.32060571748073	0.1697776930989741	3.0	0.16461484890099648	0.10333506373536497	161.91577391922658	31.397319855623717	30.9738	4.5046433244969535	54.72029597725749	2.5132715632432205	4.592942195136829	1.991371761253733	-147.5358031141041	55.122759174193206	4.13199412873505	73.63472410805072	8.945039426779518	3.3454830638118844	9.045487394827061	414.25038822674435	407.2918727272725	0.005822022075219581	66.9431913589993	3.3459915408247975	22.3625284908305	24.78958181818182	0.005079228713554235	79.60259951384656	343.0	43.0	1	0	52761.0	999.9985806451614	841.1988079741941	0.841200001935487	0.16191600373548992	6.0	0.5	1: Needles	2.0	False	1752255034.0999994	397.26841935483867	404.9740322580644	24.76260967741936	22.31561612903226	397.70841935483867	24.891129032258064	799.9956129032258	101.3947419354839	0.09987418064516129	31.314619354838708	30.9738	999.9000000000003	0.0	0.0	10001.859677419356	0.0	0.00158350064516129	-7.754757741935483	407.3053225806452	414.21758064516126	2.4469877419354837	404.9740322580644	22.31561612903226	2.510798387096774	2.262688064516129	21.09667096774194	19.41318387096774	999.9985806451614	0.9599997741935483	0.03999995483870968	0.0	1.9848387096774187	0.0	7884.854193548387	7946.897741935483	35.875	38.625	36.99390322580645	38.06199999999998	36.69512903225806	959.9983870967742	40.0	0.0	1752255062.1	0.0	1752255067.1	10:31:07	1752255067.1	1752254689	30	0.052	-0.026	-0.44	-0.145	405.0	24.0	0.16	0.07	-7.75955731707317	0.05433595818816623	0.049854068406744355	1	2.456609268292683	-0.20301344947735342	0.023151339990744438	0	1	2	1/2	3.45242	2.78088	0.0952502	0.0965124	0.121809	0.111549	27049.2	30686	29056	34569.2	29521.3	37937.4	35778.6	45522.9	1.88978	2.13015	0.0603348	0	29.977	999.9	62.3	31.1	27.8795	61.7829	25.1562	2	0.12357	0	20.2918	5.20995	11.974	4.98985	3.272	4053.8	9999.0	9999.0	999.9	4.97264	1.86314	1.86508	1.86351	1.86346	1.86401	1.86044	1.86324	0.0	0.0	0.0	0.0	11111111	oooooooo	on	on	on	on	0.0	100.0	100.0	-0.44	-0.127	-0.20809304142523682	-0.0010337305037507979	9.120241388950126e-07	-2.246115299815222e-10	-0.6785377541909893	-0.01814858093373864	0.0020919599883593687	-1.9087170078860404e-05	2.0	2210.0	1.0	26.0	5.8	5.9	1.28784	2.40845	2.34863	2.66479	2.39868	2.30957	36.4107	14.9814	18	434.501	623.38	30.8006	29.4092	30.0003	29.1792	29.1077	25.8266	24.6974	98.1407	-999.9	405	22.4784	99.7785	99.6217	
31	1752255171.1	4239.599999904633	20250711 10:32:51	10:32:51	15	1752255163.0999994	0.0011247193319548106	1.1247193319548106	4.187358636273259	401.5047419354839	268.4655039464432	27.24740737557508	40.74997757970316	0.055372154455850496	3.0	0.05481057845697483	0.03430659216747915	161.91595519081852	31.81037295748902	30.980416129032257	4.506343242900378	54.800713960318625	2.495532024447563	4.553831226094218	2.0108112184528153	-49.60012253920715	29.75159806451608	2.2285955671111464	144.2960262832386	4.187358636273259	1.1247193319548106	4.136250939337381	414.8578518821701	411.6809939393939	-0.00023296792532964008	66.94201885624669	1.2080194462831881	23.772199671362916	24.653596363636357	0.0005669858760692075	79.65325369067654	291.0	36.0	1	0	52732.0	1000.0035806451612	841.2026884257958	0.841199676388245	0.16191537542931297	6.0	0.5	1: Needles	2.0	False	1752255163.0999994	401.5047419354839	404.983870967742	24.58818387096774	23.765403225806455	401.9847419354839	24.76018387096774	800.0172580645161	101.39312903225806	0.10001245161290322	31.164367741935482	30.980416129032257	999.9000000000003	0.0	0.0	10005.767741935484	0.0	0.00153418	-3.438299677419354	411.6834516129033	414.8430322580644	0.8596673225806453	404.983870967742	23.765403225806455	2.4968112903225808	2.409647096774194	21.005725806451615	20.428751612903223	1000.0035806451612	0.9600119032258063	0.039988245161290334	0.0	2.4485483870967744	0.0	6180.5016129032265	7946.987419354839	35.74187096774194	38.48577419354837	36.875	37.875	36.56199999999999	960.0141935483872	39.98935483870968	0.0	1752255191.1	0.0	1752255192.6	10:33:12	1752255187.1	1752255192.6	31	-0.039	0.003	-0.48	-0.172	405.0	24.0	0.22	0.15	-3.4415678048780487	0.05507414634145929	0.018941472308936804	1	0.841596487804878	0.2919883693379799	0.030090821127106343	0	1	2	1/2	3.45315	2.78054	0.096027	0.0965283	0.121357	0.116302	27027.1	30685.6	29057.3	34569.3	29538.5	37735.5	35780.7	45524.2	1.9895	2.132	0.0724941	0	29.8459	999.9	62	31.2	27.9025	61.8129	25.024	2	0.123361	0	20.2917	5.2104	11.974	4.9894	3.272	4057.6	9999.0	9999.0	999.9	4.97266	1.8631	1.86508	1.86355	1.86354	1.86401	1.8604	1.86325	0.0	0.0	0.0	0.0	11111111	oooooooo	on	on	on	on	0.0	100.0	100.0	-0.48	-0.172	-0.15632806963677293	-0.0010337305037507979	9.120241388950126e-07	-2.246115299815222e-10	-0.6785377541909893	-0.01814858093373864	0.0020919599883593687	-1.9087170078860404e-05	2.0	2210.0	1.0	26.0	1.7	8.0	1.28906	2.40234	2.34741	2.66602	2.39868	2.31201	36.5051	14.9638	18	491.061	624.989	30.8048	29.4227	30.0001	29.1895	29.1201	25.8648	20.0371	100	-999.9	405	23.708	99.7837	99.6235	
32	1752255307.1	4375.599999904633	20250711 10:35:07	10:35:07	15	1752255299.3499994	0.0030283755988141452	3.0283755988141454	9.145482110050969	397.21770000000004	271.33518250672165	27.53719450212616	40.31272672984909	0.1318020949203719	3.0	0.12866761681528419	0.08069267226518138	161.91429220279912	31.14411851587125	31.033730000000006	4.52006187399486	49.05401718473536	2.210611369135024	4.506483864124634	2.3094505048598357	-133.5513639077038	-8.534269600001755	-0.6388641986855818	19.189794496407977	9.145482110050969	3.0283755988141454	9.181720840583601	413.0310351946481	406.0083151515151	-0.00029240265442217887	66.94256670348673	3.038349157302424	19.605994619351073	21.81158424242423	0.0058826161548677005	79.62427942430266	65.0	8.0	1	0	53016.0	999.9892999999997	841.1910119599993	0.8412000128001365	0.1619160247042635	6.0	0.5	1: Needles	2.0	False	1752255299.3499994	397.21770000000004	404.9790333333333	21.782053333333334	19.560236666666665	397.64070000000004	22.045206666666665	799.9970666666666	101.38783333333338	0.09990684	30.980963333333328	31.033730000000006	999.9000000000002	0.0	0.0	10000.001666666667	0.0	0.00152894	-7.815042	406.00763333333333	413.05850000000004	2.221816	404.9790333333333	19.560236666666665	2.2084353333333335	1.9831706666666666	19.023643333333332	17.31057	999.9892999999997	0.9599974000000001	0.040002539999999996	0.0	1.7808333333333333	0.0	9144.890333333335	7946.8126666666685	35.5	38.1684	36.59349999999999	37.61869999999999	36.3372	959.9893333333332	40.0	0.0	1752255326.7	0.0	1752255327.6	10:35:27	1752255327.6	1752255192.6	32	0.057	0.003	-0.423	-0.172	405.0	24.0	0.25	0.15	-7.809696	-0.023194221388333457	0.02648734082538297	1	2.25073125	-0.5627807504690452	0.057013474205116654	0	1	2	1/2	3.45116	2.78077	0.0952218	0.0965027	0.111863	0.101638	27056.4	30694.3	29062.8	34578	29867	38371.2	35788.9	45535.4	2.367	2.12385	0.102505	0	29.388	999.9	61.9	31.3	28.0161	61.8629	25.2804	2	0.115767	0	20.2918	5.2092	11.974	4.98955	3.272	4061.7	9999.0	9999.0	999.9	4.97264	1.86312	1.86508	1.86353	1.86352	1.86401	1.86046	1.86325	0.0	0.0	0.0	0.0	11111111	oooooooo	on	on	on	on	0.0	100.0	100.0	-0.423	-0.2618	-0.1957557192443568	-0.0010337305037507979	9.120241388950126e-07	-2.246115299815222e-10	-0.6752427137945026	-0.01814858093373864	0.0020919599883593687	-1.9087170078860404e-05	2.0	2210.0	1.0	26.0	2.0	1.9	1.2854	2.41089	2.34863	2.65869	2.39868	2.29858	36.5287	14.9551	18	758.1	617.781	30.6977	29.3403	29.9998	29.1088	29.0517	25.7886	34.162	97.6563	-999.9	405	19.6025	99.8046	99.6483	
33	1752255490.6	4559.099999904633	20250711 10:38:10	10:38:10	15	1752255482.5999994	0.0005948646727956944	0.5948646727956944	2.6003273287939725	402.8739354838709	248.87829012396142	25.256957295286558	40.884923224247515	0.02916546639529758	3.0	0.02900885661005688	0.018144535902158893	161.91626526574063	31.62065239370089	30.836096774193553	4.469389047104537	55.01483417066808	2.4593853201992935	4.470403950632189	2.0100037269052433	-26.233532070290124	0.6432918967737694	0.04807559484830266	136.3741006870726	2.6003273287939725	0.5948646727956944	2.49049929594287	414.83876972298646	412.9268787878787	-0.000439328184748256	66.94198353379308	0.5915193031079226	23.75889179294882	24.216681818181815	-0.006236631995543329	79.64012415771221	90.0	11.0	1	0	52869.0	999.9997741935483	841.199966438876	0.8412001563872985	0.16191630182748623	6.0	0.5	1: Needles	2.0	False	1752255482.5999994	402.8739354838709	405.0038709677418	24.234416129032255	23.79909032258065	403.3379354838709	24.401416129032256	800.019387096774	101.3831935483871	0.09997431935483872	30.84007419354839	30.836096774193553	999.9000000000003	0.0	0.0	10008.298387096775	0.0	0.00152894	-2.0883580645161293	412.9296451612903	414.87748387096764	0.45251645161290316	405.0038709677418	23.79909032258065	2.458704193548387	2.412825806451613	20.755677419354836	20.450106451612907	999.9997741935483	0.9599952258064515	0.04000497741935483	0.0	2.294516129032258	0.0	5601.279032258064	7946.888709677419	35.31199999999999	38.029999999999994	36.47154838709677	37.375	36.14699999999999	959.9935483870967	40.005161290322576	0.0	1752255510.3	0.0	1752255507.6	10:38:27	1752255506.6	1752255507.6	33	-0.041	0.006	-0.464	-0.167	405.0	24.0	0.35	0.14	-2.0886653658536583	0.024467456445989428	0.025097387396588615	1	0.4435275365853658	0.19343086411149965	0.020239612054145702	0	1	2	1/2	3.45319	2.78067	0.0963086	0.0965427	0.119936	0.116265	27027.8	30694.9	29066.6	34579.5	29596.6	37750.9	35793.5	45541.2	2.3299	2.13342	0.0924543	0	29.328	999.9	61.7	31.5	28.2484	61.6529	25.0481	2	0.109332	0	20.2921	5.2101	11.974	4.99	3.272	4067.2	9999.0	9999.0	999.9	4.97263	1.86313	1.86507	1.8635	1.8635	1.864	1.86042	1.86325	0.0	0.0	0.0	0.0	11111111	oooooooo	on	on	on	on	0.0	100.0	100.0	-0.464	-0.167	-0.13920547793301052	-0.0010337305037507979	9.120241388950126e-07	-2.246115299815222e-10	-0.6752427137945026	-0.01814858093373864	0.0020919599883593687	-1.9087170078860404e-05	2.0	2210.0	1.0	26.0	2.7	5.0	1.29028	2.39868	2.34741	2.65869	2.39868	2.2937	36.5287	14.9288	18	726.599	624.549	30.5633	29.2342	29.9997	29.0284	28.9731	25.8866	20.9482	98.5798	-999.9	405	23.7019	99.8176	99.6573	
34	1752255678.6	4747.099999904633	20250711 10:41:18	10:41:18	15	1752255670.5999994	-0.008744686480087365	-8.744686480087365	-6.901989130391611	412.87912903225805	362.9020401354489	36.83021092379585	41.90228691636886	-0.3131275002296235	3.0	-0.3325019411467745	-0.20597379536070665	161.91544951112718	33.86480483875999	30.34619677419355	4.3459075999632	39.58726809799553	1.757060520932937	4.438448534977094	2.5888470790302636	385.6406737718528	59.561629780644964	4.437751339807246	611.5555044034321	-6.901989130391611	-8.744686480087365	-6.868330766116389	414.8587920093287	420.14345454545446	-0.0023679655900110974	66.94263934622727	-8.640210909536911	23.759832456854344	17.363327272727265	0.007196703981997643	79.61779976068533	800.0	100.0	1	0	52884.0	999.9957419354839	841.1964901160778	0.8412000720002554	0.16191613896049306	6.0	0.5	1: Needles	2.0	False	1752255670.5999994	412.87912903225805	404.9946129032257	17.31298387096774	23.758074193548392	413.37012903225803	17.75181935483871	799.9847419354838	101.38058064516129	0.10744325806451614	30.714461290322582	30.34619677419355	999.9000000000003	0.0	0.0	10006.651612903226	0.0	0.0015535999999999998	7.9080661290322585	420.1771935483871	414.8505806451612	-6.445086451612903	404.9946129032257	23.758074193548392	1.75520064516129	2.4086077419354845	15.393425806451614	20.421764516129038	999.9957419354839	0.9599995483870968	0.040000712903225794	0.0	2.390322580645161	0.0	5897.928709677418	7946.877419354838	37.53803225806452	41.652967741935484	38.98364516129031	41.1610322580645	38.449354838709674	959.9941935483872	40.00225806451613	0.0	1752255698.1	0.0	1752255704.1	10:41:44	1752255704.1	1752255507.6	34	-0.027	0.006	-0.491	-0.167	405.0	24.0	0.2	0.14	7.931294750000001	-0.36356724202626894	0.04267508049128316	0	-6.4714145	0.4657603001876336	0.04583486669283546	0	0	2	0/2	3.45332	2.78841	0.098041	0.0965827	0.0958662	0.116315	26980.8	30699.3	29071.6	34585.3	30420.9	37756.6	35803.1	45550.9	0.305075	2.1339	0.078842	0	29.1459	999.9	61.5	31.5	28.1571	61.6929	25.6811	2	0.098999	0	20.2935	5.2113	11.974	4.9907	3.272	4073.0	9999.0	9999.0	999.9	4.97266	1.86313	1.86508	1.86354	1.86348	1.86401	1.86042	1.86325	0.0	0.0	0.0	0.0	11111111	oooooooo	on	on	on	on	0.0	100.0	100.0	-0.491	-0.4368	-0.1801277462504977	-0.0010337305037507979	9.120241388950126e-07	-2.246115299815222e-10	-0.6691174143645103	-0.01814858093373864	0.0020919599883593687	-1.9087170078860404e-05	2.0	2210.0	1.0	26.0	2.9	2.9	1.29028	2.40723	2.34741	2.65747	2.39868	2.32422	36.5051	14.9026	18	0.0526089	623.563	30.3469	29.0885	30	29.0867	28.8464	25.8936	21.1536	99.3823	-999.9	405	23.7362	99.84	99.6766	
35	1752255815.1	4883.599999904633	20250711 10:43:35	10:43:35	15	1752255807.0999994	0.002537125989725602	2.537125989725602	8.053361790624198	398.17958064516125	283.1571880553655	28.734368431681613	40.406668998257636	0.1265328439761537	3.0	0.12364101760958979	0.077529950487469	161.9200215567715	30.989438371473526	30.721158064516125	4.440147131712493	54.75014784274097	2.4282683696074905	4.4351813927191825	2.0118787621050025	-111.88725614689905	-3.167416954838909	-0.23641679559689155	46.62893165943667	8.053361790624198	2.537125989725602	8.21631567787616	414.1391672702773	407.8676727272726	-0.008911410078194638	66.94212800689118	2.581568808220802	22.08840021972045	23.971041212121207	0.001790804833222138	79.64025117168879	170.0	21.0	1	0	52898.0	1000.0222903225805	841.2189642965053	0.8412002136723877	0.1619164123877083	6.0	0.5	1: Needles	2.0	False	1752255807.0999994	398.17958064516125	404.9773870967742	23.928893548387094	22.071551612903225	398.60958064516126	24.08811935483871	799.9869032258066	101.37845161290323	0.10005447419354838	30.70157419354838	30.721158064516125	999.9000000000003	0.0	0.0	10003.833870967741	0.0	0.0015764106451612906	-6.856156129032258	407.8813870967742	414.11761290322585	1.857340967741935	404.9773870967742	22.071551612903225	2.425874516129032	2.2375799999999995	20.53752903225806	19.233919354838708	1000.0222903225805	0.9599945161290322	0.04000524516129031	0.0	0.1564516129032259	0.0	7377.784838709677	7947.076451612904	37.06832258064516	39.82638709677419	38.32225806451612	39.12870967741934	37.79812903225806	960.0154838709678	40.00806451612903	0.0	1752255834.9	0.0	1752255832.1	10:43:52	1752255832.1	1752255507.6	35	0.061	0.006	-0.43	-0.167	405.0	24.0	0.2	0.14	-6.834900975609757	-0.2878296167247465	0.03521026740533936	0	1.866292926829268	-0.09321094076654514	0.02349998020174595	1	1	2	1/2	3.45248	2.78129	0.0954731	0.0965838	0.11917	0.110578	27060.6	30703.8	29074.3	34590.3	29630.9	38007.3	35804.6	45557.7	2.20427	2.13123	0.107773	0	28.9917	999.9	61.3	31.6	28.2244	61.4629	25.2764	2	0.0942124	0	20.292	5.2113	11.974	4.9895	3.272	4077.0	9999.0	9999.0	999.9	4.97263	1.86317	1.86507	1.86351	1.86348	1.86401	1.86045	1.86325	0.0	0.0	0.0	0.0	11111111	oooooooo	on	on	on	on	0.0	100.0	100.0	-0.43	-0.1572	-0.2069905737440611	-0.0010337305037507979	9.120241388950126e-07	-2.246115299815222e-10	-0.6691174143645103	-0.01814858093373864	0.0020919599883593687	-1.9087170078860404e-05	2.0	2210.0	1.0	26.0	1.9	5.1	1.28906	2.40234	2.34741	2.65625	2.39868	2.30835	36.5287	14.8938	18	628.475	620.621	30.2772	29.0179	29.9997	28.8277	28.7703	25.8666	26.8933	99.2428	-999.9	405	22.1382	99.8466	99.6912	
36	1752255968.1	5036.599999904633	20250711 10:46:08	10:46:08	15	1752255960.0999994	0.0011605484278770137	1.1605484278770137	4.068561479224028	401.61387096774183	283.0989498978967	28.726786045884882	40.75280303410144	0.06087274795818111	3.0	0.060194794692261945	0.03768202883494769	161.91535832836433	31.29764390547138	30.211499999999997	4.31248216619032	54.7148234734966	2.42101312099725	4.424784669496317	1.8914690451930705	-51.18018566937631	72.62102918709732	5.405724709856936	188.7619265559423	4.068561479224028	1.1605484278770137	4.033436381946121	414.559091945106	411.4671151515152	-0.0012874737961260613	66.94089322492789	1.165899380179118	22.99855902827563	23.853430303030294	-0.0003276156755739136	79.73293797605876	0	0.0	1	0	53051.0	999.9995806451612	841.1993499478405	0.8411997027090061	0.1619154262283818	6.0	0.5	1: Needles	2.0	False	1752255960.0999994	401.61387096774183	405.01483870967746	23.858787096774186	23.009148387096776	402.09587096774186	24.038787096774186	800.0053225806452	101.37280645161289	0.09979193225806453	30.660509677419356	30.211499999999997	999.9000000000003	0.0	0.0	10005.0	0.0	0.0015536	-3.3481074193548386	411.49190322580637	414.5532258064517	0.8679921935483871	405.01483870967746	23.009148387096776	2.4204932258064518	2.332501612903226	20.501529032258066	19.902632258064514	999.9995806451612	0.9600065806451614	0.03999320967741936	0.0	3.0548387096774197	0.0	4412.77870967742	7946.94129032258	36.306	39.08232258064514	37.523999999999994	38.211387096774175	37.052	960.007741935484	39.99	0.0	1752255987.9	0.0	1752255985.1	10:46:25	1752255985.1	1752255985.1	36	-0.052	0.019	-0.482	-0.18	405.0	23.0	0.33	0.11	-3.346508780487804	-0.11677609756097877	0.02642376823583424	0	0.8596491707317073	0.04522695470383476	0.019700993679164024	1	1	2	1/2	3.45276	2.78113	0.0961275	0.096601	0.118794	0.113848	27044	30704.3	29077.2	34591.1	29646.8	37869.7	35808.6	45560.4	2.46365	2.13442	0.0649989	0	29.1933	999.9	61.1	31.7	28.2926	61.3729	25.2324	2	0.0902363	0	20.292	5.21085	11.9736	4.98985	3.272	4081.8	9999.0	9999.0	999.9	4.97265	1.86318	1.86508	1.86356	1.86352	1.86401	1.86049	1.86325	0.0	0.0	0.0	0.0	11111111	oooooooo	on	on	on	on	0.0	100.0	100.0	-0.482	-0.18	-0.1462670356685355	-0.0010337305037507979	9.120241388950126e-07	-2.246115299815222e-10	-0.6691174143645103	-0.01814858093373864	0.0020919599883593687	-1.9087170078860404e-05	2.0	2210.0	1.0	26.0	2.3	7.7	1.2915	2.41333	2.34741	2.65625	2.39868	2.30713	36.5996	14.8675	18	837.616	622.545	30.2526	28.9551	29.9999	28.7602	28.713	25.8947	23.7282	98.4907	-999.9	405	23.1635	99.8571	99.6957	
37	1752256107.6	5176.099999904633	20250711 10:48:27	10:48:27	15	1752256099.8499994	0.0009808995804297337	0.9808995804297337	3.5288054652409406	402.05493333333345	272.30919611868455	27.63152908660994	40.79697910742997	0.04795691789345703	3.0	0.04753506107347035	0.02974700590489498	161.91325383899044	31.32959540720953	30.73589666666667	4.443887484832102	54.753290723100015	2.420828839382844	4.421339443551497	2.023058645449258	-43.257671496951254	-14.396660480000657	-1.0743583490119617	103.18456351302657	3.5288054652409406	0.9808995804297337	3.562903221043773	414.5726932220993	411.83775151515147	-9.792458716898327e-05	66.941371649847	1.0013721487492258	23.115071413024438	23.854137575757573	-0.0015025775831237818	79.69071096800364	224.0	28.0	1	0	53090.0	999.9780666666665	841.1819668803056	0.8412004172094566	0.1619168052142515	6.0	0.5	1: Needles	2.0	False	1752256099.8499994	402.05493333333345	404.9971000000001	23.857310000000005	23.139240000000008	402.51893333333345	24.033310000000004	800.0595666666665	101.37086666666667	0.10028994666666666	30.64688333333333	30.73589666666667	999.9000000000002	0.0	0.0	10006.628333333332	0.0	0.0015346729999999999	-2.959230333333333	411.8777666666666	414.59043333333335	0.7509409	404.9971000000001	23.139240000000008	2.4217686666666665	2.345644666666667	20.510063333333335	19.99331666666667	999.9780666666665	0.9599848333333337	0.040015283333333325	0.0	0.9001666666666668	0.0	4885.017666666667	7946.69	35.9496	38.81199999999999	37.18699999999999	37.957999999999984	36.691199999999995	959.9643333333332	40.013	0.0	1752256127.1	0.0	1752256126.6	10:48:46	1752256125.1	1752256126.6	37	0.018	0.003	-0.464	-0.176	405.0	23.0	0.28	0.14	-2.96162175	0.012549906191372535	0.014866952594176802	1	0.741169425	0.15038101688555347	0.02449282541468777	0	1	2	1/2	3.45282	2.78078	0.0962021	0.096601	0.118727	0.114139	27039.8	30702.5	29075.1	34589	29647.1	37856.1	35806.2	45559	2.113	2.13337	0.0936054	0	29.2143	999.9	61	31.8	28.4094	61.3329	25.2404	2	0.091062	0	20.2919	5.21085	11.974	4.98985	3.272	4086.0	9999.0	9999.0	999.9	4.97263	1.8632	1.86508	1.86356	1.86354	1.86401	1.8605	1.86325	0.0	0.0	0.0	0.0	11111111	oooooooo	on	on	on	on	0.0	100.0	100.0	-0.464	-0.176	-0.1980613064775652	-0.0010337305037507979	9.120241388950126e-07	-2.246115299815222e-10	-0.6503142989359424	-0.01814858093373864	0.0020919599883593687	-1.9087170078860404e-05	2.0	2210.0	1.0	26.0	2.0	2.0	1.2915	2.40967	2.34741	2.65747	2.39868	2.32056	36.6706	14.85	18	564.834	621.621	30.2218	28.9419	30.0002	28.7582	28.7047	25.9011	23.8787	98.1186	-999.9	405	23.1297	99.8503	99.6913	
38	1752256265.6	5334.099999904633	20250711 10:51:05	10:51:05	15	1752256257.5999994	0.002118797191944965	2.118797191944965	7.766421347067668	398.5348387096774	268.7769024631854	27.273584319513468	40.4405044786201	0.10623994310197216	3.0	0.10419321555994036	0.06530136586517446	161.90796553792808	31.07531055407926	30.639338709677418	4.4194328988899025	54.75205376086475	2.425550400068991	4.430062862413953	1.9938824988209114	-93.43895616477296	6.797607561290829	0.5071195135002331	75.77373644794619	7.766421347067668	2.118797191944965	7.768409428242024	414.2425386569614	408.28118181818155	0.0005298905438417727	66.94184293667347	2.12651734018841	22.377668911341612	23.93319090909091	0.000303178088261117	79.64631830341982	30.0	4.0	1	0	52874.0	999.9532903225805	841.1604635613531	0.8411997557305887	0.16191552856003633	6.0	0.5	1: Needles	2.0	False	1752256257.5999994	398.5348387096774	404.99303225806455	23.903419354838704	22.35229032258064	398.99483870967737	24.043183870967738	799.9917419354838	101.37309677419354	0.09985000645161292	30.681367741935485	30.639338709677418	999.9000000000003	0.0	0.0	10002.343548387098	0.0	0.00157826	-6.459871612903224	408.292870967742	414.2525483870967	1.5511225806451614	404.99303225806455	22.35229032258064	2.4231629032258066	2.2659219354838704	20.51940322580645	19.436151612903224	999.9532903225805	0.9600076774193547	0.03999231935483872	0.0	3.4914516129032256	0.0	7262.341612903227	7946.569032258063	35.875	38.807999999999986	37.004	38.0	36.625	959.9635483870965	39.99	0.0	1752256285.5	0.0	1752256290.1	10:51:30	1752256290.1	1752256126.6	38	0.004	0.003	-0.46	-0.176	405.0	23.0	0.2	0.14	-6.448095	-0.14451849906191014	0.0304698822610131	0	1.54953075	-0.011185103189498136	0.0126475686176237	1	1	2	1/2	3.45256	2.78077	0.0955457	0.0965722	0.118989	0.111807	27054.6	30699	29070.2	34584.4	29633.5	37950.4	35800.2	45552.4	2.42035	2.12895	0.0813194	0	29.3351	999.9	61	31.9	28.5721	61.7629	25.2484	2	0.0979649	0	20.2912	5.20935	11.974	4.9889	3.27163	4090.7	9999.0	9999.0	999.9	4.97263	1.86318	1.86508	1.86355	1.86354	1.86401	1.8605	1.86325	0.0	0.0	0.0	0.0	11111111	oooooooo	on	on	on	on	0.0	100.0	100.0	-0.46	-0.138	-0.18008937838408373	-0.0010337305037507979	9.120241388950126e-07	-2.246115299815222e-10	-0.647444208770562	-0.01814858093373864	0.0020919599883593687	-1.9087170078860404e-05	2.0	2210.0	1.0	26.0	2.3	2.3	1.29028	2.40845	2.34741	2.65747	2.39868	2.32666	36.8366	14.8238	18	799.945	618.844	30.2358	29.0295	30.0003	28.8195	28.7729	25.8881	26.3236	96.9938	-999.9	405	22.4377	99.8334	99.6773	
39	1752256391.5	5460.0	20250711 10:53:11	10:53:11	15	1752256383.516129	0.0015724747924570899	1.5724747924570899	8.368274360611174	398.24867741935475	209.8994314952163	21.30057401763047	40.41423728671574	0.07605450357669358	3.0	0.07499937671749637	0.04696818987981806	161.91348698652118	31.44164707106241	30.99594516129032	4.510335397604355	54.71593707183433	2.45568304618442	4.488058100806084	2.0546523514199353	-69.34613834735767	-14.040249987096509	-1.050466324893354	77.47663232717363	8.368274360611174	1.5724747924570899	8.346864631266383	414.5680039113943	408.15763030303015	0.0007687839342002576	66.94126782564253	1.612167316314718	23.055657983558138	24.231119999999994	0.0010907623234699476	79.68869047173037	273.0	34.0	1	0	53117.0	999.9806129032258	841.1840159615938	0.8412003243936893	0.16191662607982032	6.0	0.5	1: Needles	2.0	False	1752256383.516129	398.24867741935475	404.9945161290323	24.1987129032258	23.04790322580645	398.69267741935477	24.324548387096776	800.0052258064517	101.37980645161288	0.10009688064516128	30.909135483870966	30.99594516129032	999.9000000000003	0.0	0.0	10000.36129032258	0.0	0.001586582580645161	-6.759013870967743	408.1113548387097	414.54900000000004	1.1508035483870969	404.9945161290323	23.04790322580645	2.4532603225806455	2.336591290322581	20.719683870967742	19.930899999999998	999.9806129032258	0.9599881935483869	0.040011906451612886	0.0	3.185	0.0	9598.991612903228	7946.72258064516	36.008	38.98170967741935	37.141	38.277999999999984	36.769999999999996	959.9696774193548	40.01	0.0	1752256411.5	0.0	1752256408.5	10:53:28	1752256408.5	1752256126.6	39	0.016	0.003	-0.444	-0.176	405.0	23.0	0.21	0.14	-6.762029999999999	-0.0015854173530801153	0.015343153394839047	1	1.1324100000000001	0.32891741878213226	0.03372878592537834	0	1	2	1/2	3.45298	2.78085	0.0954727	0.0965652	0.11992	0.113905	27049.6	30690.8	29062.9	34575.5	29594.7	37851.1	35790.9	45540.6	2.02485	2.1268	0.0829622	0	29.6642	999.9	61	32	28.7297	61.4629	25.2204	2	0.109731	0	20.2915	5.21025	11.974	4.98985	3.272	4094.4	9999.0	9999.0	999.9	4.97262	1.86322	1.86508	1.86356	1.86356	1.86401	1.8605	1.86325	0.0	0.0	0.0	0.0	11111111	oooooooo	on	on	on	on	0.0	100.0	100.0	-0.444	-0.1242	-0.17576067206749973	-0.0010337305037507979	9.120241388950126e-07	-2.246115299815222e-10	-0.647444208770562	-0.01814858093373864	0.0020919599883593687	-1.9087170078860404e-05	2.0	2210.0	1.0	26.0	1.7	4.4	1.2915	2.40356	2.34741	2.65625	2.39868	2.31079	36.9794	14.7975	18	510.543	618.509	30.3453	29.1712	30.0006	28.9612	28.9009	25.9	24.9835	96.6208	-999.9	405	23.0772	99.808	99.6517	
40	1752256496	5564.5	20250711 10:54:56	10:54:56	15	1752256488.25	0.0009943094227337498	0.9943094227337498	5.399826734537295	400.6267666666666	208.15738069111083	21.124691441357896	40.65729882305166	0.04776364110493791	3.0	0.0473451617741271	0.029628019088323555	161.9190570389471	31.72806868854619	31.069576666666663	4.52930631374772	54.63159302981065	2.471519868301979	4.523975471396839	2.0577864454457413	-43.849045542558365	-3.3420048799985516	-0.25030623722866757	114.4777003791615	5.399826734537295	0.9943094227337498	5.326117639601506	414.7787093997952	410.6794848484849	0.0024237368598763113	66.94068137291173	1.2038343396474787	23.6381087139526	24.48965090909091	0.007304940046649444	79.74660173238028	281.0	35.0	1	0	52734.0	1000.0155333333335	841.213347439869	0.8412002807955072	0.16191654193532903	6.0	0.5	1: Needles	2.0	False	1752256488.25	400.6267666666666	404.9752333333333	24.353733333333334	23.626189999999998	401.02876666666657	24.524733333333334	800.0301000000001	101.38389999999997	0.10032972666666669	31.04891333333334	31.069576666666663	999.9000000000002	0.0	0.0	9998.151	0.0	0.0016286373333333334	-4.388124666666666	410.60973333333334	414.7748333333333	0.7826975666666667	404.9752333333333	23.626189999999998	2.4746689999999996	2.3953153333333335	20.86080333333333	20.332139999999995	1000.0155333333335	0.9599912333333334	0.040008896666666655	0.0	2.5840000000000005	0.0	7116.093333333332	7947.007666666666	36.17666666666666	39.18079999999999	37.30373333333333	38.5	36.93699999999999	960.0059999999996	40.01	0.0	1752256515.9	0.0	1752256515	10:55:15	1752256515	1752256513	40	0.041	-0.021	-0.402	-0.171	405.0	24.0	0.51	0.07	-4.382323000000001	0.053504015009383836	0.028458226771884435	1	0.7478621249999999	0.798478930581611	0.0779380590748793	0	1	2	1/2	3.45316	2.78113	0.0958751	0.0965401	0.120739	0.115857	27030	30685.3	29055.3	34569.1	29559.2	37760.8	35780.8	45531.9	2.00975	2.12483	0.0701845	0	29.93	999.9	61	32.1	28.894	61.7629	25.1522	2	0.121189	0	20.2912	5.2101	11.974	4.98955	3.272	4097.6	9999.0	9999.0	999.9	4.97265	1.86325	1.86509	1.86356	1.86356	1.86402	1.8605	1.86329	0.0	0.0	0.0	0.0	11111111	oooooooo	on	on	on	on	0.0	100.0	100.0	-0.402	-0.171	-0.15937025465474997	-0.0010337305037507979	9.120241388950126e-07	-2.246115299815222e-10	-0.647444208770562	-0.01814858093373864	0.0020919599883593687	-1.9087170078860404e-05	2.0	2210.0	1.0	26.0	1.5	6.2	1.2915	2.40112	2.34741	2.65869	2.39868	2.32544	37.1225	14.7975	18	502.483	618.356	30.4903	29.3326	30.0004	29.1	29.0333	25.9125	23.4005	96.6208	-999.9	405	23.6383	99.7807	99.6328	
41	1752256598.5	5667.0	20250711 10:56:38	10:56:38	15	1752256590.75	-0.00019344519676972244	-0.19344519676972244	0.5167540446602583	404.6334666666667	480.53040304988116	48.76463694466816	41.062550823894995	-0.009075848129880746	3.0	-0.009091129763586184	-0.0056805810053780605	161.91772975012617	32.19827410183017	31.30492333333333	4.590409489700296	54.87523082193335	2.5065599073447027	4.56774371569995	2.083849582355593	8.53093317754476	-14.067797279998933	-1.0557395318547123	155.32512611581728	0.5167540446602583	-0.19344519676972244	0.33133597435446377	415.2964921773101	415.0405212121212	0.00033803450175037836	66.94112167060977	-0.016075472650661733	24.85706212857952	24.806899999999995	0.00962306541788105	79.68943505632221	49.0	6.0	1	0	52884.0	1000.0052666666668	841.2048847202726	0.8412004543978794	0.16191687698790735	6.0	0.5	1: Needles	2.0	False	1752256590.75	404.6334666666667	404.9623333333333	24.699829999999995	24.841333333333335	405.09646666666674	24.835829999999994	799.9831333333333	101.38089999999998	0.09995664333333334	31.217943333333338	31.30492333333333	999.9000000000002	0.0	0.0	10005.246666666668	0.0	0.001579267	-0.26813153333333334	414.9495666666667	415.2783999999999	-0.12678172000000001	404.9623333333333	24.841333333333335	2.5055849999999995	2.5184376666666664	21.06276666666667	21.146136666666663	1000.0052666666668	0.9599848333333334	0.040015066666666675	0.0	0.46600000000000014	0.0	5729.155333333332	7946.900666666666	36.25413333333333	39.25	37.375	38.625	37.04959999999999	959.9893333333334	40.01533333333334	0.0	1752256618.5	0.0	1752256617.5	10:56:57	1752256617.5	1752256614.5	41	-0.061	-0.022	-0.463	-0.136	405.0	25.0	0.32	0.2	-0.267937425	0.19391803001876218	0.03888246894738521	0	-0.204381635	1.3584141636022524	0.1392809945095589	0	0	2	0/2	3.45395	2.78124	0.096602	0.0965294	0.121816	0.119903	27005.1	30681.6	29052.2	34564.9	29519.7	37584.5	35776.8	45527.4	2.38895	2.12448	0.0779331	0	30.0781	999.9	60.9	32.2	29.009	61.5529	25.0561	2	0.127797	0	20.2913	5.2104	11.974	4.98985	3.272	4100.7	9999.0	9999.0	999.9	4.97268	1.86325	1.8651	1.86356	1.86356	1.86401	1.8605	1.8633	0.0	0.0	0.0	0.0	11111111	oooooooo	on	on	on	on	0.0	100.0	100.0	-0.463	-0.136	-0.11817750273096217	-0.0010337305037507979	9.120241388950126e-07	-2.246115299815222e-10	-0.6685049114754712	-0.01814858093373864	0.0020919599883593687	-1.9087170078860404e-05	2.0	2210.0	1.0	26.0	1.4	1.4	1.29272	2.41577	2.34741	2.65625	2.39868	2.29614	37.2899	14.7712	18	777.704	619.195	30.627	29.4417	30.0005	29.1914	29.1384	25.9379	19.8034	97.522	-999.9	405	24.7124	99.7697	99.622	
42	1752256716	5784.5	20250711 10:58:36	10:58:36	15	1752256708.25	0.00178575663140765	1.78575663140765	6.153827896874971	399.8254333333334	271.47368673592234	27.550902620173147	40.57686662483294	0.08532156901532051	3.0	0.08399606343111844	0.052614915679473004	161.91417290930315	31.92689638111136	31.39103333333333	4.61294497495815	54.69405794849027	2.5312856960145043	4.628081716661829	2.081659278943646	-78.75186744507737	9.321384800000303	0.7006309150995231	93.1843211793256	6.153827896874971	1.78575663140765	6.291140093351125	414.8043205404883	409.97321212121204	-0.0003557595451769075	66.94075709310084	1.8394837292977746	23.655322921462076	24.987465454545458	0.0032374649303617328	79.74748836304768	300.0	37.0	1	0	52703.0	999.9950666666666	841.1953172794317	0.8411994671968033	0.16191497168983016	6.0	0.5	1: Needles	2.0	False	1752256708.25	399.8254333333334	404.97599999999994	24.942103333333332	23.63626666666666	400.2034333333334	25.072960000000002	800.0462000000001	101.38616666666667	0.10029027666666665	31.448666666666664	31.39103333333333	999.9000000000002	0.0	0.0	9995.086666666666	0.0	0.0015381773333333333	-5.233329333333333	409.96816666666666	414.77973333333335	1.3058450000000001	404.97599999999994	23.63626666666666	2.5287873333333333	2.3963906666666666	21.212966666666667	20.339403333333333	999.9950666666666	0.9600159999999999	0.03998419999999999	0.0	2.610666666666667	0.0	6847.789333333333	7946.931333333333	36.6312	39.6166	37.664266666666656	39.06409999999999	37.40599999999999	960.0119999999998	39.982	0.0	1752256736.1	0.0	1752256733	10:58:53	1752256733	1752256614.5	42	0.085	-0.022	-0.378	-0.136	405.0	25.0	0.24	0.2	-5.2237578048780495	-0.250239930313579	0.02923930669761247	0	1.3119370731707316	-0.044339999999998284	0.01797867289981517	1	1	2	1/2	3.45327	2.78076	0.0956509	0.0964712	0.122417	0.115848	27024.4	30675.3	29043	34556.5	29490.2	37748.7	35764.8	45516.4	1.97012	2.11803	0.0573881	0	30.4815	999.9	60.9	32.3	29.1765	61.813	25.1042	2	0.142345	0	20.2913	5.2107	11.974	4.9896	3.272	4104.2	9999.0	9999.0	999.9	4.97266	1.86325	1.8652	1.86357	1.86356	1.86404	1.86051	1.86334	0.0	0.0	0.0	0.0	11111111	oooooooo	on	on	on	on	0.0	100.0	100.0	-0.378	-0.1286	-0.17875616459471583	-0.0010337305037507979	9.120241388950126e-07	-2.246115299815222e-10	-0.6900811777981304	-0.01814858093373864	0.0020919599883593687	-1.9087170078860404e-05	2.0	2210.0	1.0	26.0	1.6	1.7	1.2915	2.41455	2.34741	2.65747	2.39868	2.31934	37.4819	14.7625	18	481.121	615.961	30.8433	29.6301	30.0007	29.3839	29.3155	25.9128	24.3635	97.8815	-999.9	405	23.7018	99.7371	99.5978	
43	1752256831.5	5900.0	20250711 11:00:31	11:00:31	15	1752256823.75	0.0014291928691184856	1.4291928691184856	5.96881338345961	400.05549999999994	245.384450865523	24.90296490133017	40.599834422857676	0.06722421466468197	3.0	0.06639844031389831	0.041572372509607	161.91275636909003	32.22777346657455	31.544570000000004	4.653365519779195	54.36731292990328	2.5464272684208296	4.68374677943709	2.106938251358365	-63.027405528125215	18.54141504000023	1.3961453208200687	118.82291120178512	5.96881338345961	1.4291928691184856	5.899082673307311	414.9886408387052	410.4510727272725	0.0012757317122550347	66.94095299064317	1.5723551369623827	24.157668030498517	25.225637575757563	0.020458678868138156	79.70065166511601	168.0	21.0	1	0	52786.0	999.9833333333332	841.1856976005646	0.841199717595858	0.16191545496000606	6.0	0.5	1: Needles	2.0	False	1752256823.75	400.05549999999994	404.96090000000004	25.091536666666666	24.046543333333332	400.4724999999999	25.215149999999998	800.0044666666669	101.3855	0.10000494333333335	31.659210000000005	31.544570000000004	999.9000000000002	0.0	0.0	9996.335	0.0	0.0015738520000000002	-4.864704666666666	410.3935666666667	414.9388333333334	1.0449963333333334	404.96090000000004	24.046543333333332	2.5439186666666678	2.437970333333334	21.310166666666664	20.61814333333333	999.9833333333332	0.9600119000000003	0.03998843333333334	0.0	0.9998333333333331	0.0	7279.161666666667	7946.822666666666	36.8624	39.8708	37.93699999999999	39.31619999999999	37.629133333333336	959.9953333333332	39.99	0.0	1752256851.3	0.0	1752256848.5	11:00:48	1752256848.5	1752256614.5	43	-0.039	-0.022	-0.417	-0.136	405.0	25.0	0.37	0.2	-4.84666725	-0.273872082551579	0.037261023670016165	0	1.0478495	-0.044608480300188304	0.025174281414769337	1	1	2	1/2	3.45341	2.78105	0.0956653	0.0964275	0.123165	0.117597	27016.8	30668.5	29035.8	34547.9	29457.4	37665.1	35754.8	45505.3	2.19793	2.11443	0.0568107	0	30.658	999.9	60.6	32.5	29.3573	61.7429	25.0361	2	0.155417	0	20.2907	5.20681	11.974	4.98925	3.27163	4107.6	9999.0	9999.0	999.9	4.97266	1.86326	1.86523	1.86357	1.86356	1.86405	1.86051	1.86338	0.0	0.0	0.0	0.0	11111111	oooooooo	on	on	on	on	0.0	100.0	100.0	-0.417	-0.1166	-0.09409121040734636	-0.0010337305037507979	9.120241388950126e-07	-2.246115299815222e-10	-0.6900811777981304	-0.01814858093373864	0.0020919599883593687	-1.9087170078860404e-05	2.0	2210.0	1.0	26.0	1.6	3.6	1.29272	2.41089	2.34741	2.65625	2.39868	2.32178	37.6745	14.7449	18	631.305	614.953	31.053	29.82	30.0007	29.5521	29.4902	25.9218	23.0533	98.6256	-999.9	405	24.267	99.7107	99.5733	
44	1752256948.5	6017.0	20250711 11:02:28	11:02:28	15	1752256940.5	0.0009162770326587543	0.9162770326587544	5.3211506033067595	400.7028709677419	181.99399690095404	18.469853581694874	40.66575536866057	0.04114728118977441	3.0	0.04083630253521531	0.025550433221632522	161.91573912777233	32.42236395219624	31.923293548387097	4.754390725471372	54.442815355221384	2.55931800486332	4.700928833611222	2.1950727206080516	-40.40781714025107	-32.272071019354776	-2.43535503166423	86.80049593650224	5.3211506033067595	0.9162770326587544	5.352976155287942	415.2155837588606	411.1129818181817	-0.003951409777089591	66.94078955662357	1.130653187534654	24.587299372462795	25.371593939393943	0.010586104327035021	79.71386843806097	106.0	13.0	1	0	52846.0	1000.0043225806452	841.2031383480016	0.8411995021953147	0.16191503923695755	6.0	0.5	1: Needles	2.0	False	1752256940.5	400.7028709677419	404.9691612903226	25.21841935483871	24.548532258064512	401.1188709677419	25.37241935483871	799.9885161290323	101.38583870967744	0.1002207	31.72375806451613	31.923293548387097	999.9000000000003	0.0	0.0	9993.809677419355	0.0	0.0015776432258064515	-4.26586870967742	411.08612903225804	415.16087096774197	0.7082981612903227	404.9691612903226	24.548532258064512	2.5606822580645168	2.4888703225806457	21.417332258064523	20.953867741935483	1000.0043225806452	0.9600156451612906	0.03998429354838709	0.0	1.86741935483871	0.0	6168.7448387096765	7947.002258064515	36.95732258064517	40.0	38.11687096774194	39.402999999999984	37.75	960.02	39.983548387096775	0.0	1752256968.3	0.0	1752256965.5	11:02:45	1752256965.5	1752256965.5	44	0.001	-0.008	-0.416	-0.154	405.0	25.0	0.28	0.1	-4.251272682926829	-0.2990878745644634	0.03748885083200533	0	0.7201401219512195	-0.04440294773519046	0.050319656290362814	1	1	2	1/2	3.45376	2.78082	0.0957407	0.0963985	0.123569	0.118888	27006.8	30661.8	29028.1	34540	29436.1	37601.7	35744.8	45494.9	2.2957	2.11118	0.0813231	0	30.6266	999.9	60.4	32.7	29.5934	61.533	24.9359	2	0.16872	0	20.2907	5.2101	11.974	4.98935	3.272	4111.0	9999.0	9999.0	999.9	4.97267	1.86325	1.86521	1.86364	1.86357	1.86409	1.86054	1.86337	0.0	0.0	0.0	0.0	11111111	oooooooo	on	on	on	on	0.0	100.0	100.0	-0.416	-0.154	-0.1331424658363809	-0.0010337305037507979	9.120241388950126e-07	-2.246115299815222e-10	-0.6900811777981304	-0.01814858093373864	0.0020919599883593687	-1.9087170078860404e-05	2.0	2210.0	1.0	26.0	1.7	5.6	1.29272	2.40967	2.34741	2.65503	2.39868	2.31812	37.8679	14.7274	18	707.314	614.15	31.2145	29.9911	30.0007	29.7192	29.6588	25.9304	22.153	100	-999.9	405	24.6344	99.6833	99.5506	
45	1752257046.5	6115.0	20250711 11:04:06	11:04:06	15	1752257038.5	0.0016800182353445521	1.680018235344552	2.9291276417594903	402.3026774193549	329.5469719288308	33.443719629351044	40.82725406639695	0.07890924271414565	3.0	0.07777405744406804	0.04870941730389504	161.91719824745317	32.292399161424605	31.673445161290328	4.687531330860425	54.552998234732506	2.573776664443947	4.717938056070563	2.113754666416478	-74.08880417869474	18.4394691870966	1.3902277151958096	107.65809097105083	2.9291276417594903	1.680018235344552	3.008421728977963	415.0074963233643	412.6987636363635	-0.0010164358959322082	66.94028943235266	1.677610749624761	24.134584366649708	25.360361212121195	0.0001334603545889402	79.80352101674326	29.0	4.0	1	0	52896.0	1000.0041290322579	841.2037477932649	0.8412002744501964	0.161916529688879	6.0	0.5	1: Needles	2.0	False	1752257038.5	402.3026774193549	405.0064516129031	25.36142258064516	24.13335483870968	402.7136774193549	25.479235483870973	799.9936129032259	101.38370967741933	0.10021364193548388	31.78745483870968	31.673445161290328	999.9000000000003	0.0	0.0	9996.329032258065	0.0	0.0015477432258064517	-2.7082264516129038	412.7666129032258	415.02235483870965	1.2280687096774192	405.0064516129031	24.13335483870968	2.5712358064516128	2.446729032258064	21.48458064516129	20.676422580645163	1000.0041290322579	0.9599928709677421	0.040007219354838704	0.0	0.9100000000000001	0.0	4998.475483870968	7946.923548387098	37.00399999999999	40.125	38.18699999999998	39.5	37.875	959.9958064516128	40.009354838709676	0.0	1752257066.1	0.0	1752257063.5	11:04:23	1752257063.5	1752256965.5	45	0.006	-0.008	-0.411	-0.154	405.0	25.0	0.24	0.1	-2.692351463414634	-0.384303972125436	0.041015719268674394	0	1.2437036585365855	-0.2651211846689897	0.031495752153080606	0	0	2	0/2	3.45344	2.78088	0.0959914	0.0963551	0.12351	0.117384	26992.5	30657.4	29021.2	34534.2	29431.2	37659.8	35735.6	45487.3	2.40632	2.10757	0.0561401	0	30.7791	999.9	60.2	32.8	29.663	61.783	24.9479	2	0.180224	0	20.2904	5.20786	11.974	4.9887	3.27155	4113.9	9999.0	9999.0	999.9	4.97265	1.86325	1.86523	1.86368	1.8636	1.8641	1.86059	1.86338	0.0	0.0	0.0	0.0	11111111	oooooooo	on	on	on	on	0.0	100.0	100.0	-0.411	-0.1178	-0.13227918320933818	-0.0010337305037507979	9.120241388950126e-07	-2.246115299815222e-10	-0.6977593505349826	-0.01814858093373864	0.0020919599883593687	-1.9087170078860404e-05	2.0	2210.0	1.0	26.0	1.4	1.4	1.29272	2.41699	2.34741	2.65503	2.39868	2.31812	38.0134	14.7012	18	801.426	612.747	31.3525	30.1458	30.0003	29.8593	29.797	25.922	23.704	100	-999.9	405	24.3975	99.6587	99.5339	
46	1752257190.5	6259.0	20250711 11:06:30	11:06:30	15	1752257182.5	9.533582959848013e-05	0.09533582959848012	1.1797206745939308	404.0978064516128	-38.57203003097074	-3.914519167859807	41.01025037507289	0.004329968092707948	3.0	0.004326499129330834	0.0027043733895981787	161.91514790127934	32.97864486358616	32.03118709677419	4.78351871998992	54.830563028564825	2.6289100924759836	4.794607144753215	2.1546086275139364	-4.204310085292974	6.618654503226545	0.5005872624107036	164.8300795816236	1.1797206745939308	0.09533582959848012	1.1653652729555226	415.7230112369091	414.82576363636355	5.94481147265267e-06	66.9403980793964	0.1659942252103964	25.80061440218387	25.924251515151507	-0.0005939168538720475	79.7494636013443	44.0	5.0	1	0	52881.0	999.9946774193548	841.1955276774136	0.8412000050322791	0.16191600971229878	6.0	0.5	1: Needles	2.0	False	1752257182.5	404.0978064516128	405.0115161290322	25.904177419354838	25.834525806451616	404.4728064516128	26.028177419354837	799.9777419354838	101.38609677419356	0.09985469677419355	32.072109677419355	32.03118709677419	999.9000000000003	0.0	0.0	9997.172580645163	0.0	0.001541578064516129	-0.9487797096774194	414.8228064516129	415.7522258064516	0.1041802806451613	405.0115161290322	25.834525806451616	2.629825161290323	2.6192625806451617	21.853087096774193	21.787177419354844	999.9946774193548	0.9600022580645163	0.03999794193548386	0.0	2.6161290322580646	0.0	6440.966451612904	7946.88677419355	37.15299999999999	40.22358064516129	38.30999999999998	39.596548387096774	37.941064516129025	959.9958064516129	40.0	0.0	1752257210.1	0.0	1752257212.5	11:06:52	1752257212.5	1752257210	46	0.036	-0.03	-0.375	-0.124	405.0	26.0	0.32	0.22	-0.9397954878048781	-0.09721289895470124	0.023994820364974856	1	0.08223918292682926	0.40426656376306613	0.04089704290127506	0	1	2	1/2	3.45436	2.78041	0.0962932	0.0963393	0.125267	0.122807	26979	30651.8	29016.8	34527.8	29368	37422.2	35730.4	45479.5	2.38258	2.10625	0.064075	0	31.0006	999.9	60	33	29.8966	61.603	24.8918	2	0.19047	0	20.2901	5.20591	11.974	4.98795	3.27125	4118.3	9999.0	9999.0	999.9	4.97265	1.86327	1.86523	1.86371	1.86369	1.86417	1.86058	1.8634	0.0	0.0	0.0	0.0	11111111	oooooooo	on	on	on	on	0.0	100.0	100.0	-0.375	-0.124	-0.12635686365069426	-0.0010337305037507979	9.120241388950126e-07	-2.246115299815222e-10	-0.6977593505349826	-0.01814858093373864	0.0020919599883593687	-1.9087170078860404e-05	2.0	2210.0	1.0	26.0	2.1	3.8	1.29395	2.41089	2.34741	2.65503	2.39868	2.31934	38.2324	14.6924	18	782.778	613.365	31.5489	30.287	30.0007	30.0144	29.9575	25.959	19.0985	100	-999.9	405	25.7779	99.6439	99.5162	
47	1752257294	6362.5	20250711 11:08:14	11:08:14	15	1752257286.25	0.0007002662627802831	0.700266262780283	3.1145465299829653	402.53556666666674	244.14326278174295	24.77702690993137	40.85156581371904	0.03393030958656423	3.0	0.03371854873890154	0.021093008508599957	161.91804029148935	32.756456899589196	31.590006666666667	4.66538630317083	55.14140216765545	2.633526774035771	4.775951772188577	2.0318595291350587	-30.88174218861048	66.83039343999897	5.041903947089155	202.908595489967	3.1145465299829653	0.700266262780283	3.1631592392091	415.5744318880515	413.16986666666656	-0.008912579999356206	66.94035298527062	0.673316041697464	25.336915149992453	25.879347272727255	-0.012674743622220963	79.75697214459738	344.0	43.0	1	0	52655.0	1000.0194333333332	841.2157741199425	0.8411994268110816	0.1619148937453876	6.0	0.5	1: Needles	2.0	False	1752257286.25	402.53556666666674	405.08296666666666	25.949756666666666	25.43817	402.9355666666667	26.089756666666666	799.9753333333334	101.38566666666667	0.09993907	32.00321333333333	31.590006666666667	999.9000000000002	0.0	0.0	9999.399000000001	0.0	0.0015642959999999997	-2.521338333333333	413.2968000000001	415.65656666666666	0.5363674666666667	405.08296666666666	25.43817	2.6334463333333336	2.579066	21.87558333333334	21.534173333333335	1000.0194333333332	0.9600178666666668	0.039982366666666665	0.0	2.3918333333333326	0.0	5324.490666666666	7947.122666666666	37.2416	40.2624	38.391533333333335	39.5872	38.0	960.0376666666666	39.98166666666667	0.0	1752257313.9	0.0	1752257314	11:08:34	1752257314	1752257310	47	-0.025	0.007	-0.4	-0.14	405.0	25.0	0.7	0.15	-2.4770557500000003	-0.6594293808630387	0.08363363656111998	0	0.45040034250000005	1.3341795028142582	0.14952855137342147	0	0	2	0/2	3.45398	2.78007	0.0959607	0.0963123	0.125165	0.121243	26982.9	30647.6	29010.7	34522.5	29365.6	37484.1	35722.7	45473.4	1.87608	2.10267	0.054352	0	30.7354	999.9	59.8	33.1	29.9662	61.583	25.1242	2	0.199599	0	20.2899	5.20696	11.974	4.98785	3.27125	4121.4	9999.0	9999.0	999.9	4.97268	1.86329	1.86523	1.86371	1.86371	1.86417	1.86065	1.8634	0.0	0.0	0.0	0.0	11111111	oooooooo	on	on	on	on	0.0	100.0	100.0	-0.4	-0.14	-0.09086284503373177	-0.0010337305037507979	9.120241388950126e-07	-2.246115299815222e-10	-0.7267071716047783	-0.01814858093373864	0.0020919599883593687	-1.9087170078860404e-05	2.0	2210.0	1.0	26.0	1.4	1.4	1.29395	2.41577	2.34863	2.65137	2.39868	2.32178	38.3545	14.6749	18	433.466	611.655	31.5981	30.3941	30.0006	30.1439	30.0649	25.9477	21.247	100	-999.9	405	25.3683	99.6227	99.502	
48	1752257419.5	6488.0	20250711 11:10:19	11:10:19	15	1752257411.75	0.0007653811963551164	0.7653811963551164	2.5149266460965616	402.9232	276.4132777710521	28.05087115476281	40.88930481055345	0.035291126847174455	3.0	0.03506210138596091	0.02193426634249917	161.90981746787145	32.61484985927493	31.852590000000003	4.735386764480586	54.83023772478626	2.600178669644166	4.7422349009235525	2.1352080948364196	-33.753310759260636	4.125346240000307	0.31144009996748245	132.5932930485786	2.5149266460965616	0.7653811963551164	2.468425097103312	415.4001915843057	413.4940606060605	0.0021460454046189144	66.94034297142139	0.746117937000269	25.039675750878846	25.587823030303017	-0.0007199358144783973	79.65233947368398	60.0	8.0	1	0	52877.0	999.9639000000001	841.1694578797262	0.8411998251934156	0.16191566262329213	6.0	0.5	1: Needles	2.0	False	1752257411.75	402.9232	405.0407333333333	25.622160000000004	25.062820000000002	403.3472	25.767160000000004	799.9826333333333	101.38173333333333	0.09990091	31.87809666666667	31.852590000000003	999.9000000000002	0.0	0.0	9998.833333333334	0.0	0.0015617476666666666	-2.0929119999999997	413.5522666666667	415.45316666666656	0.5794354	405.0407333333333	25.062820000000002	2.5996560000000004	2.5409113333333333	21.6642	21.290943333333335	999.9639000000001	0.9600047333333334	0.03999554	0.0	0.1876666666666667	0.0	5542.514666666666	7946.642000000001	37.06199999999999	40.05373333333333	38.23739999999999	39.42046666666667	37.875	959.9696666666666	39.99266666666667	0.0	1752257439.3	0.0	1752257442.5	11:10:42	1752257440	1752257442.5	48	-0.024	0.006	-0.424	-0.145	405.0	25.0	0.34	0.18	-2.086369268292683	-0.11340898954703849	0.01976173592530977	0	0.5793809268292682	-0.11487725435540047	0.03296505827379417	0	0	2	0/2	3.4539	2.78068	0.0960369	0.0962927	0.124213	0.120258	26981.6	30650.2	29011.8	34524.8	29399	37529.5	35724	45477.5	2.3587	2.10152	0.0881031	0	30.4453	999.9	59.8	33.3	30.3059	61.563	25.028	2	0.199365	0	20.2901	5.20681	11.974	4.9884	3.27125	4125.2	9999.0	9999.0	999.9	4.97266	1.86328	1.86524	1.86371	1.86369	1.86416	1.86066	1.8634	0.0	0.0	0.0	0.0	11111111	oooooooo	on	on	on	on	0.0	100.0	100.0	-0.424	-0.145	-0.11608175458616693	-0.0010337305037507979	9.120241388950126e-07	-2.246115299815222e-10	-0.7196776786052307	-0.01814858093373864	0.0020919599883593687	-1.9087170078860404e-05	2.0	2210.0	1.0	26.0	1.8	1.8	1.29395	2.42065	2.34741	2.65137	2.39868	2.3291	38.4279	14.6486	18	764.156	611.027	31.5968	30.4251	29.9999	30.1542	30.0918	25.9497	22.6729	100	-999.9	405	25.1624	99.6264	99.5101	
49	1752257535	6603.5	20250711 11:12:15	11:12:15	15	1752257527.25	0.0018276079351841439	1.8276079351841439	3.532882619900363	401.7959000000001	322.5668264230166	32.734875597412106	40.77523701957385	0.08586462911490474	3.0	0.08452233961601398	0.05294531368217516	161.9159111475749	32.57600656123935	31.862923333333338	4.738160062812615	54.603177221900104	2.6234160127726835	4.804511653436332	2.1147440500399317	-80.59750994162074	39.73368312000009	3.003222626178006	124.05530695213224	3.532882619900363	1.8276079351841439	3.4682338640225567	415.16625093828105	412.4973030303028	0.0007112976242450927	66.94031108302816	1.870679583882223	24.598473252221762	25.914533333333324	0.012706280222761972	79.75508271333752	213.0	27.0	1	0	52635.0	999.9965666666667	841.1973538795725	0.8412002420004033	0.16191646706077845	6.0	0.5	1: Needles	2.0	False	1752257527.25	401.7959000000001	404.9963333333334	25.850929999999998	24.51564666666667	402.2309000000001	25.96015	799.9931666666668	101.38253333333334	0.09992833333333333	32.10859333333334	31.862923333333338	999.9000000000002	0.0	0.0	10005.995	0.0	0.0016053846666666668	-3.1881006666666667	412.4709999999999	415.1746000000001	1.3352806666666666	404.9963333333334	24.51564666666667	2.620831333333333	2.4854583333333338	21.79698	20.93155333333333	999.9965666666667	0.9599940666666666	0.04000571333333333	0.0	0.18300000000000008	0.0	7044.715666666667	7946.863333333333	36.879133333333336	40.0	38.04753333333333	39.31199999999999	37.75	959.9903333333332	40.008	0.0	1752257555.1	0.0	1752257552	11:12:32	1752257552	1752257442.5	49	-0.011	0.006	-0.435	-0.145	405.0	25.0	0.29	0.18	-3.172331951219512	-0.14593003484319736	0.03777557787774558	0	1.3434582926829268	-0.2101285714285684	0.026866184920956316	0	0	2	0/2	3.45382	2.78116	0.095846	0.096293	0.125276	0.11898	26992.1	30655.5	29016.9	34530.7	29368.4	37591.8	35730.6	45487	2.11157	2.09993	0.071153	0	30.7514	999.9	59.7	33.4	30.4233	61.513	25.008	2	0.193229	0	20.2905	5.21115	11.974	4.98955	3.272	4128.6	9999.0	9999.0	999.9	4.9727	1.86335	1.86524	1.86371	1.86371	1.86417	1.86065	1.8634	0.0	0.0	0.0	0.0	11111111	oooooooo	on	on	on	on	0.0	100.0	100.0	-0.435	-0.1057	-0.1398191652613206	-0.0010337305037507979	9.120241388950126e-07	-2.246115299815222e-10	-0.7139758292639871	-0.01814858093373864	0.0020919599883593687	-1.9087170078860404e-05	2.0	2210.0	1.0	26.0	1.6	1.5	1.29395	2.41699	2.34741	2.65259	2.39868	2.30713	38.5014	14.6399	18	576.377	609.396	31.6985	30.3879	29.9998	30.1273	30.0556	25.9441	24.6626	99.6273	-999.9	405	24.6819	99.6444	99.5291	
50	1752257626.5	6695.0	20250711 11:13:46	11:13:46	15	1752257618.75	0.0017228543624729484	1.7228543624729484	4.99989677954973	400.7336333333334	282.22227715103855	28.639675986373874	40.66610733697281	0.07635803677043769	3.0	0.07529453459243168	0.047153401534206156	161.90942818615954	32.59083999091018	32.357263333333336	4.872495756840518	54.90980695854554	2.6364049022335596	4.801337043898057	2.2360908546069584	-75.97787738505703	-42.10904584000114	-3.190322891265441	40.63218206983593	4.99989677954973	1.7228543624729484	5.001170902763925	415.2507493473819	411.4030242424242	0.0005368571780010582	66.94009254075057	1.7444313622351915	24.731411147835846	26.00328969696969	0.0006061125858555417	79.83490962980841	8.0	1.0	1	0	52825.0	999.9535000000001	841.1613802000827	0.8412004960231477	0.16191695732467512	6.0	0.5	1: Needles	2.0	False	1752257618.75	400.7336333333334	405.0013333333333	25.97977	24.721206666666667	401.1316333333334	26.082636666666666	800.0050333333334	101.37896666666666	0.10018046333333334	32.09690666666666	32.357263333333336	999.9000000000002	0.0	0.0	9997.560333333333	0.0	0.0015534666666666664	-4.302495666666666	411.3865666666667	415.2672	1.2585606666666667	405.0013333333333	24.721206666666667	2.633802	2.5062116666666663	21.877836666666667	21.066883333333337	999.9535000000001	0.9599845000000005	0.040015606666666655	0.0	1.1803333333333335	0.0	5283.860000000001	7946.490333333331	36.875	40.06619999999998	38.06619999999999	39.25413333333333	37.75	959.9386666666666	40.01466666666667	0.0	1752257646.3	0.0	1752257643.5	11:14:03	1752257643.5	1752257442.5	50	0.037	0.006	-0.398	-0.145	405.0	25.0	0.37	0.18	-4.305013658536585	0.05778857142856855	0.02774657629999073	1	1.2474490243902439	0.18362801393728295	0.03534371029737499	0	1	2	1/2	3.45379	2.78065	0.0956574	0.0962993	0.125543	0.119266	26999.9	30657.3	29019.1	34532.8	29361.5	37583.1	35733.4	45491.2	2.43218	2.10012	0.0962988	0	30.8269	999.9	59.6	33.6	30.7202	61.353	25.0881	2	0.190269	0	20.29	5.21115	11.974	4.98955	3.272	4131.3	9999.0	9999.0	999.9	4.97264	1.86337	1.86524	1.86371	1.86371	1.86417	1.86066	1.8634	0.0	0.0	0.0	0.0	11111111	oooooooo	on	on	on	on	0.0	100.0	100.0	-0.398	-0.1016	-0.15043361734809324	-0.0010337305037507979	9.120241388950126e-07	-2.246115299815222e-10	-0.7139758292639871	-0.01814858093373864	0.0020919599883593687	-1.9087170078860404e-05	2.0	2210.0	1.0	26.0	1.2	3.1	1.29395	2.42554	2.34741	2.65015	2.39868	2.27295	38.5995	14.6224	18	827.444	609.262	31.8015	30.3619	29.9999	30.0868	30.0273	25.9516	24.9555	99.2548	-999.9	405	24.6654	99.6521	99.5371	
51	1752257782	6850.5	20250711 11:16:22	11:16:22	15	1752257774.25	0.0022473809472943404	2.2473809472943405	7.3482886055498255	398.7945666666667	264.40949437096504	26.832607157865713	40.470172863932554	0.09785555286479541	3.0	0.09611628039758673	0.06022636705669879	161.9152102336741	32.711489615326556	32.62855333333333	4.94761751137087	54.690411438623045	2.6637777251537957	4.870648537985953	2.2838397862170745	-99.1094997756804	-44.96368623999937	-3.4153957044827945	14.426628513511524	7.3482886055498255	2.2473809472943405	7.3421917992238175	415.224313123077	409.5919393939392	-0.003996212968600913	66.94004890850928	2.3325021132276427	24.68647904563689	26.338737575757577	0.0128277393180588	79.81958508692416	58.0	7.0	1	0	52777.0	999.9962666666667	841.1967635200384	0.84119990399968	0.16191581471938238	6.0	0.5	1: Needles	2.0	False	1752257774.25	398.7945666666667	404.97813333333323	26.248963333333336	24.60762666666667	399.21156666666667	26.338473333333333	799.9783000000002	101.38146666666665	0.09978770999999999	32.350546666666666	32.62855333333333	999.9000000000002	0.0	0.0	10006.630999999998	0.0	0.0015799039999999998	-6.161626666666666	409.5671666666667	415.19513333333333	1.6413433333333332	404.97813333333323	24.60762666666667	2.661161	2.4947603333333332	22.047199999999997	20.99229	999.9962666666667	0.9600044000000001	0.03999580333333332	0.0	2.2611666666666665	0.0	6077.751000000001	7946.898000000001	36.875	39.957999999999984	38.0	39.243700000000004	37.7416	960.0	39.99666666666667	0.0	1752257801.7	0.0	1752257802	11:16:42	1752257802	1752257442.5	51	-0.019	0.006	-0.417	-0.145	405.0	25.0	0.33	0.18	-6.1594705	-0.027489906191363548	0.021581821279725202	1	1.6495925	-0.20875474671670002	0.026794326708279116	0	1	2	1/2	3.45376	2.78141	0.0953202	0.0963185	0.126627	0.119143	27012.1	30658.4	29021.3	34534.6	29326.9	37591.7	35736.2	45495.4	2.36215	2.09845	0.0930019	0	31.127	999.9	59.5	33.8	31.0083	61.593	25.1202	2	0.186723	0	20.2901	5.2113	11.974	4.98965	3.272	4136.1	9999.0	9999.0	999.9	4.97265	1.8634	1.86524	1.86373	1.86371	1.86417	1.86066	1.8634	0.0	0.0	0.0	0.0	11111111	oooooooo	on	on	on	on	0.0	100.0	100.0	-0.417	-0.0849	-0.11337337249218465	-0.0010337305037507979	9.120241388950126e-07	-2.246115299815222e-10	-0.7139758292639871	-0.01814858093373864	0.0020919599883593687	-1.9087170078860404e-05	2.0	2210.0	1.0	26.0	2.3	5.7	1.29395	2.41699	2.34741	2.64893	2.39868	2.30225	38.7471	14.5961	18	765.638	607.419	31.9494	30.3224	30	30.0386	29.9758	25.9501	25.9499	98.1358	-999.9	405	24.6502	99.6598	99.5445	
52	1752257991.5	7060.0	20250711 11:19:51	11:19:51	15	1752257983.75	-0.009373920854680948	-9.373920854680948	-3.7987509257880165	410.72739999999993	372.6995886292251	37.81710878533316	41.675717496885554	-0.2993448869213135	3.0	-0.3169990331299515	-0.19645206889148137	161.920973266442	35.47200562817268	31.745483333333333	4.706724215579482	37.39616025989908	1.8024713943978221	4.819937078755814	2.9042528211816596	413.3899096914298	67.89677280000036	5.130364290725287	648.3380200485974	-3.7987509257880165	-9.373920854680948	-3.7771306470863304	415.26498363621806	418.1655090909093	0.0012009918239942873	66.94004180220189	-9.228683681504604	24.648750750193564	17.82088363636364	0.007433216550497735	79.79799675507314	800.0	100.0	1	0	52675.0	1000.0300666666667	841.2253464800217	0.8412000543983861	0.1619161049888853	6.0	0.5	1: Needles	2.0	False	1752257983.75	410.72739999999993	404.9906666666667	17.763926666666666	24.669569999999997	411.15939999999995	18.229193333333335	799.989466666667	101.37863333333334	0.08943891333333334	32.165283333333335	31.745483333333333	999.9000000000002	0.0	0.0	10007.233333333334	0.0	0.00152894	5.749923333333333	418.16886666666676	415.2342	-6.9056489999999995	404.9906666666667	24.669569999999997	1.800882	2.500968	15.794416666666669	21.032796666666663	1000.0300666666667	0.9599989999999998	0.04000073333333334	0.0	1.6936666666666667	0.0	5552.652999999999	7947.146000000002	36.68699999999999	39.75	37.875	38.875	37.56199999999999	960.0266666666668	40.003	0.0	1752258011.1	0.0	1752258016	11:20:16	1752258016	1752257442.5	52	-0.015	0.006	-0.432	-0.145	405.0	25.0	0.5	0.18	5.774148536585366	-0.4618622299651532	0.05101575627296259	0	-6.938193902439025	0.5623877351916462	0.056710149041270905	0	0	2	0/2	3.45374	2.77036	0.097373	0.0963401	0.0974845	0.119028	26953.2	30660.5	29024	34537.5	30317.5	37602.2	35742.6	45502.3	0.303225	2.0972	0.0657886	0	30.6564	999.9	59.2	34.3	31.7246	61.483	24.8277	2	0.181715	0	20.2904	5.21145	11.974	4.9896	3.272	4142.1	9999.0	9999.0	999.9	4.97267	1.8634	1.86535	1.86375	1.86371	1.86417	1.86066	1.86344	0.0	0.0	0.0	0.0	11111111	oooooooo	on	on	on	on	0.0	100.0	100.0	-0.432	-0.463	-0.1324823822528965	-0.0010337305037507979	9.120241388950126e-07	-2.246115299815222e-10	-0.7139758292639871	-0.01814858093373864	0.0020919599883593687	-1.9087170078860404e-05	2.0	2210.0	1.0	26.0	3.2	9.2	1.29395	2.43042	2.34741	2.64893	2.39868	2.2998	38.9693	14.5698	18	-0.167555	605.599	31.8952	30.2523	29.9999	30.2115	29.8937	25.953	27.3795	95.5216	-999.9	405	24.6017	99.6738	99.5566	
53	1752258131.6	7200.099999904633	20250711 11:22:11	11:22:11	15	1752258123.8499994	0.0026187673417699666	2.6187673417699666	5.722509877524012	399.93616666666657	310.1263705981711	31.47020180121412	40.583688024749435	0.1207790070740235	3.0	0.11814124787580803	0.0740704740499829	161.91369199757574	32.349912174093554	32.09355	4.8004255641203635	54.891703758560716	2.633471336322821	4.79757623830744	2.1669542277975427	-115.48763977205553	-1.6976888800002765	-0.12844722414414378	44.59991612137579	5.722509877524012	2.6187673417699666	5.6856916824088195	414.94339232994196	410.5785818181818	-0.0013723831601221658	66.94008523689213	2.66475751941044	23.969401489847293	25.96043454545455	-0.011120426520620431	79.78538814960194	40.0	5.0	1	0	52841.0	999.9834999999999	841.1863085997801	0.8412001884028888	0.16191636361757544	6.0	0.5	1: Needles	2.0	False	1752258123.8499994	399.93616666666657	405.01366666666655	25.951816666666666	24.038670000000003	400.3251666666666	26.110816666666665	799.9822333333335	101.37563333333331	0.09978051333333333	32.08305333333333	32.09355	999.9000000000002	0.0	0.0	10005.035000000002	0.0	0.0015544219999999997	-5.118067666666666	410.57440000000014	414.98953333333327	1.9707573333333337	405.01366666666655	24.038670000000003	2.6367233333333338	2.4369359999999998	21.895993333333333	20.611300000000004	999.9834999999999	0.9599940333333333	0.04000585666666667	0.0	-0.2563333333333333	0.0	5894.918999999998	7946.764	36.54959999999999	39.57459999999999	37.703799999999994	38.75	37.43699999999999	959.9789999999998	40.00566666666667	0.0	1752258151.5	0.0	1752258152.6	11:22:32	1752258148.6	1752258152.6	53	0.043	0.042	-0.389	-0.159	405.0	24.0	0.37	0.06	-5.109418292682927	-0.03174480836235609	0.039751148221025615	1	1.950533170731707	0.39014759581881514	0.04055022242512298	0	1	2	1/2	3.45337	2.78085	0.0955504	0.0963356	0.125441	0.116754	27011	30664.4	29027.1	34541.6	29373.7	37705.2	35744.9	45509.5	2.3907	2.0943	0.0852495	0	30.706	999.9	58.5	34.5	31.704	61.4139	25.3646	2	0.176921	0	20.2899	5.20666	11.974	4.9894	3.272	4146.5	9999.0	9999.0	999.9	4.97266	1.8634	1.86534	1.86377	1.86371	1.86417	1.86067	1.86342	0.0	0.0	0.0	0.0	11111111	oooooooo	on	on	on	on	0.0	100.0	100.0	-0.389	-0.159	-0.14743855994290306	-0.0010337305037507979	9.120241388950126e-07	-2.246115299815222e-10	-0.7139758292639871	-0.01814858093373864	0.0020919599883593687	-1.9087170078860404e-05	2.0	2210.0	1.0	26.0	1.9	11.5	1.29395	2.42676	2.34741	2.64771	2.39868	2.31445	39.0683	14.5523	18	788.429	602.84	31.8783	30.2019	30	29.9074	29.8451	25.9416	29.1343	93.4717	-999.9	405	23.9848	99.6821	99.5707	
54	1752258253.6	7322.099999904633	20250711 11:24:13	11:24:13	15	1752258245.5999994	0.0033773228735670255	3.3773228735670253	10.544864465265496	396.063129032258	287.2085798759076	29.144317031806544	40.190266607330244	0.17676216436204925	3.0	0.1711733208899782	0.10747074092549672	161.9167236473674	32.100758539298944	31.170774193548382	4.555492905948146	54.87455704953243	2.62418875285125	4.782159335669044	1.931304153096896	-148.93993872430582	138.3474092129046	10.417055784420151	161.74124992038634	10.544864465265496	3.3773228735670253	10.547606268841442	414.675064448052	406.58692727272705	-0.0036405461205902875	66.94	3.4292763178055123	23.39577404050107	25.89616363636364	0.0012560001192294212	79.69871980083889	331.0	41.0	1	0	52784.0	1000.0087419354838	841.2069952643889	0.8411996415513934	0.1619153081941893	6.0	0.5	1: Needles	2.0	False	1752258245.5999994	396.063129032258	404.97512903225805	25.860600000000005	23.39307741935484	396.443129032258	25.929225806451615	799.9886129032258	101.37435483870968	0.10004068387096776	32.026164516129036	31.170774193548382	999.9000000000003	0.0	0.0	9999.03064516129	0.0	0.0015606896774193546	-8.91730322580645	406.57206451612905	414.67567741935477	2.467517419354839	404.97512903225805	23.39307741935484	2.621601612903225	2.3714593548387093	21.80178709677419	20.17019032258064	1000.0087419354838	0.9600118064516131	0.03998848387096774	0.0	1.1214516129032257	0.0	8910.54612903226	7947.022258064515	36.43299999999999	39.465451612903216	37.566064516129025	38.643	37.31199999999998	960.0200000000001	39.98838709677419	0.0	1752258273.3	0.0	1752258270.6	11:24:30	1752258270.6	1752258152.6	54	0.009	0.042	-0.38	-0.159	405.0	24.0	0.24	0.06	-8.919316829268292	0.03151944250870017	0.02061764984348153	1	2.450871463414634	0.3237290592334544	0.03214382492462972	0	1	2	1/2	3.45311	2.78086	0.0948413	0.0963368	0.125119	0.114822	27035.2	30667.8	29030.2	34545.3	29387.8	37793.3	35749.1	45516.4	1.90397	2.0931	0.0449643	0	30.4506	999.9	58.1	34.7	31.8371	62.0839	25.5649	2	0.172043	0	20.2897	5.20681	11.974	4.9884	3.27125	4149.9	9999.0	9999.0	999.9	4.97265	1.8634	1.86534	1.86375	1.86371	1.86417	1.86066	1.86343	0.0	0.0	0.0	0.0	11111111	oooooooo	on	on	on	on	0.0	100.0	100.0	-0.38	-0.0668	-0.10487561981154059	-0.0010337305037507979	9.120241388950126e-07	-2.246115299815222e-10	-0.6717723688469749	-0.01814858093373864	0.0020919599883593687	-1.9087170078860404e-05	2.0	2210.0	1.0	26.0	1.8	1.7	1.29272	2.42188	2.34741	2.64648	2.39868	2.3291	39.1924	14.5348	18	446.969	601.381	31.8284	30.1535	30	29.8753	29.7935	25.9406	31.1538	91.2305	-999.9	405	23.3999	99.6932	99.5839	
55	1752258373.6	7442.099999904633	20250711 11:26:13	11:26:13	15	1752258365.5999994	0.0004285282619771323	0.4285282619771323	2.993795957091621	402.6154838709678	143.10174022594873	14.520554418186867	40.85345177439658	0.019237270683846466	3.0	0.019169001337366123	0.011986739277027668	161.91232675805998	33.11998093281732	32.2108870967742	4.832377195117014	54.51948293056308	2.6475927536060575	4.856232325200288	2.1847844415109567	-18.898096353191534	14.097640180643465	1.068371951358823	158.1802425368707	2.993795957091621	0.4285282619771323	2.8894010608755676	415.7424008480549	413.5077090909089	0.00308417069922321	66.94040688612307	0.523712226146016	25.821750066848654	26.179795757575757	0.006133221160394665	79.910578638101	232.0	29.0	1	0	52789.0	999.9732258064519	841.1778205164611	0.8412003429772568	0.1619166619461056	6.0	0.5	1: Needles	2.0	False	1752258365.5999994	402.6154838709678	404.9902258064517	26.092332258064513	25.779322580645164	403.0414838709678	26.189332258064514	800.001387096774	101.36999999999999	0.10014561290322581	32.29805161290322	32.2108870967742	999.9000000000003	0.0	0.0	9995.770967741935	0.0	0.0015850419354838708	-2.3273777419354835	413.4685161290323	415.7068709677419	0.3549204516129032	404.9902258064517	25.779322580645164	2.6492290322580643	2.6132499999999994	21.973541935483873	21.749570967741942	999.9732258064519	0.9599871612903227	0.04001324838709676	0.0	2.6027419354838712	0.0	5920.091612903227	7946.659677419356	36.56025806451613	39.58232258064517	37.64099999999999	38.86883870967741	37.40699999999999	959.9619354838709	40.01032258064516	0.0	1752258393.3	0.0	1752258393.1	11:26:33	1752258393.1	1752258389.6	55	-0.047	-0.031	-0.426	-0.097	405.0	26.0	0.3	0.16	-2.32463	-0.09198606271777329	0.023515118333614717	1	0.34945448780487803	0.08848164459930372	0.014901335232564423	1	2	2	2/2	3.45428	2.78084	0.0960554	0.0963541	0.126035	0.123011	26998	30663.5	29029.3	34540.9	29355.9	37438.9	35747.9	45510.5	2.08452	2.09665	0.0793114	0	30.9693	999.9	57.7	34.9	31.9731	61.3339	25.3526	2	0.173908	0	20.29	5.21025	11.974	4.9894	3.272	4153.7	9999.0	9999.0	999.9	4.97268	1.8634	1.86539	1.86384	1.86374	1.86418	1.86066	1.86343	0.0	0.0	0.0	0.0	11111111	oooooooo	on	on	on	on	0.0	100.0	100.0	-0.426	-0.097	-0.09544540196838014	-0.0010337305037507979	9.120241388950126e-07	-2.246115299815222e-10	-0.6717723688469749	-0.01814858093373864	0.0020919599883593687	-1.9087170078860404e-05	2.0	2210.0	1.0	26.0	1.7	3.7	1.29639	2.43408	2.34863	2.64771	2.39868	2.29004	39.3667	14.5085	18	556.074	604.291	31.8904	30.164	30.0006	29.874	29.808	26.0024	24.5691	90.0985	-999.9	405	25.8428	99.69	99.5711	
56	1752258486.1	7554.599999904633	20250711 11:28:06	11:28:06	15	1752258478.0999994	0.0006506226495529426	0.6506226495529426	3.2073117423702735	402.4036129032258	221.06735818199294	22.432779373269135	40.83385055804117	0.030233120601342388	3.0	0.030064870683297953	0.01880558256359743	161.91692279388135	33.154436931705185	32.04863870967742	4.7882446939097445	54.761281687412065	2.6729980786746257	4.881182463793695	2.115246615235119	-28.69245884528477	55.01945682580639	4.168117230250862	192.41203800465382	3.2073117423702735	0.6506226495529426	3.1564644264189097	415.74838620129873	413.316703030303	0.000451828171827129	66.94	0.6917387114309966	25.873555096135338	26.377009090909073	0.00041652542875468426	79.81372848183938	68.0	9.0	1	0	52611.0	1000.0103548387095	841.2083199099166	0.8411996094236385	0.16191524618762246	6.0	0.5	1: Needles	2.0	False	1752258478.0999994	402.4036129032258	405.00541935483875	26.341480645161294	25.866374193548392	402.8226129032258	26.438480645161295	800.0113870967742	101.37474193548385	0.10011874838709678	32.38881935483871	32.04863870967742	999.9000000000003	0.0	0.0	9994.372903225807	0.0	0.0016029193548387096	-2.607779677419355	413.2955483870968	415.75961290322584	0.5020466774193548	405.00541935483875	25.866374193548392	2.6730929032258066	2.6221967741935486	22.120622580645165	21.80552258064516	1000.0103548387095	0.9600147419354839	0.039985377419354845	0.0	0.7083870967741935	0.0	4560.712903225805	7947.053225806452	36.68699999999998	39.936999999999976	37.875	39.133	37.604677419354836	960.0235483870968	39.987419354838714	0.0	1752258506.1	0.0	1752258504.1	11:28:24	1752258503.1	1752258504.1	56	0.007	-0.004	-0.419	-0.097	405.0	26.0	0.27	0.15	-2.6075268292682927	-0.06603888501741992	0.019154247244604402	1	0.4975923658536585	0.05436940766550553	0.022163961138613193	1	2	2	2/2	3.45432	2.78104	0.0959927	0.0963354	0.126709	0.12305	26992.6	30657	29021.8	34533.6	29325.8	37430.8	35738.3	45502.5	2.3483	2.0933	0.0438839	0	31.3551	999.9	57.5	35.1	32.2142	61.7039	25.3005	2	0.185473	0	20.2896	5.2107	11.974	4.9891	3.272	4157.1	9999.0	9999.0	999.9	4.9727	1.8634	1.86539	1.86386	1.86377	1.86425	1.86071	1.86352	0.0	0.0	0.0	0.0	11111111	oooooooo	on	on	on	on	0.0	100.0	100.0	-0.419	-0.097	-0.14194506415550356	-0.0010337305037507979	9.120241388950126e-07	-2.246115299815222e-10	-0.6997724097000232	-0.01814858093373864	0.0020919599883593687	-1.9087170078860404e-05	2.0	2210.0	1.0	26.0	1.6	1.6	1.29639	2.43774	2.34741	2.64771	2.39868	2.30347	39.5917	14.4998	18	753.208	602.735	32.0677	30.3077	30.0005	29.9757	29.9114	26.0114	25.215	89.7278	-999.9	405	25.9389	99.6638	99.552	
57	1752258620.1	7688.599999904633	20250711 11:30:20	11:30:20	15	1752258612.0999994	0.001687747810137215	1.687747810137215	2.6844363226669037	402.4530322580646	333.6656032899628	33.85787834355321	40.83790978402461	0.07783716591416055	3.0	0.07673238396644713	0.04805569389391603	161.91718279568974	32.965356051922555	32.19287096774193	4.827459292743016	54.63764687585544	2.678090007669373	4.901547121446093	2.1493692850736426	-74.42967842705119	43.625938219354744	3.3085187614522584	134.42196134944555	2.6844363226669037	1.687747810137215	2.736997262218495	415.4553931818185	413.34588484848473	0.0011522770562521006	66.94	1.7715528755656238	25.16990713505306	26.447650303030304	0.003953523479424447	79.83774924229073	112.0	14.0	1	0	52664.0	1000.0029677419355	841.20286033539	0.841200363869794	0.16191670226870236	6.0	0.5	1: Needles	2.0	False	1752258612.0999994	402.4530322580646	404.9757096774194	26.392277419354834	25.15991290322581	402.83603225806456	26.461558064516133	800.0251290322581	101.37225806451612	0.10022819032258065	32.4626064516129	32.19287096774193	999.9000000000003	0.0	0.0	9994.917419354839	0.0	0.0015875070967741936	-2.55803935483871	413.3262580645161	415.42777419354826	1.232368709677419	404.9757096774194	25.15991290322581	2.675443870967742	2.5505161290322578	22.135048387096774	21.35249677419355	1000.0029677419355	0.9599871290322582	0.040013154838709666	0.0	-0.1924193548387094	0.0	5277.0125806451615	7946.887419354839	36.73374193548388	39.936999999999976	37.93699999999998	39.19919354838708	37.59248387096774	959.9909677419353	40.01225806451613	0.0	1752258639.9	0.0	1752258636.6	11:30:36	1752258636.6	1752258504.1	57	0.036	-0.004	-0.383	-0.097	405.0	26.0	0.28	0.15	-2.5401109756097564	-0.2914137282229995	0.042946832008146876	0	1.2342685365853658	0.08902808362369717	0.033568561697573274	1	1	2	1/2	3.45405	2.77993	0.0959647	0.0963094	0.126911	0.120788	26990	30655.4	29018.4	34531.2	29315.8	37527.4	35733.9	45502.4	2.2815	2.08888	0.0532717	0	31.3548	999.9	57.1	35.4	32.5269	61.5639	25.3526	2	0.192096	0	20.2894	5.20651	11.974	4.98805	3.27132	4160.8	9999.0	9999.0	999.9	4.97272	1.8634	1.86539	1.86386	1.8638	1.86429	1.86072	1.86356	0.0	0.0	0.0	0.0	11111111	oooooooo	on	on	on	on	0.0	100.0	100.0	-0.383	-0.0663	-0.1351795476532235	-0.0010337305037507979	9.120241388950126e-07	-2.246115299815222e-10	-0.7002124097000136	-0.01814858093373864	0.0020919599883593687	-1.9087170078860404e-05	2.0	2210.0	1.0	26.0	1.9	1.9	1.29639	2.42676	2.34741	2.64771	2.39868	2.3291	39.8177	14.491	18	700.009	600.122	32.1513	30.4021	30.0005	30.0635	29.9929	26.0047	27.134	88.2322	-999.9	405	25.3159	99.6518	99.5489	
58	1752258801.6	7870.099999904633	20250711 11:33:21	11:33:21	15	1752258793.5999994	0.0011184786187853318	1.1184786187853317	2.049413425354598	403.15938709677414	327.15381988298645	33.19783719234026	40.91047966424318	0.05216777954763319	3.0	0.051669003627796604	0.032337542748058654	161.91815784392708	33.154181185778945	32.168193548387094	4.8207301141956895	55.059665226417074	2.705568653539689	4.913885041643123	2.1151614606560005	-49.32490708843313	54.82641708387154	4.158351406212475	171.578019245578	2.049413425354598	1.1184786187853317	1.8871989763414347	415.7492019671015	414.2924484848484	0.001145333528037318	66.94020914467373	1.1611690139014739	25.784327334472856	26.65245272727272	-0.0051398887274876175	79.8778352259736	456.0	57.0	1	0	52837.0	1000.0098709677419	841.2085933939786	0.8412002899330522	0.16191655957079068	6.0	0.5	1: Needles	2.0	False	1752258793.5999994	403.15938709677414	405.0346129032258	26.6624935483871	25.84601290322581	403.57038709677414	26.759493548387102	800.0119999999998	101.37451612903224	0.10018835161290321	32.50718064516129	32.168193548387094	999.9000000000003	0.0	0.0	9995.770322580645	0.0	0.0015782599999999997	-1.8467345161290327	414.250935483871	415.7809354838709	0.8598752580645161	405.0346129032258	25.84601290322581	2.7072980645161286	2.6201277419354843	22.329477419354834	21.792545161290324	1000.0098709677419	0.9599882903225804	0.04001158064516129	0.0	2.6862903225806445	0.0	5819.422903225807	7946.950322580645	36.87899999999999	40.25	38.141	39.375	37.80999999999999	959.9983870967743	40.01	0.0	1752258821.1	0.0	1752258823.1	11:33:43	1752258823.1	1752258819.1	58	-0.028	0.002	-0.411	-0.097	405.0	26.0	0.37	0.14	-1.8395158536585368	-0.006477282229971479	0.030207290912481144	1	0.8071128780487805	0.8249585853658551	0.09473879977181808	0	1	2	1/2	3.45444	2.78055	0.0960713	0.0962787	0.127477	0.122671	26978.3	30647.3	29009.9	34521.6	29288.2	37438	35722.7	45491.1	1.63317	2.08472	0.051856	0	31.3428	999.9	56.6	35.7	32.7809	61.344	25.3886	2	0.207302	0	20.2893	5.2098	11.974	4.9893	3.272	4166.6	9999.0	9999.0	999.9	4.9727	1.86348	1.86543	1.86387	1.86385	1.8643	1.8608	1.86356	0.0	0.0	0.0	0.0	11111111	oooooooo	on	on	on	on	0.0	100.0	100.0	-0.411	-0.097	-0.09902662932933726	-0.0010337305037507979	9.120241388950126e-07	-2.246115299815222e-10	-0.7002124097000136	-0.01814858093373864	0.0020919599883593687	-1.9087170078860404e-05	2.0	2210.0	1.0	26.0	2.8	5.0	1.29761	2.43774	2.34741	2.64771	2.39868	2.34741	40.146	14.456	18	316.574	598.531	32.267	30.5847	30.0004	30.2584	30.1544	26.0248	26.6226	85.9875	-999.9	405	25.6968	99.6214	99.523	
59	1752259801.6	8870.099999904633	20250711 11:50:01	11:50:01	15	1752259793.8499994	0.0007248310360437369	0.7248310360437369	2.3694705694391924	402.9887666666666	262.93661079461305	26.674935229663955	40.88323499960367	0.029968423830357624	3.0	0.029803098441518974	0.01864171418011496	161.91449186115443	33.56853223611254	33.205999999999996	5.110879184134774	54.76051194680327	2.7390038706876685	5.001786457636582	2.3718753134471053	-31.965048689528796	-62.11309343999867	-4.742388023264034	63.09396170836293	2.3694705694391924	0.7248310360437369	2.4411918260864116	416.0188897227151	414.1406181818181	-0.0007461144892591493	66.94010945971073	0.7365525553262076	26.456801138408846	26.99464666666667	-8.025945937782126e-05	79.85508029816567	84.0	11.0	1	0	52525.0	999.9869333333332	841.189323119769	0.8412003148038826	0.16191660757149337	6.0	0.5	1: Needles	2.0	False	1752259793.8499994	402.9887666666666	404.98503333333326	26.99854333333333	26.46957333333334	403.3897666666666	27.04154333333333	799.9640666666668	101.35053333333333	0.09952776333333334	32.821960000000004	33.205999999999996	999.9000000000002	0.0	0.0	10006.083333333334	0.0	0.0015544220000000002	-2.0057606666666667	414.1638333333333	415.9961333333334	0.5356194333333335	404.98503333333326	26.46957333333334	2.736992	2.6827066666666664	22.50891333333334	22.17957666666667	999.9869333333332	0.9599911333333334	0.04000867333333332	0.0	1.8855000000000002	0.0	3782.8519999999994	7946.782666666667	37.125	40.5	38.333	39.43699999999998	38.0	959.9776666666666	40.01	0.0	1752259821.3	0.0	1752259821.1	11:50:21	1752259821.1	1752259819.6	59	0.011	0.022	-0.401	-0.043	405.0	26.0	0.24	0.18	-2.0082125	0.024767504690436377	0.019726921420992173	1	0.532557125	0.07056744090056034	0.007866916003706592	1	2	2	2/2	3.45462	2.78077	0.0959541	0.0962082	0.128465	0.124757	26973.2	30642.3	29001.2	34514.1	29247.1	37356.9	35712.2	45500.3	2.31842	2.07243	0.0987388	0	31.624	999.9	52.3	37.3	33.0714	61.394	25.4808	2	0.222805	0	20.2889	5.2083	11.974	4.98855	3.27163	4197.0	9999.0	9999.0	999.9	4.97271	1.86355	1.86554	1.86401	1.86387	1.86436	1.86081	1.86357	0.0	0.0	0.0	0.0	11111111	oooooooo	on	on	on	on	0.0	100.0	100.0	-0.401	-0.043	-0.12724548080735104	-0.0010337305037507979	9.120241388950126e-07	-2.246115299815222e-10	-0.6978919081217649	-0.01814858093373864	0.0020919599883593687	-1.9087170078860404e-05	2.0	2210.0	1.0	26.0	16.3	16.4	1.30249	2.44873	2.34863	2.64526	2.39868	2.33154	41.1705	14.3247	18	734.484	591.634	32.4706	30.776	30.0002	30.4752	30.4154	26.1189	24.9017	77.0255	-999.9	405	26.5534	99.5919	99.5251	
60	1752259909	8977.5	20250711 11:51:49	11:51:49	15	1752259901.0	0.0014155952473690779	1.4155952473690778	3.228165750500358	402.13603225806463	306.12574006262076	31.05688146986816	40.797258950021764	0.06276930164238037	3.0	0.062048715326593125	0.03884449952827576	161.9136697386146	33.45696659668116	32.714716129032254	4.971686422698628	54.68829831048054	2.7451757470285463	5.019676661803274	2.226510675670082	-62.42775040897634	27.611465574194686	2.1037407143794766	129.20112561821244	3.228165750500358	1.4155952473690778	3.3925136911813425	415.8143746021593	413.2049818181818	-0.0009019144970531566	66.94068402529747	1.4650707180144606	26.010725190389802	27.081416363636354	-0.0004110658950982038	79.90522360663466	82.0	10.0	1	0	52770.0	999.9856774193547	841.1879460387271	0.8411999941934828	0.16191598879342187	6.0	0.5	1: Needles	2.0	False	1752259901.0	402.13603225806463	404.98412903225807	27.059025806451615	26.026048387096772	402.4280322580646	27.0431	799.9926774193548	101.35135483870968	0.10003393870967744	32.88543548387097	32.714716129032254	999.9000000000003	0.0	0.0	9993.55	0.0	0.0015687045161290323	-2.955426774193549	413.20977419354836	415.8059677419355	1.0329674193548388	404.98412903225807	26.026048387096772	2.742469677419355	2.637777741935484	22.541825806451605	21.90254838709678	999.9856774193547	0.9600030000000002	0.0399973	0.0	1.2546774193548391	0.0	5083.415806451612	7946.8096774193555	37.30799999999999	40.7256129032258	38.52599999999999	39.62899999999999	38.16299999999998	959.9893548387097	39.99935483870968	0.0	1752259928.7	0.0	1752259932	11:52:12	1752259932	1752259819.6	60	0.108	0.022	-0.292	-0.043	405.0	26.0	0.33	0.18	-2.94323975	-0.28437174484051975	0.0339678420338634	0	1.03852425	0.09632096060037386	0.03377843080928272	1	1	2	1/2	3.4545	2.78069	0.0957496	0.0961621	0.128544	0.12337	26972.7	30637.2	28994.5	34507.2	29237.6	37411	35703.3	45494	2.3201	2.06785	0.0541061	0	31.8772	999.9	51.9	37.4	33.0004	61.124	25.4447	2	0.234078	0	20.2885	5.20486	11.974	4.98775	3.27125	4200.1	9999.0	9999.0	999.9	4.97273	1.86356	1.86554	1.86401	1.86391	1.86443	1.86081	1.86363	0.0	0.0	0.0	0.0	11111111	oooooooo	on	on	on	on	0.0	100.0	100.0	-0.292	0.0171	-0.11641057072946853	-0.0010337305037507979	9.120241388950126e-07	-2.246115299815222e-10	-0.6457024097000202	-0.01814858093373864	0.0020919599883593687	-1.9087170078860404e-05	2.0	2210.0	1.0	26.0	1.5	1.5	1.30127	2.44385	2.34863	2.64648	2.39868	2.32666	41.3261	14.3072	18	737.188	589.248	32.5266	30.8907	30.0007	30.5873	30.53	26.1129	25.5927	76.2661	-999.9	405	26.1927	99.5678	99.5086	
