[Header]
File opened	2025-06-22 08:56:36
Console s/n	68C-373361
Console ver	Bluestem v.2.1.11
Scripts ver	2023.02  2.1.11, Jun 2023
Head s/n	68H-413349
Head ver	1.4.23
Head cal	{"oxygen": "21", "co2azero": "0.969074", "co2aspan1": "1.00145", "co2aspan2": "-0.0293323", "co2aspan2a": "0.301932", "co2aspan2b": "0.299696", "co2aspanconc1": "2514", "co2aspanconc2": "296", "co2bzero": "1.01429", "co2bspan1": "1.00098", "co2bspan2": "-0.0286123", "co2bspan2a": "0.301091", "co2bspan2b": "0.298791", "co2bspanconc1": "2514", "co2bspanconc2": "296", "h2oazero": "1.06321", "h2oaspan1": "1.00793", "h2oaspan2": "0", "h2oaspan2a": "0.0675942", "h2oaspan2b": "0.0681305", "h2oaspanconc1": "11.66", "h2oaspanconc2": "0", "h2obzero": "1.06542", "h2obspan1": "1.00196", "h2obspan2": "0", "h2obspan2a": "0.0672478", "h2obspan2b": "0.0673797", "h2obspanconc1": "11.66", "h2obspanconc2": "0", "tazero": "0.100885", "tbzero": "0.175728", "flowmeterzero": "2.47802", "flowazero": "0.30464", "flowbzero": "0.31984", "chamberpressurezero": "2.62921", "ssa_ref": "32489.3", "ssb_ref": "40198.1"}
Factory cal date	02 May 2024
CO2 rangematch	Tue May  7 10:16
H2O rangematch	Tue May  7 10:10
Chamber type	6800-01A
Chamber s/n	MPF-742800
Chamber rev	0
Chamber cal	0
Fluorometer	MPF-742800
Flr. Version	1.4.23
08:56:36	Stability Definition:	ΔCO2 (Meas2): Slp<0.1 Per=20	ΔH2O (Meas2): Slp<0.1 Per=20
SysConst:AvgTime	4
SysConst:Oxygen	21.0
ChambConst:Chamber	6800-01A
ChambConst:Aperture	6 cm²
ChambConst:blc_a	0.578
ChambConst:blc_b	0.5229739
ChambConst:blc_c	0.003740252
ChambConst:blc_d	-0.06197961
ChambConst:blc_e	-0.005608586
ChambConst:blc_minS	1
ChambConst:blc_maxS	6
ChambConst:blc_Po	96.9
LTConst:deltaTw	0
LTConst:fT1	1
LTConst:fT2	0
LTConst:fTeb	0
LQConst:Leaf	standard
LQConst:Ambient	Sun+Sky
LQConst:abs_ambient	0.8
LQConst:abs_redLED	0.84
LQConst:abs_greenLED	0.7
LQConst:abs_blueLED	0.87
LQConst:abs_whiteLED	0.75
LQConst:abs_redFlr	0.84
LQConst:abs_blueFlr	0.87
LQConst:k_ambient	0.1911
LQConst:k_redLED	0.1512
LQConst:k_greenLED	0.161
LQConst:k_blueLED	0.2262
LQConst:k_whiteLED	0.1575
LQConst:k_redFlr	0.1596
LQConst:k_blueFlr	0.2175
QConst:fQ_Amb_in	0.0
QConst:fQ_Amb_out	0.0
QConst:fQ_HeadLS	0.0
QConst:fQ_ConsoleLS	0.0
QConst:fQ_Flr	1.0
LeakConst:fan_a	-6276.0
LeakConst:fan_b	6.6
LeakConst:fan_c	1.709e-05
LeakConst:fan_d	3.11
LeakConst:Fs_meas	1.53972 193.818 337.293 544.477 816.221 1023.31 1207.37 1370.74
LeakConst:Fs_true	0.284409 225.057 386.367 583.571 811.901 1001.57 1201.99 1400.77
LeakConst:leak_wt	0
[Data]
SysObs	SysObs	SysObs	SysObs	SysObs	SysObs	GasEx	GasEx	GasEx	GasEx	GasEx	GasEx	GasEx	GasEx	GasEx	GasEx	GasEx	GasEx	GasEx	GasEx	GasEx	GasEx	GasEx	GasEx	GasEx	GasEx	GasEx	GasEx	GasEx	GasEx	GasEx	GasEx	Dynamic	Dynamic	Dynamic	Dynamic	Dynamic	Dynamic	Dynamic	Dynamic	Dynamic	Dynamic	Leak	Leak	Leak	Leak	Leak	LeafQ	LeafQ	LeafQ	LeafQ	Const	Const	Const	Const	Const	Meas	Meas	Meas	Meas	Meas	Meas	Meas	Meas	Meas	Meas	Meas	Meas	Meas	Meas	Meas	Meas	Meas	Meas	Meas2	Meas2	Meas2	Meas2	Meas2	Meas2	Meas2	Meas2	Meas2	Meas2	FlrLS	FlrLS	FlrLS	FlrLS	FlrLS	FlrLS	FlrLS	FlrLS	FlrLS	FlrLS	FlrLS	FlrLS	FlrLS	FlrLS	FlrLS	FlrLS	FlrLS	FlrLS	MchEvent	MchEvent	MchEvent	MchEvent	MchEvent	MchEvent	MchEvent	MchEvent	MchEvent	MchEvent	MchEvent	MchEvent	MchEvent	Stability	Stability	Stability	Stability	Stability	Stability	Stability	Stability	Stability	Stability	Stability	Raw	Raw	Raw	Raw	Raw	Raw	Raw	Raw	Raw	Raw	Raw	Raw	Raw	Raw	Raw	Raw	Raw	Raw	Status2	Status2	Status2	Status2	Status2	Status2	Status2	Status2	Status2	Status2	Status2	Status2	Status2	Status2	Status2	Status2	Status2	Status2	Status2	Auxiliary	Auxiliary	Auxiliary	Auxiliary	Auxiliary	Auxiliary	Auxiliary	Auxiliary	Auxiliary	Auxiliary	Auxiliary	Auxiliary	Auxiliary	Auxiliary	Auxiliary	Auxiliary	Auxiliary	Auxiliary	Auxiliary	MchStatus	MchStatus	MchStatus	MchStatus	MchStatus	MchStatus	MchStatus	MchStatus	MchStatus	MchStatus	MchStatus	MchStatus	MchStatus	MchStatus	MchStatus	MchStatus	MchStatus	MchStatus	ConStatus	ConStatus	ConStatus	ConStatus	ConStatus	ConStatus	ConStatus	ConStatus	Status	Status	Status	Status	Status	Status	Status	Status	Status	Status	Status	Status	Status	Status	Status	Status	
obs	time	elapsed	date	hhmmss	averaging	TIME	E	Emm	A	Ca	Ci	Pci	Pca	gsw	gbw	gtw	gtc	Rabs	TleafEB	TleafCnd	SVPleaf	RHcham	VPcham	SVPcham	VPDleaf	LatHFlux	SenHFlux	NetTherm	EBSum	Asty	Esty	Adyn	Crd	Csd	dCsd/dt	αVc	Edyn	Hr	Hs	dHs/dt	αVh	Leak	LeakPct	CorrFact	CorrFactPct	Fan	Qin	Qabs	alpha	convert	S	K	Geometry	Custom	UseDynamic	TIME	CO2_s	CO2_r	H2O_s	H2O_r	CO2_a	H2O_a	Flow	Pa	ΔPcham	Tair	Tleaf	Tleaf2	Offset	Offset2	Fan_speed	Qamb_in	Qamb_out	ΔCO2	CO2_s_d	CO2_r_d	ΔH2O	CO2_b	H2O_b	e_s	e_r	Td_s	Td_r	Q	f_red	f_blue	f_farred	F	Q_modavg	F_dc	Pc	Tled	TDigital	TPreamp	TPwrSpy	TDrive	Q_red	Q_blue	Q_farred	TSPF	state	time	hhmmss	co2_t	h2o_t	count	co2_adj	h2o_adj	co2_match	h2o_match	co2_at	h2o_at	co2_cv	h2o_cv	ΔCO2:MN	ΔCO2:SLP	ΔCO2:SD	ΔCO2:OK	ΔH2O:MN	ΔH2O:SLP	ΔH2O:SD	ΔH2O:OK	Stable	Total	State	Vflow	VPchamber	abs_c_a	abs_c_b	abs_h_a	abs_h_b	Wc_s	Wc_r	Wco_s	Wco_r	Ww_s	Ww_r	Wwo_s	Wwo_r	Flow_s_v	Flow_r_v	Tleaf_mv	Tleaf2_mv	Tleaf_j	Tleaf2_j	Console_RH	Console_T	Console_H2O	Fan_%	Flow_%	Pump	Tchp_pwm	Txchg_pwm	diag_20v	diag_5_4v	diag_12v	diag_5va	diag_3_3vf	AccCO2_soda	AccH2O_des	AccH2O_hum	CO2_hrs	ADC_CH1	ADC_CH2	ADC_CH3	ADC_CH4	ADC_CH5	ADC_CH6	ADC_CH7	ADC_CH8	DAC_1	DAC_2	DAC_3	DAC_4	GPIO	GPIO_dir	excit_5v	power_12v	power_5v	ch1_pullup	AuxPower	MatchValveR	MatchValveS	MatchCO2	MatchH2O	cf_co2_a	cf_co2_b	cf_co2_c	cf_co2_d	cf_h2o_a	cf_h2o_b	cf_h2o_c	cf_h2o_d	co2_fit_low	co2_fit_high	h2o_fit_low	h2o_fit_high	co2_elapsed	h2o_elapsed	CO2_f	CO2_f_s	Pump_f	Pump_f_s	Pump_p	Pump_p_s	Tboard	V_system	DIAG	Flow_s	Flow_r	Txchg	Tirga	Tchopper	Ts	Tr	CO2_%	Desiccant_%	Humidifier_%	Txchg_sp	CO2_r_sp	H2O_r_sp	SS_s	SS_r	
	s	s			s	s	mol m⁻² s⁻¹	mmol m⁻² s⁻¹	µmol m⁻² s⁻¹	µmol mol⁻¹	µmol mol⁻¹	Pa	Pa	mol m⁻² s⁻¹	mol m⁻² s⁻¹	mol m⁻² s⁻¹	mol m⁻² s⁻¹	W m⁻²	°C	°C	kPa	%	kPa	kPa	kPa	W m⁻²	W m⁻²	W m⁻²	W m⁻²	µmol m⁻² s⁻¹	mmol m⁻² s⁻¹	µmol m⁻² s⁻¹	µmol mol⁻¹	µmol mol⁻¹	µmol mol⁻¹ s⁻¹	cm³	mmol m⁻² s⁻¹	mmol mol⁻¹	mmol mol⁻¹	mmol mol⁻¹ s⁻¹	cm³	µmol s⁻¹	%		%	µmol s⁻¹	µmol m⁻² s⁻¹	µmol m⁻² s⁻¹		J/µmol	cm²			mol m⁻² s⁻¹		s	µmol mol⁻¹	µmol mol⁻¹	mmol mol⁻¹	mmol mol⁻¹	µmol mol⁻¹	mmol mol⁻¹	µmol s⁻¹	kPa	kPa	°C	°C	°C	°C	°C	rpm	µmol m⁻² s⁻¹	µmol m⁻² s⁻¹	µmol mol⁻¹	µmol mol⁻¹	µmol mol⁻¹	mmol mol⁻¹	µmol mol⁻¹	mmol mol⁻¹	kPa	kPa	°C	°C	µmol m⁻² s⁻¹					µmol m⁻² s⁻¹			°C	°C	°C	°C	°C	µmol m⁻² s⁻¹	µmol m⁻² s⁻¹	µmol m⁻² s⁻¹	s		secs		s	s		µmol/mol	mmol/mol	µmol/mol	mmol/mol	µmol/mol	mmol/mol	%	%	µmol mol⁻¹	µmol mol⁻¹ min⁻¹	µmol mol⁻¹		mmol mol⁻¹	mmol mol⁻¹ min⁻¹	mmol mol⁻¹					V	V													V	V	mV	mV	°C	°C	%	°C	mmol mol⁻¹	%	%		V	V	V	V	V	V	V	mg	mg	mg	hrs	V	V	V	V	V	V	V	V	V	V	V	V							V	%	%	µmol/mol	mmol/mol	µmol/mol				mmol/mol				µmol mol⁻¹	µmol mol⁻¹	mmol mol⁻¹	mmol mol⁻¹	min	min	V	V	V	V	V	V	°C	V		µmol s⁻¹	µmol s⁻¹	°C	°C	°C	°C	°C	%	%	%	°C	µmol mol⁻¹	mmol mol⁻¹	%	%	
1	1750694863.1	0	20250623 09:07:43	09:07:43	15	1750694855.3499994	0.0027880447634941147	2.788044763494115	7.220903587234566	392.75776666666667	355.3687167970355	36.074169181718396	39.869604308077925	0.3745423416327214	3.0	0.35036863523018263	0.22102216232760874	161.9156740226913	20.697641440045647	18.216056666666663	2.0995879625650753	54.027992956679846	1.3053579879190564	2.416077141650819	0.7942299746460189	-122.95277407009046	364.85700768000083	24.288553424683318	428.108461057285	7.220903587234566	2.788044763494115	6.21894022893887	403.9332931754252	398.89278181818185	0.09355587522212432	66.98364948659982	2.9495191427605065	10.798463018971187	12.981141818181817	0.0001801830619946767	79.04115284873392	122.0	15.0	1	0	55021.0	1000.0047333333334	841.203415680151	0.8411994340028299	0.16191490762546185	6.0	0.5	1: Needles	2.0	False	1750694855.3499994	392.75776666666667	398.9947	12.859156666666665	10.795016666666667	390.2277666666667	12.887156666666666	800.0018	101.41216666666664	0.09977706000000001	20.471936666666668	18.216056666666663	999.9000000000002	0.0	0.0	10011.583666666666	0.0	0.00152894	-6.3377583333333325	397.8170666666667	403.34879999999987	2.1762673333333336	398.9947	10.795016666666667	1.3154456666666665	1.0947453333333332	10.97649666666667	8.242329	1000.0047333333334	0.9600168000000001	0.039983149999999995	0.0	1.7143333333333333	0.0	5710.951666666667	7947.011999999999	38.539266666666656	40.2143	39.63946666666665	40.81199999999998	38.0977	960.0236666666667	39.98133333333333	0.0	1750694879.6	0.0	1750694892.1	09:08:12	1750694892.1	1750694887.1	1	0.098	-0.065	2.53	-0.028	381.0	11.0	0.3	0.03	-6.1443595	-1.7045414634146279	0.44217180119807503	0	2.1715044999999997	0.08190551594745993	0.009514062210748929	1	1	2	1/2	3.44597	2.78057	0.0966918	0.0981664	0.077635	0.0675467	27451.7	31172.5	29500.1	35131.9	31459.8	40678.8	36306.4	46522	2.41828	2.39893	0.00320375	0	18.2578	999.9	74.3	18.2	15.3662	60.8482	26.0657	2	-0.666446	0	20.2949	5.214	11.968	4.9924	3.27137	2624.3	9999.0	9999.0	999.9	4.97248	1.86203	1.86364	1.86203	1.86218	1.86279	1.85928	1.86217	0.0	0.0	0.0	0.0	11111111	oooooooo	on	on	on	on	0.0	100	100	2.53	-0.028	2.706943477195934	-0.0010337305037507979	9.120241388950126e-07	-2.246115299815222e-10	0.01143117005029766	-0.01814858093373864	0.0020919599883593687	-1.9087170078860404e-05	2.0	2210.0	1.0	26.0	1220.1	1220.0	0.841064	2.34253	2.34863	2.8064	2.39868	2.22412	24.1038	14.3772	18	656.789	703.89	19.1836	18.2928	30.0002	18.1934	18.1503	16.9043	32.9677	98.1261	-999.9	405	10.9221	101.274	101.564	
2	1750695091.6	228.5	20250623 09:11:31	09:11:31	15	1750695083.8499994	0.0023998711114808086	2.3998711114808087	10.2927650445558	394.8108333333334	317.9676210413198	32.279178471694095	40.08008523002674	0.24096312291044208	3.0	0.23070394998300583	0.14507531534420592	161.9140452141324	21.211715634931497	20.282553333333333	2.3879885084509747	54.52244812445359	1.3514170978907498	2.4786434659096543	1.0365714105602248	-105.83431601630366	97.75162104000094	6.590446704573223	160.4217969424029	10.2927650445558	2.3998711114808087	10.290843985015341	407.98957187889556	400.19456363636374	-0.003793414375452871	66.97983997198173	2.410701389244531	11.556462873477948	13.338012727272732	0.0005744339007688891	79.04713761536011	222.0	28.0	1	0	54950.0	999.9928333333334	841.1935598000686	0.8411995883971187	0.16191520560643924	6.0	0.5	1: Needles	2.0	False	1750695083.8499994	394.8108333333334	403.241	13.312199999999999	11.536263333333334	392.2288333333334	13.282496666666667	800.0027000000002	101.41716666666666	0.10002041666666667	20.88694333333334	20.282553333333333	999.9000000000002	0.0	0.0	10002.396333333332	0.0	0.00152894	-8.486371333333334	400.0806	407.94713333333334	1.775936	403.241	11.536263333333334	1.350086333333333	1.1699753333333334	11.368316666666665	9.224878666666665	999.9928333333334	0.9600139333333337	0.03998565000000001	0.0	3.067166666666666	0.0	13367.410000000002	7946.909000000001	39.52479999999999	41.24153333333333	40.6166	41.82039999999999	39.045466666666655	960.0070000000001	39.986000000000004	0.0	1750695108.2	0.0	1750695114.6	09:11:54	1750695114.6	1750694887.1	2	0.059	-0.065	2.582	-0.028	400.0	11.0	0.13	0.03	-8.507295500000001	-0.08116705440900063	0.1496776245460556	1	1.782322	-0.06923482176360546	0.010580783099563089	1	2	2	2/2	3.44636	2.78085	0.0968415	0.0988279	0.0794551	0.0710869	27437.4	31137.8	29490.2	35119.5	31387.2	40509.4	36295.4	46505.5	2.23415	2.39193	0.0800565	0	18.9843	999.9	74	18.5	15.5947	61.2082	26.0577	2	-0.647269	0	20.2946	5.21474	11.968	4.99245	3.27198	2631.7	9999.0	9999.0	999.9	4.97247	1.86203	1.86371	1.86206	1.86218	1.86279	1.85928	1.86218	0.0	0.0	0.0	0.0	11111111	oooooooo	on	on	on	on	0.0	100.0	100.0	2.582	0.0304	2.804487163320782	-0.0010337305037507979	9.120241388950126e-07	-2.246115299815222e-10	-0.053587327942187	-0.01814858093373864	0.0020919599883593687	-1.9087170078860404e-05	2.0	2210.0	1.0	26.0	3.3	3.4	1.13281	2.33276	2.34741	2.80273	2.39868	2.24854	24.4902	14.3597	18	538.861	700.846	19.5306	18.5217	30.0007	18.3889	18.3395	22.7299	29.5958	96.6416	-999.9	405	11.6123	101.242	101.528	
3	1750695418.1	555.0	20250623 09:16:58	09:16:58	15	1750695410.3499994	0.001701122973403567	1.7011229734035669	6.92689671097587	399.0036666666667	321.849458731234	32.67502191031356	40.5079244253629	0.16032996792664392	3.0	0.15571733278485736	0.09772670627787264	161.91761028492638	22.091567344693896	21.034100000000006	2.501167090581821	54.623820431104285	1.4134722853388233	2.5876481618886435	1.0876948052429976	-75.0195231270973	89.67398607999894	6.090847524946932	182.66292076277495	6.92689671097587	1.7011229734035669	6.7748129632591	409.8963954530448	404.7462909090909	0.0010773311648577327	66.9784195874056	1.7077431650613761	12.671476786537774	13.933967878787874	0.0001199548942447874	79.05059160564824	393.0	49.0	1	0	54478.0	1000.0156666666666	841.21269880048	0.8411995200079999	0.16191507361543975	6.0	0.5	1: Needles	2.0	False	1750695410.3499994	399.0036666666667	404.70799999999997	13.922723333333336	12.664623333333333	396.46566666666666	13.876339999999999	799.9866666666666	101.42296666666665	0.09972049	21.588546666666666	21.034100000000006	999.9000000000002	0.0	0.0	10018.818666666666	0.0	0.00152894	-5.659477333333332	404.6827333333332	409.89923333333337	1.258103	404.70799999999997	12.664623333333333	1.4120819999999996	1.284483	12.048003333333332	10.618496666666667	1000.0156666666666	0.9600162000000002	0.03998412666666667	0.0	-1.6311666666666669	0.0	6508.473333333333	7947.094666666666	37.81643333333333	40.67476666666666	39.203833333333336	40.05393333333333	37.56216666666667	960.0319999999998	39.98466666666666	0.0	1750695434.6	0.0	1750695434.1	09:17:14	1750695434.1	1750694887.1	3	-0.043	-0.065	2.538	-0.028	404.0	11.0	0.33	0.03	-5.654314390243902	0.05903602787456079	0.047598831254804186	1	1.2514607317073172	0.10952090592334103	0.012161935899784131	0	1	2	1/2	3.4471	2.78099	0.097477	0.0989463	0.0818923	0.0759884	27390.6	31105.8	29462.8	35091.1	31274.1	40262.2	36261.5	46467.1	1.87235	2.3768	0.0748411	0	19.8312	999.9	73.3	19.1	16.0365	61.4782	25.9575	2	-0.598356	0	20.2946	5.21489	11.968	4.99235	3.27195	2642.2	9999.0	9999.0	999.9	4.97254	1.86213	1.86374	1.86218	1.86232	1.86295	1.85943	1.86218	0.0	0.0	0.0	0.0	11111111	oooooooo	on	on	on	on	0.0	100.0	100.0	2.538	0.0467	2.863329718277958	-0.0010337305037507979	9.120241388950126e-07	-2.246115299815222e-10	-0.053587327942187	-0.01814858093373864	0.0020919599883593687	-1.9087170078860404e-05	2.0	2210.0	1.0	26.0	5.1	8.8	1.23169	2.34009	2.34863	2.79907	2.39868	2.2522	25.1839	14.3072	18	359.075	697.252	20.1825	19.2045	30.0008	19.0246	18.9528	24.6955	25.5984	95.9002	-999.9	405	12.7426	101.148	101.445	
4	1750695660.6	797.5	20250623 09:21:00	09:21:00	15	1750695652.8499994	0.0051892964197707	5.1892964197707006	7.620459771093271	397.5667333333334	363.60910296258464	36.91134644324457	40.358514978888536	0.48680976639334417	3.0	0.44680157566569234	0.28257105067060345	161.91811258463997	21.591843015250713	21.546323333333326	2.5809714131829216	53.7791485773355	1.425222125314228	2.6501388791321787	1.1557492878686935	-228.84797211188788	70.00796672000068	4.777002301395025	7.855109494147783	7.620459771093271	5.1892964197707006	7.589353352308526	409.0685504984768	403.3158727272726	0.0005902145880866336	66.97850998872359	5.28862317686656	10.27639927403546	14.180407272727274	0.0015129638886844886	79.05168162294959	14.0	2.0	1	0	54540.0	1000.017	841.2139688003316	0.8411996684059686	0.16191536002351956	6.0	0.5	1: Needles	2.0	False	1750695652.8499994	397.5667333333334	404.8293333333333	14.039686666666666	10.202390000000001	395.00273333333337	14.084686666666666	800.0070000000001	101.4139666666667	0.09984622333333333	21.979176666666664	21.546323333333326	999.9000000000002	0.0	0.0	10012.891333333335	0.0	0.00152894	-7.2859463333333325	403.2441	409.00203333333326	3.934756333333333	404.8293333333333	10.202390000000001	1.4337033333333333	1.0346636666666666	12.278843333333333	7.413608000000001	1000.017	0.960013	0.03998680000000002	0.0	1.1066666666666667	0.0	8829.523	7947.1016666666665	37.47893333333333	39.7164	38.91646666666666	39.0248	37.349733333333326	960.0283333333334	39.98966666666667	0.0	1750695677	0.0	1750695686.6	09:21:26	1750695677.6	1750695686.6	4	0.027	-0.007	2.564	-0.045	405.0	10.0	0.12	0.02	-7.287640487804877	-0.0044899651568047864	0.018260905589065894	1	3.96329243902439	-0.5114721951219574	0.05093296051892028	0	1	2	1/2	3.44586	2.78036	0.0970526	0.0987991	0.0828288	0.0649571	27378.5	31087.4	29437.9	35067.4	31213.9	40717.7	36228.2	46434.8	2.56055	2.3539	0.0808202	0	20.2318	999.9	72.6	19.6	16.3881	61.5182	25.8574	2	-0.560201	0	20.2925	5.21549	11.968	4.9917	3.2719	2650.0	9999.0	9999.0	999.9	4.97252	1.86218	1.86386	1.86225	1.86234	1.86295	1.85944	1.86234	0.0	0.0	0.0	0.0	11111111	oooooooo	on	on	on	on	0.0	100.0	100.0	2.564	-0.045	2.8205706940340582	-0.0010337305037507979	9.120241388950126e-07	-2.246115299815222e-10	-0.053587327942187	-0.01814858093373864	0.0020919599883593687	-1.9087170078860404e-05	2.0	2210.0	1.0	26.0	3.8	12.9	1.2439	2.34375	2.34741	2.79541	2.39868	2.24854	25.6962	14.2809	18	785.909	686.386	20.7005	19.7947	30.0008	19.5762	19.5194	24.9564	38.2104	91.2279	-999.9	405	10.3982	101.058	101.376	
5	1750695961.1	1098.0	20250623 09:26:01	09:26:01	15	1750695953.3499994	0.003930577268272619	3.9305772682726188	9.27384118721803	396.82976666666667	351.87906636150734	35.718956516527854	40.28186537663588	0.40703736798286627	3.0	0.37865751642270545	0.23904566723318504	161.9132566667941	22.41518220231799	21.115106666666666	2.5136422044915903	54.18964533244475	1.4806779080940549	2.7324000720254475	1.0329642963975354	-173.3384575308225	220.959410240001	15.08270510298273	224.61691447895535	9.27384118721803	3.9305772682726188	9.18727154301384	409.78623289643167	402.80469696969686	0.00277614950328755	66.97155656743782	3.94954074774455	11.764771456639027	14.64964545454545	0.008314006757188123	79.07893723017878	237.0	30.0	1	0	54494.0	999.9793333333332	841.1829275993751	0.8412003124058316	0.16191660294325494	6.0	0.5	1: Needles	2.0	False	1750695953.3499994	396.82976666666667	404.9550333333334	14.58664	11.68168666666667	394.32576666666665	14.527939999999997	799.9942666666666	101.40926666666665	0.09991626333333332	22.481280000000005	21.115106666666666	999.9000000000002	0.0	0.0	9998.286333333332	0.0	0.00152894	-8.061799	402.7682666666667	409.74159999999995	2.904961	404.9550333333334	11.68168666666667	1.4792203333333334	1.1846299999999998	12.754996666666667	9.409487666666667	999.9793333333332	0.9599915666666666	0.04000813333333335	0.0	3.972166666666667	0.0	7594.9603333333325	7946.718666666667	37.78303333333333	41.28723333333332	39.31643333333333	40.68106666666666	37.71849999999999	959.9716666666667	40.00966666666667	0.0	1750695977.6	0.0	1750695981.6	09:26:21	1750695981.6	1750695686.6	5	-0.06	-0.007	2.504	-0.045	405.0	10.0	0.29	0.02	-8.058053000000001	-0.11671744840524319	0.021087091809919994	0	2.952058	-0.8169350093808624	0.08358545600760937	0	0	2	0/2	3.44666	2.78064	0.0967855	0.0986907	0.0847097	0.0717057	27373	31075.6	29424.9	35052	31136.6	40404.6	36213.4	46413.7	2.17703	2.34483	0.0312552	0	20.6417	999.9	71.7	20.2	16.798	61.4182	25.7051	2	-0.530196	0	20.2947	5.21579	11.968	4.9921	3.2719	2659.7	9999.0	9999.0	999.9	4.9725	1.86221	1.86389	1.86234	1.86243	1.86304	1.85946	1.86234	0.0	0.0	0.0	0.0	11111111	oooooooo	on	on	on	on	0.0	100.0	100.0	2.504	0.0606	2.847086322000653	-0.0010337305037507979	9.120241388950126e-07	-2.246115299815222e-10	-0.06064080824595411	-0.01814858093373864	0.0020919599883593687	-1.9087170078860404e-05	2.0	2210.0	1.0	26.0	4.7	4.6	1.25122	2.34497	2.34863	2.79053	2.39868	2.26562	26.3134	14.2546	18	522.572	686.372	21.2582	20.2964	30.0006	20.1119	20.0483	25.1092	32.5533	85.1983	-999.9	405	11.8599	101.015	101.33	
6	1750696260.1	1397.0	20250623 09:31:00	09:31:00	15	1750696252.3499994	0.0032080585842653607	3.208058584265361	12.592157541900765	394.58166666666665	315.2474072769609	32.00083977345618	40.05407943434688	0.28959008588026675	3.0	0.27490802276036097	0.17307458687507998	161.91798686953615	22.971590417602464	22.17622666666667	2.682160064679633	54.46239640548026	1.522110172401906	2.794791035395468	1.160049892277727	-141.4753835661024	109.51575855999994	7.53017038533761	137.4885322487713	12.592157541900765	3.208058584265361	12.602258435623972	410.1993492535354	400.623527272727	0.0008522163416936662	66.97284199544026	3.260703242609961	12.659945111241859	15.047225454545453	0.005286751343196994	79.07383979944515	302.0	38.0	1	0	54418.0	1000.0088333333333	841.2077189997597	0.8412002883972122	0.16191655660661947	6.0	0.5	1: Needles	2.0	False	1750696252.3499994	394.58166666666665	404.9755333333334	14.994646666666666	12.624596666666665	392.0729666666666	14.92366	799.9717	101.41033333333333	0.09990603666666666	22.853353333333335	22.17622666666667	999.9000000000002	0.0	0.0	10001.318	0.0	0.00152894	-10.39384	400.5883666666667	410.1535666666666	2.370052	404.9755333333334	12.624596666666665	1.5206119999999999	1.280264	13.176956666666666	10.569070000000002	1000.0088333333333	0.9599915666666666	0.04000803333333334	0.0	2.6406666666666667	0.0	7194.241	7946.957666666667	36.38723333333333	39.77266666666666	37.878899999999994	38.56429999999999	36.476833333333325	959.9996666666665	40.01	0.0	1750696277	0.0	1750695981.6	09:26:21	1750695981.6	1750695686.6	5	-0.06	-0.007	2.504	-0.045	405.0	10.0	0.29	0.02	-10.384843902439023	-0.1812397212543646	0.024861676343815413	0	2.3783439024390245	-0.11163972125435914	0.016522594120727128	0	0	2	0/2	3.4469	2.78054	0.0962486	0.0985843	0.0862613	0.0756491	27370.4	31061	29406.1	35033.5	31062.4	40210.9	36188.7	46388.5	2.04725	2.33275	0.0769868	0	20.9068	999.9	70.6	20.8	17.1647	61.5782	25.7973	2	-0.501052	0	20.2939	5.2092	11.968	4.9907	3.27125	2669.1	9999.0	9999.0	999.9	4.97257	1.86232	1.86401	1.86245	1.86249	1.8631	1.85957	1.86237	0.0	0.0	0.0	0.0	11111111	oooooooo	on	on	on	on	0.0	100.0	100.0	2.508	0.0726	2.7873404392391175	-0.0010337305037507979	9.120241388950126e-07	-2.246115299815222e-10	-0.06064080824595411	-0.01814858093373864	0.0020919599883593687	-1.9087170078860404e-05	2.0	2210.0	1.0	26.0	4.6	9.6	1.25488	2.35229	2.34741	2.78564	2.39868	2.26807	26.8924	14.2108	18	454.273	682.845	21.7543	20.7567	30.0005	20.5781	20.5107	25.1564	28.774	77.0795	-999.9	405	12.6826	100.948	101.276	
7	1750696517	1653.9000000953674	20250623 09:35:17	09:35:17	15	1750696509.25	0.0028855317008026084	2.8855317008026082	6.153088088624229	399.2804	346.31113229542814	35.153768913269026	40.53063734960657	0.22616329538680754	3.0	0.21710016412415664	0.13647162596405948	161.91460124730077	23.22583456469381	22.69993	2.768914908480034	51.265057754496326	1.4477534300776995	2.8240550064546075	1.3211614784023344	-127.25194800539504	52.635902960001005	3.6319728879044177	90.93052908981116	6.153088088624229	2.8855317008026082	5.92187567307887	409.96120135560193	405.3855333333333	0.023146955577755	66.97053591916728	3.015198536142191	12.531849549084065	14.570752121212118	0.04654931937579841	79.08596782869769	74.0	9.0	1	0	54139.0	999.9880999999999	841.1902633198449	0.8412002736031009	0.16191652805398463	6.0	0.5	1: Needles	2.0	False	1750696509.25	399.2804	404.7592333333333	14.262286666666668	12.129036666666662	396.8794	14.211286666666668	800.0124	101.40946666666666	0.09974177333333333	23.025373333333338	22.69993	999.9000000000002	0.0	0.0	9996.261333333332	0.0	0.00152894	-5.373197	405.1639333333333	409.7288666666666	2.1314376666666663	404.7592333333333	12.129036666666662	1.4461463333333333	1.2299983333333333	12.4093	9.963967333333333	999.9880999999999	0.9599928333333332	0.040007166666666684	0.0	1.6826666666666665	0.0	7916.1	7946.803000000001	38.56223333333333	41.887366666666644	40.02273333333332	41.66013333333331	38.50809999999999	959.9799999999999	40.00866666666666	0.0	1750696533.8	0.0	1750696536.5	09:35:36	1750696534	1750696536.5	6	-0.104	0.039	2.401	0.051	405.0	13.0	0.13	0.04	-5.424693500000001	0.9818562101313426	0.10401568541691196	0	2.3026500000000003	-3.4504331707317157	0.3460061233923469	0	0	2	0/2	3.44714	2.78065	0.0971349	0.0985227	0.0843272	0.0756201	27343.7	31063.7	29406.6	35034.6	31131.5	40214.3	36190.8	46390.7	2.44912	2.32603	0.111319	0	20.9943	999.9	69.6	21.3	17.448	62.0682	25.7131	2	-0.497752	0	20.2941	5.21654	11.9682	4.9918	3.2719	2677.7	9999.0	9999.0	999.9	4.97258	1.86234	1.86401	1.86248	1.86251	1.8631	1.85959	1.86247	0.0	0.0	0.0	0.0	11111111	oooooooo	on	on	on	on	0.0	100.0	100.0	2.401	0.051	2.7873404392391175	-0.0010337305037507979	9.120241388950126e-07	-2.246115299815222e-10	-0.06064080824595411	-0.01814858093373864	0.0020919599883593687	-1.9087170078860404e-05	2.0	2210.0	1.0	26.0	8.9	13.8	1.25488	2.34375	2.34741	2.78076	2.39868	2.26318	27.2869	14.1933	18	713.541	679.318	21.9472	20.8583	30	20.7035	20.657	25.1749	28.3378	70.4142	-999.9	405	13.0503	100.952	101.28	
8	1750697098	2234.9000000953674	20250623 09:44:58	09:44:58	15	1750697090.0	-0.0008467380715691717	-0.8467380715691717	-28.116588184049608	426.35200000000003	-303.15077526023	-30.775054007063268	43.28211206042978	-0.06118196947820172	3.0	-0.0618837533825585	-0.03861362660029188	161.9170730188111	24.72485006752285	23.34133548387097	2.8785053101563562	52.05768738750285	1.5195610094883902	2.918994457393398	1.358944300667966	37.34114895620047	37.454405496773596	2.6000314517420344	239.3126589235272	-28.116588184049608	-0.8467380715691717	-28.191986656470792	411.3853816021846	432.81757575757564	0.014071307870466	66.95934195278853	-0.9154273690114108	15.603954027950886	14.927628484848483	-1.2079772488096777e-05	79.0980118738552	801.0	100.0	1	0	54205.0	1000.0027419354839	841.2026324516654	0.8412003259346427	0.16191662905386048	6.0	0.5	1: Needles	2.0	False	1750697090.0	426.35200000000003	404.9921290322581	14.968490322580644	15.594087096774194	423.9599032258065	14.823490322580644	799.9373225806451	101.42019354838709	0.09712561612903226	23.572912903225806	23.34133548387097	999.9000000000003	0.0	0.0	9992.660645161292	0.0	0.00152894	21.359896774193547	432.8139677419355	411.40761290322587	-0.6639837096774194	404.9921290322581	15.594087096774194	1.5142132258064513	1.5815558064516129	13.112448387096773	13.780254838709677	1000.0027419354839	0.9599874193548391	0.04001247741935484	0.0	2.6140322580645154	0.0	6663.220967741937	7946.894516129033	36.435225806451605	38.71141935483869	37.82235483870967	37.77593548387095	36.55616129032257	959.9916129032258	40.01096774193548	0.0	1750697114.6	0.0	1750697115.5	09:45:15	1750696534	1750697115.5	7	-0.104	0.017	2.401	0.145	405.0	16.0	0.13	0.15	21.36395	-0.07600750469045192	0.02443328672119232	1	-0.659565525	-0.12357781238273857	0.011920515278266076	0	1	2	1/2	3.44852	2.77896	0.101969	0.0984985	0.0854664	0.0880614	27181.6	31049.2	29390.4	35018.7	31076	39653.9	36171.4	46370	0.292	2.32	0.105962	0	21.6001	999.9	68.1	22.3	18.1456	61.8682	25.7612	2	-0.472973	0	20.2927	5.21504	11.9682	4.9925	3.27195	2694.4	9999.0	9999.0	999.9	4.97261	1.86244	1.86417	1.86256	1.86263	1.86322	1.85972	1.86249	0.0	0.0	0.0	0.0	11111111	oooooooo	on	on	on	on	0.0	100.0	100.0	2.392	0.145	2.683567294668623	-0.0010337305037507979	9.120241388950126e-07	-2.246115299815222e-10	-0.021862023965735944	-0.01814858093373864	0.0020919599883593687	-1.9087170078860404e-05	2.0	2210.0	1.0	26.0	9.4	9.4	1.25977	2.35718	2.34741	2.77222	2.39868	2.2522	28.0384	14.1145	18	-1.49203	678.718	22.474	21.2098	30.0005	21.2381	20.975	25.2695	18.7054	69.6879	-999.9	405	15.5543	100.898	101.234	
9	1750697256.5	2393.4000000953674	20250623 09:47:36	09:47:36	15	1750697248.5	0.008005771983097888	8.005771983097889	6.567840148869432	397.67561290322595	373.6370274538187	37.93301054925466	40.37349649802543	0.7148987498258891	3.0	0.6320268813527511	0.40165910479135003	161.9116964516129	22.2363495960353	23.05369677419355	2.828898991520243	54.56867372983737	1.5707814422813386	2.8785406258141433	1.2581175492389043	-353.05454445461686	46.55440327741894	3.223261224753958	-141.36518350083105	6.567840148869432	8.005771983097889	6.5501128211646815	408.8901132438406	403.92809696969715	0.000611117151978461	66.96420259605325	7.913217513840555	9.598123452323842	15.444761818181817	-0.0008599603760503505	79.1300674972155	88.0	11.0	1	0	54148.0	999.9793548387098	841.182135483871	0.8411995021832708	0.16191503921371278	6.0	0.5	1: Needles	2.0	False	1750697248.5	397.67561290322595	404.9891290322581	15.472067741935486	9.56075064516129	395.29561290322596	15.332112903225807	800.0152258064514	101.42351612903224	0.10017601612903225	23.34153870967742	23.05369677419355	999.9000000000003	0.0	0.0	10001.123225806454	0.0	0.00152894	-7.290006129032259	403.94903225806456	408.89858064516136	5.911322580645161	404.9891290322581	9.56075064516129	1.569231612903226	0.9696846774193549	13.65993225806452	6.468615806451614	999.9793548387098	0.9600153870967745	0.03998493225806451	0.0	3.75758064516129	0.0	5964.943225806453	7946.802258064516	36.87670967741934	40.25977419354837	38.35258064516128	39.3324193548387	36.98558064516128	959.9967741935483	39.98258064516129	0.0	1750697273	0.0	1750697275.5	09:47:55	1750697275.5	1750697115.5	8	-0.021	0.017	2.38	0.145	405.0	16.0	0.23	0.15	-7.28122268292683	-0.1688228571428351	0.030442445097817152	0	5.939358048780488	-0.4852852264808306	0.048999104631914724	0	0	2	0/2	3.44557	2.78054	0.0967152	0.0984129	0.087543	0.0614292	27335.2	31047.5	29385.4	35014.5	30999	40813.1	36165.3	46365.8	2.42022	2.30172	0.0900514	0	21.5893	999.9	67.6	22.5	18.2317	61.9382	26.1538	2	-0.464299	0	20.2944	5.21415	11.9692	4.99145	3.27185	2699.4	9999.0	9999.0	999.9	4.97259	1.86246	1.86417	1.8626	1.86264	1.86325	1.85973	1.86249	0.0	0.0	0.0	0.0	11111111	oooooooo	on	on	on	on	0.0	100.0	100.0	2.38	0.1391	2.683567294668623	-0.0010337305037507979	9.120241388950126e-07	-2.246115299815222e-10	-0.004758437865712145	-0.01814858093373864	0.0020919599883593687	-1.9087170078860404e-05	2.0	2210.0	1.0	26.0	12.0	2.4	1.25488	2.35962	2.34741	2.76733	2.39868	2.23267	28.2272	14.097	18	697.815	665.574	22.5261	21.3456	30.0003	21.167	21.1091	25.1618	46.4395	65.5266	-999.9	405	9.73124	100.88	101.224	
10	1750697451.5	2588.4000000953674	20250623 09:50:51	09:50:51	15	1750697443.5	0.002332567896304657	2.332567896304657	9.484871390981125	397.178	306.9872905465207	31.167228089514637	40.323940760216416	0.18827824208613053	3.0	0.181951475022267	0.11427039579400897	161.91493358611066	24.045838457025308	23.31838709677419	2.8745198803444225	54.4375817168762	1.6016747380878626	2.942222427179066	1.2728451422565599	-102.86624422703538	62.448356516129245	4.337460451937396	125.83450632714192	9.484871390981125	2.332567896304657	9.573021787543485	410.7938211611819	403.5148909090908	-0.0010021891958157329	66.95994496583108	2.36962160948596	14.115205953994536	15.827453939393946	0.009071253651148217	79.19179286266434	108.0	13.0	1	0	54277.0	999.9905161290321	841.1922652644062	0.8412002430989699	0.16191646918101196	6.0	0.5	1: Needles	2.0	False	1750697443.5	397.178	404.9867741935483	15.775987096774193	14.054096774193548	394.818	15.626348387096773	799.9705806451614	101.42629032258067	0.09982834516129034	23.7045	23.31838709677419	999.9000000000003	0.0	0.0	9999.312903225808	0.0	0.00152894	-7.785716774193549	403.5676451612903	410.7595806451613	1.7218845161290324	404.9867741935483	14.054096774193548	1.6000974193548387	1.425454193548387	13.959735483870968	12.1911	999.9905161290321	0.9599928064516126	0.04000753548387098	0.0	2.3206451612903227	0.0	8698.719032258065	7946.814838709678	38.542096774193546	41.955387096774196	39.97358064516129	41.794129032258056	38.57632258064516	959.9832258064516	40.00774193548387	0.0	1750697468	0.0	1750697468.5	09:51:08	1750697468.5	1750697115.5	9	-0.02	0.017	2.36	0.145	405.0	16.0	0.13	0.15	-7.767161463414634	-0.36785519163762653	0.041720980541816284	0	1.7173136585365856	0.038307804878047164	0.018861249571425463	1	1	2	1/2	3.44788	2.78093	0.0965859	0.0984209	0.089089	0.0818611	27339.1	31043.2	29385.7	35010.2	30947.7	39915.4	36167.7	46359.1	2.38538	2.30658	0.101604	0	21.6543	999.9	67	22.8	18.4025	61.4582	25.8053	2	-0.456377	0	20.2941	5.21235	11.97	4.9912	3.27155	2705.7	9999.0	9999.0	999.9	4.97262	1.86245	1.86417	1.86263	1.86264	1.86325	1.85974	1.86253	0.0	0.0	0.0	0.0	11111111	oooooooo	on	on	on	on	0.0	100.0	100.0	2.36	0.1514	2.6628718273018914	-0.0010337305037507979	9.120241388950126e-07	-2.246115299815222e-10	-0.004758437865712145	-0.01814858093373864	0.0020919599883593687	-1.9087170078860404e-05	2.0	2210.0	1.0	26.0	2.9	5.6	1.25977	2.36694	2.34741	2.76611	2.39868	2.26196	28.4163	14.0795	18	673.629	671.429	22.6443	21.4656	30.0005	21.3017	21.2506	25.266	26.7005	61.2063	-999.9	405	14.195	100.885	101.21	
11	1750697707	2843.9000000953674	20250623 09:55:07	09:55:07	15	1750697699.25	0.0023767495989783735	2.3767495989783733	10.517450811154168	396.4000666666666	304.39760398993013	30.905179503688984	40.2460960764096	0.2037517605465612	3.0	0.19636429055807694	0.12336910091617792	161.91736087050757	23.847553376276753	22.82890666666667	2.7906537853319646	54.59385434404823	1.5882703553352457	2.9092475232212607	1.2023834299967189	-104.81465731494627	111.3579316000003	7.708126166992039	176.16876132255362	10.517450811154168	2.3767495989783733	10.403220469654899	410.7065944271269	402.7953151515151	-0.0002466167469624858	66.96161397456706	2.421069642256987	13.906234887745653	15.686329090909092	0.001765675473086947	79.1543830172318	232.0	29.0	1	0	54189.0	1000.0121666666666	841.209919000263	0.8411996844041028	0.1619153908999183	6.0	0.5	1: Needles	2.0	False	1750697699.25	396.4000666666666	404.9945666666668	15.643516666666669	13.88888	394.1440666666666	15.498126666666668	800.0182333333336	101.42886666666666	0.10011746	23.517423333333337	22.82890666666667	999.9000000000002	0.0	0.0	10001.117	0.0	0.00152894	-8.487352333333332	402.80859999999996	410.69873333333334	1.7546343333333332	404.9945666666668	13.88888	1.5867043333333335	1.4087330000000002	13.830240000000002	12.011936666666665	1000.0121666666666	0.9600112333333333	0.03998895333333332	0.0	0.8958333333333336	0.0	8788.827	7947.048333333331	36.753899999999994	40.12469999999998	38.24976666666666	39.19559999999999	36.86636666666666	960.0229999999999	39.99	0.0	1750697723.6	0.0	1750697725	09:55:25	1750697725	1750697115.5	10	-0.103	0.017	2.256	0.145	405.0	16.0	0.12	0.15	-8.470192195121951	-0.27652369337978167	0.03352180284401696	0	1.7686085365853657	-0.14181783972125608	0.03249216457600243	0	0	2	0/2	3.4478	2.78072	0.0964401	0.0984004	0.0884812	0.0809034	27341.9	31044.6	29384.3	35011.4	30968.3	39959.4	36166.9	46361.6	2.16432	2.30378	0.0867844	0	21.4191	999.9	66.3	23.2	18.657	62.0482	25.9615	2	-0.452302	0	20.2945	5.21145	11.9683	4.99165	3.27198	2713.7	9999.0	9999.0	999.9	4.97262	1.86249	1.86417	1.86264	1.86264	1.86325	1.85974	1.86257	0.0	0.0	0.0	0.0	11111111	oooooooo	on	on	on	on	0.0	100.0	100.0	2.256	0.1468	2.642682367508667	-0.0010337305037507979	9.120241388950126e-07	-2.246115299815222e-10	-0.004758437865712145	-0.01814858093373864	0.0020919599883593687	-1.9087170078860404e-05	2.0	2210.0	1.0	26.0	4.0	9.9	1.26099	2.36694	2.34863	2.76367	2.39868	2.26318	28.6479	14.0445	18	527.765	670.337	22.6568	21.5622	29.9992	21.407	21.3396	25.2761	28.5091	58.9971	-999.9	405	13.9695	100.881	101.215	
12	1750697832	2968.9000000953674	20250623 09:57:12	09:57:12	15	1750697824.0	0.0011422169665794104	1.1422169665794104	0.23631159998731652	404.43183870967744	393.12871778822887	39.91168838388251	41.059217474406026	0.09947031084946106	3.0	0.09767373175946019	0.061204795078125596	161.91166758130476	24.007579950962718	22.424096774193547	2.722920193399912	54.15051457777808	1.5607336258430862	2.8822138404637974	1.1621865675568257	-50.371768226152	151.80019230967784	10.477776168255824	273.81786783308644	0.23631159998731652	1.1422169665794104	0.11675577722364522	410.9373504445256	410.8360666666668	0.003607507275573012	66.96231270084482	1.2458160577972828	14.566026592065914	15.469827878787873	0.0039621807163057925	79.16527873532571	168.0	21.0	1	0	54435.0	999.9743870967743	841.1783584258808	0.8411999039976154	0.16191581471539776	6.0	0.5	1: Needles	2.0	False	1750697824.0	404.43183870967744	404.95554838709677	15.373170967741936	14.529654838709677	402.1968387096774	15.278170967741936	799.9781612903228	101.42283870967742	0.10036877419354835	23.362664516129033	22.424096774193547	999.9000000000003	0.0	0.0	9988.100322580647	0.0	0.00152894	-0.502400064516129	410.78609677419337	410.9261935483871	0.8867265806451613	404.95554838709677	14.529654838709677	1.5635741935483876	1.4736403225806451	13.604380645161292	12.697312903225807	999.9743870967743	0.9600038387096775	0.03999644193548387	0.0	1.422903225806452	0.0	5104.693870967742	7946.721290322581	37.783999999999985	40.98167741935483	39.23367741935483	40.63480645161288	37.81416129032258	959.9793548387098	39.99580645161291	0.0	1750697849	0.0	1750697854.5	09:57:34	1750697848	1750697854.5	11	-0.021	-0.022	2.235	0.095	405.0	15.0	0.36	0.12	-0.4891983170731708	-0.13436600696864046	0.03427385634279839	0	0.9023159756097561	-0.19933670383275248	0.02836244229953632	0	0	2	0/2	3.44814	2.78131	0.0980025	0.0984467	0.0876424	0.0838118	27308.9	31056.8	29398.8	35025.8	31013.7	39850	36186.6	46382.3	2.28515	2.30923	0.0873059	0	21.0251	999.9	66	23.3	18.6843	61.6082	26.0938	2	-0.473003	0	20.2938	5.2086	11.9682	4.99055	3.27125	2717.6	9999.0	9999.0	999.9	4.97259	1.86249	1.86417	1.86263	1.86264	1.86325	1.85974	1.86249	0.0	0.0	0.0	0.0	11111111	oooooooo	on	on	on	on	0.0	100.0	100.0	2.235	0.095	2.53922260037687	-0.0010337305037507979	9.120241388950126e-07	-2.246115299815222e-10	-0.004758437865712145	-0.01814858093373864	0.0020919599883593687	-1.9087170078860404e-05	2.0	2210.0	1.0	26.0	1.8	11.9	1.26099	2.37549	2.34863	2.76367	2.39868	2.23633	28.6479	14.027	18	602.175	672.273	22.5146	21.3048	29.9995	21.2005	21.1522	25.2974	25.7438	58.2512	-999.9	405	14.7319	100.934	101.259	
13	1750697883.5	3020.4000000953674	20250623 09:58:03	09:58:03	15	1750697875.5	0.0008770579739104136	0.8770579739104135	0.23508970774069649	404.53687096774195	392.1154847440063	39.80738647523381	41.06839998070453	0.07619103296115558	3.0	0.07513214291466414	0.047051500349425526	161.91092631181147	24.207872951132135	22.563970967741934	2.74615971957337	54.60043866540896	1.5863552520212156	2.905389207113129	1.1598044675521542	-38.67825664944924	150.64769287741998	10.412603531666097	284.2929660714483	0.23508970774069649	0.8770579739104135	0.288620301728908	411.1488884208101	410.94675151515133	-0.005128227419065474	66.95463991806302	0.9020368918180507	14.985790163406257	15.651590303030297	5.810806325991523e-05	79.1486203404267	157.0	20.0	1	0	54363.0	999.9714516129033	841.1757512897568	0.8411997661863077	0.16191554873957387	6.0	0.5	1: Needles	2.0	False	1750697875.5	404.53687096774195	404.9793548387097	15.626106451612904	14.97849677419355	402.28187096774195	15.519106451612904	799.8827096774194	101.42012903225807	0.09941820322580645	23.49541290322581	22.563970967741934	999.9000000000003	0.0	0.0	9991.696451612905	0.0	0.00152894	-0.46234422580645157	410.94564516129026	411.13770967741937	0.6649685161290323	404.9793548387097	14.97849677419355	1.5865625806451615	1.5191212903225806	13.828909677419354	13.161980645161291	999.9714516129033	0.9600052903225808	0.039994935483870966	0.0	2.9172580645161297	0.0	5029.152903225805	7946.709354838709	38.17312903225806	41.255967741935464	39.60258064516128	41.031999999999975	38.169064516129026	959.9780645161289	39.990967741935485	0.0	1750697900	0.0	1750697902.5	09:58:22	1750697902.5	1750697901.5	12	0.02	0.002	2.255	0.107	405.0	15.0	0.37	0.14	-0.4656580487804879	0.1243346132404178	0.031023195278931114	0	0.6571997560975611	0.12053498257839776	0.01703700179849656	0	0	2	0/2	3.44823	2.78053	0.0980289	0.0984707	0.0884804	0.0854841	27311.7	31059.6	29402.3	35029.4	30988.8	39781.1	36191.6	46387.2	2.3059	2.31023	0.082843	0	21.2213	999.9	65.9	23.3	18.6575	61.6082	26.1098	2	-0.478908	0	20.2944	5.21235	11.968	4.99185	3.272	2719.1	9999.0	9999.0	999.9	4.97262	1.86249	1.86417	1.86264	1.86264	1.86325	1.85974	1.86253	0.0	0.0	0.0	0.0	11111111	oooooooo	on	on	on	on	0.0	100.0	100.0	2.255	0.107	2.5180796653738606	-0.0010337305037507979	9.120241388950126e-07	-2.246115299815222e-10	-0.026466644964024816	-0.01814858093373864	0.0020919599883593687	-1.9087170078860404e-05	2.0	2210.0	1.0	26.0	0.6	0.5	1.26221	2.36938	2.34741	2.76245	2.39868	2.25708	28.6269	14.0182	18	615.279	672.093	22.5161	21.2149	29.9995	21.1234	21.0783	25.3056	24.4887	58.2512	-999.9	405	14.9805	100.947	101.269	
14	1750698074.5	3211.4000000953674	20250623 10:01:14	10:01:14	15	1750698066.5	0.0025320723386002865	2.5320723386002864	5.467517579309655	400.1132580645162	354.3973521750973	35.977865184013126	40.61887248488572	0.23307212858613527	3.0	0.22345947271969965	0.14049279297952866	161.93319072542937	23.429086797122153	22.136425806451616	2.6756651590082647	54.48609136541298	1.549272535885994	2.8434275556595545	1.1263926231222707	-111.66439013227263	162.05425470967577	11.156547101490839	223.47960240432337	5.467517579309655	2.5320723386002864	5.267807695059895	410.5207145869253	406.4404666666666	0.022054146131948296	66.96470166380776	2.532057830968571	13.43808519249832	15.303578181818173	0.0010756431240541429	79.12696818654553	171.0	21.0	1	0	54322.0	1000.1060645161293	841.289230374199	0.8412000089022867	0.16191601718141344	6.0	0.5	1: Needles	2.0	False	1750698066.5	400.1132580645162	404.9734516129032	15.260996774193549	13.391032258064515	397.91925806451616	15.146325806451612	800.0463225806452	101.41835483870966	0.10008191935483873	23.13839354838709	22.136425806451616	999.9000000000003	0.0	0.0	9997.560645161291	0.0	0.00152894	-4.797439677419354	406.3778064516129	410.4701290322581	1.8699722580645162	404.9734516129032	13.391032258064515	1.5477448387096775	1.358095806451613	13.448129032258064	11.457567741935483	1000.1060645161293	0.9599994838709677	0.04000079032258065	0.0	2.465322580645161	0.0	4970.2261290322585	7947.757741935485	39.37880645161289	41.87667741935482	40.66287096774192	41.8990322580645	39.20154838709677	960.1009677419354	40.004516129032254	0.0	1750698091.4	0.0	1750698094.5	10:01:34	1750698094.5	1750697901.5	13	-0.06	0.002	2.194	0.107	405.0	15.0	0.37	0.14	-4.789860731707317	-0.12085965156794819	0.02765957571498336	0	1.8982651219512197	-0.48844745644599186	0.05731533333010659	0	0	2	0/2	3.44749	2.78023	0.0973001	0.0985259	0.087117	0.0790069	27348.1	31073	29416.8	35045.2	31052	40084.3	36210.9	46411.4	2.28622	2.31187	0.0686571	0	21.0168	999.9	65.8	23.5	18.857	61.1982	26.3221	2	-0.500699	0	20.2921	5.21654	11.968	4.9921	3.27198	2725.1	9999.0	9999.0	999.9	4.9726	1.86248	1.86417	1.86263	1.86265	1.86325	1.85974	1.86255	0.0	0.0	0.0	0.0	11111111	oooooooo	on	on	on	on	0.0	100.0	100.0	2.194	0.116	2.5379376691845774	-0.0010337305037507979	9.120241388950126e-07	-2.246115299815222e-10	-0.024051888244546293	-0.01814858093373864	0.0020919599883593687	-1.9087170078860404e-05	2.0	2210.0	1.0	26.0	2.9	2.9	1.26099	2.3645	2.34741	2.76123	2.39868	2.28394	28.6479	14.0007	18	598.458	669.26	22.3297	20.884	29.9995	20.8101	20.7695	25.2854	31.8682	56.633	-999.9	405	13.5451	100.999	101.319	
15	1750698214.1	3351.0	20250623 10:03:34	10:03:34	15	1750698206.0999994	0.0024268856961734988	2.426885696173499	4.724501755904849	400.72183870967746	356.7550054070149	36.21645339164297	40.67980427656571	0.2122734236936516	3.0	0.20426814665824822	0.12836168063638548	161.91502761825322	23.397141298431453	22.43748387096774	2.7251369323179166	54.50768910392026	1.5443965127220698	2.833355326764339	1.1807404195958469	-107.0256592012513	103.87207649032334	7.159808787950954	165.92125369527622	4.724501755904849	2.426885696173499	4.695830495368749	410.4650684030062	406.9056424242424	-0.0030013362063560896	66.96109728032285	2.3990072801978277	13.435772697207655	15.20753393939394	3.0963210832901784e-05	79.17885907462727	162.0	20.0	1	0	54359.0	999.9873548387097	841.1899199225446	0.8412005570392659	0.16191707508578332	6.0	0.5	1: Needles	2.0	False	1750698206.0999994	400.72183870967746	404.9945806451613	15.21328387096774	13.420816129032255	398.52683870967746	15.100103225806448	800.0026129032257	101.41625806451614	0.1000566129032258	23.07971612903226	22.43748387096774	999.9000000000003	0.0	0.0	10000.69741935484	0.0	0.00152894	-4.27166	406.91348387096775	410.503935483871	1.7924664516129034	404.9945806451613	13.420816129032255	1.5428764516129034	1.361090322580645	13.399806451612903	11.490951612903228	999.9873548387097	0.9599821935483872	0.04001770322580644	0.0	1.8958064516129036	0.0	8517.65387096774	7946.754516129033	36.485645161290314	38.929225806451605	37.955451612903225	37.60667741935484	36.50583870967741	959.9693548387098	40.01806451612903	0.0	1750698231.2	0.0	1750698231.1	10:03:51	1750698231.1	1750697901.5	14	0.001	0.002	2.195	0.107	405.0	15.0	0.23	0.14	-4.27613725	0.15055260787993052	0.02981890801048049	0	1.803087	-0.2280105816135119	0.02208587310929772	0	0	2	0/2	3.44735	2.78033	0.0974418	0.0985657	0.0867585	0.0791349	27349	31075.9	29421.8	35049.4	31070.2	40084.6	36217.9	46418.5	2.305	2.31313	0.0979081	0	20.8508	999.9	65.7	23.6	18.9385	61.2273	26.4263	2	-0.509858	0	20.2943	5.21325	11.968	4.99135	3.27173	2729.6	9999.0	9999.0	999.9	4.97259	1.86247	1.86417	1.86264	1.86264	1.86325	1.85974	1.86251	0.0	0.0	0.0	0.0	11111111	oooooooo	on	on	on	on	0.0	100.0	100.0	2.195	0.113	2.477466291030605	-0.0010337305037507979	9.120241388950126e-07	-2.246115299815222e-10	-0.024051888244546293	-0.01814858093373864	0.0020919599883593687	-1.9087170078860404e-05	2.0	2210.0	1.0	26.0	2.0	5.2	1.26099	2.37671	2.34863	2.76001	2.39868	2.26807	28.6269	13.9832	18	609.138	668.168	22.1551	20.7265	30.0001	20.6485	20.614	25.2914	31.9506	54.3735	-999.9	405	13.568	101.017	101.333	
16	1750698402.6	3539.5	20250623 10:06:42	10:06:42	15	1750698394.8499994	0.0019957345845385377	1.9957345845385377	7.498448744792263	398.7373333333334	316.7645377563214	32.158229376483604	40.480183536721825	0.16446737657020183	3.0	0.15961748286257374	0.1001847576589559	161.91166367460173	23.560840565504275	22.80539	2.7866789820166793	54.33137105598833	1.5444155212548554	2.8425852159396814	1.242263460761824	-88.01189517814952	53.066120719999084	3.6656251101019155	130.63151432655323	7.498448744792263	1.9957345845385377	7.478032859307309	410.6352163718848	404.9486121212122	1.2673715585312826e-05	66.96061103507192	2.0357727532917096	13.792245188593691	15.270961818181812	0.0060788300919218975	79.18390084049182	131.0	16.0	1	0	54457.0	999.9772999999999	841.1805623598973	0.8411996575921247	0.1619153391528005	6.0	0.5	1: Needles	2.0	False	1750698394.8499994	398.7373333333334	404.9579000000001	15.212780000000002	13.73877333333333	396.5813333333334	15.099606666666665	800.0129	101.42103333333331	0.09989323333333333	23.133493333333327	22.80539	999.9000000000002	0.0	0.0	10005.959333333334	0.0	0.00152894	-6.178737333333333	404.93946666666665	410.59906666666666	1.4740126666666666	404.9579000000001	13.73877333333333	1.5428943333333331	1.3933980000000004	13.399936666666665	11.845886666666667	999.9772999999999	0.9600121666666667	0.03998803666666665	0.0	2.3906666666666663	0.0	8490.029666666665	7946.776333333333	38.008166666666654	40.75403333333332	39.34976666666667	40.19976666666666	37.91013333333333	959.9893333333331	39.98766666666666	0.0	1750698419.6	0.0	1750698419.6	10:06:59	1750698419.6	1750697901.5	15	-0.039	0.002	2.156	0.107	405.0	15.0	0.24	0.14	-6.176857	-0.08368682926828494	0.026342589584169566	1	1.4960305000000003	-0.3556016510319016	0.03976601903321477	0	1	2	1/2	3.44761	2.7805	0.0970948	0.0985902	0.0870359	0.0805531	27357.7	31072.9	29419.9	35046.9	31059.1	40019.9	36216.3	46415.3	2.35928	2.3116	0.101883	0	21.1503	999.9	65.5	23.8	19.1091	61.5073	26.4383	2	-0.507691	0	20.2946	5.21519	11.968	4.9919	3.27198	2735.3	9999.0	9999.0	999.9	4.97262	1.86249	1.86418	1.86264	1.86265	1.86325	1.85974	1.86254	0.0	0.0	0.0	0.0	11111111	oooooooo	on	on	on	on	0.0	100.0	100.0	2.156	0.115	2.4783903438177104	-0.0010337305037507979	9.120241388950126e-07	-2.246115299815222e-10	-0.024051888244546293	-0.01814858093373864	0.0020919599883593687	-1.9087170078860404e-05	2.0	2210.0	1.0	26.0	2.9	8.4	1.26221	2.37915	2.34863	2.76245	2.39868	2.2876	28.7323	13.9569	18	646.216	666.402	22.129	20.743	30.0001	20.6187	20.5752	25.3062	31.0562	51.3579	-999.9	405	13.8672	101.012	101.326	
17	1750698590.1	3727.0	20250623 10:09:50	10:09:50	15	1750698582.3499994	0.0014944298533937238	1.4944298533937237	6.173814582458526	399.9173333333334	310.23874737154574	31.49559642989629	40.59981237902012	0.12192654936809225	3.0	0.11923902930579203	0.0747609224023955	161.91574668875612	23.71439152729642	22.911253333333327	2.8046111978382364	54.780283401285736	1.559597019287117	2.8470042914208658	1.2450141785511195	-65.90435653466322	40.099745600000404	2.7717993980241484	138.88293515211745	6.173814582458526	1.4944298533937237	6.109929832090164	410.82488851839304	406.1806969696968	-0.0013008773952323783	66.96114219654471	1.5420440308286483	14.255216525116758	15.394118181818186	-4.5838091090489085e-05	79.17745578097956	235.0	29.0	1	0	54205.0	1000.0004666666665	841.2002221599771	0.8411998296000568	0.16191567112810962	6.0	0.5	1: Needles	2.0	False	1750698582.3499994	399.9173333333334	404.9958666666667	15.362383333333334	14.258793333333333	397.7993333333334	15.280383333333333	800.0100666666668	101.42056666666664	0.09994518666666669	23.159186666666663	22.911253333333327	999.9000000000002	0.0	0.0	10004.527666666665	0.0	0.00152894	-5.038462999999998	406.2129333333333	410.85426666666666	1.1405839999999998	404.9958666666667	14.258793333333333	1.5618136666666662	1.446134	13.587103333333335	12.410213333333333	1000.0004666666665	0.9600054333333331	0.03999430000000002	0.0	1.3270000000000002	0.0	6352.347	7946.937666666666	39.23313333333332	41.6124	40.50399999999999	41.4958	39.02893333333332	960.0059999999999	39.99433333333333	0.0	1750698606.8	0.0	1750698609.6	10:10:09	1750698609.6	1750698609.1	16	-0.038	-0.003	2.118	0.082	405.0	14.0	0.32	0.04	-5.045766829268292	0.16225442508711227	0.02783628439592561	0	1.138239268292683	0.036413728223000416	0.0042208977141580725	1	1	2	1/2	3.44783	2.78064	0.0973288	0.0986039	0.0875396	0.0825285	27351.8	31073.9	29421	35048.5	31043.5	39935.7	36218.5	46417.8	2.1736	2.31288	0.109181	0	21.1369	999.9	65	23.9	19.0801	61.4873	26.4744	2	-0.510899	0	20.2946	5.2131	11.968	4.99185	3.2718	2741.3	9999.0	9999.0	999.9	4.97263	1.86249	1.86423	1.86264	1.86268	1.86325	1.85974	1.86257	0.0	0.0	0.0	0.0	11111111	oooooooo	on	on	on	on	0.0	100.0	100.0	2.118	0.082	2.4392282319506844	-0.0010337305037507979	9.120241388950126e-07	-2.246115299815222e-10	-0.024051888244546293	-0.01814858093373864	0.0020919599883593687	-1.9087170078860404e-05	2.0	2210.0	1.0	26.0	2.8	11.5	1.26221	2.37915	2.34741	2.76001	2.39868	2.27051	28.8379	13.9306	18	525.108	666.692	22.1154	20.6963	30	20.5727	20.5203	25.3221	28.7467	49.1266	-999.9	405	14.2316	101.017	101.331	
18	1750698762.6	3899.5	20250623 10:12:42	10:12:42	15	1750698754.5999994	0.0011625671445819941	1.162567144581994	7.128170606665384	399.2649032258065	276.37182710831365	28.05994458216785	40.537239903725805	0.0994603922101862	3.0	0.097664167905493	0.061198786591154956	161.92146877648952	23.656973348598527	22.354012903225804	2.711340899316177	54.13357430574136	1.5279916296558673	2.822632071227947	1.1833492696603096	-51.26921107606594	107.23618529032298	7.3862170731327375	225.2746600638793	7.128170606665384	1.162567144581994	7.128871350621224	410.84895638913264	405.4261636363637	-0.00022224632629448834	66.96205215363517	1.2644119445546915	14.27619919419686	15.161887878787875	0.011832170078976505	79.16710173144307	404.0	50.0	1	0	54414.0	1000.0364838709676	841.2304630063708	0.8411997727824027	0.16191556147003722	6.0	0.5	1: Needles	2.0	False	1750698754.5999994	399.2649032258065	404.95909677419354	15.049703225806452	14.190909677419356	397.1649032258065	14.964703225806451	800.0089354838711	101.4296451612903	0.10003995806451611	23.017045161290323	22.354012903225804	999.9000000000003	0.0	0.0	10001.44870967742	0.0	0.00152894	-5.673907419354839	405.3947419354838	410.7885483870968	0.8798815483870968	404.95909677419354	14.190909677419356	1.5286216129032255	1.4393761290322582	13.257396774193547	12.338696774193545	1000.0364838709676	0.9600071612903222	0.03999283548387096	0.0	1.637903225806451	0.0	6175.538387096774	7947.233548387097	38.08645161290321	39.584451612903216	39.37677419354837	38.981612903225795	37.99574193548386	960.042258064516	39.993870967741934	0.0	1750698779.6	0.0	1750698783.6	10:13:03	1750698779.1	1750698783.6	17	-0.018	0.003	2.1	0.085	405.0	14.0	0.34	0.13	-5.67473725	-0.023030206378968607	0.02248143155889985	1	0.9249240500000001	-0.7575973283302094	0.08065165942277631	0	1	2	1/2	3.44789	2.78078	0.0972536	0.0986462	0.0866493	0.0826639	27361.5	31081.2	29428.6	35057.7	31083.1	39941	36228.9	46431.1	1.82418	2.31453	0.0993013	0	20.7411	999.9	64.4	24	19.0132	61.7773	26.5264	2	-0.520793	0	20.2924	5.21594	11.968	4.99165	3.27175	2746.9	9999.0	9999.0	999.9	4.97265	1.86249	1.86417	1.86264	1.86265	1.86325	1.85974	1.86259	0.0	0.0	0.0	0.0	11111111	oooooooo	on	on	on	on	0.0	100.0	100.0	2.1	0.085	2.401010853853303	-0.0010337305037507979	9.120241388950126e-07	-2.246115299815222e-10	-0.026850357318855503	-0.01814858093373864	0.0020919599883593687	-1.9087170078860404e-05	2.0	2210.0	1.0	26.0	2.5	2.6	1.26343	2.37671	2.34741	2.75757	2.39868	2.24976	28.7745	13.8956	18	347.359	666.237	21.9523	20.5525	29.9998	20.4463	20.3883	25.3308	28.4161	46.8836	-999.9	405	14.3565	101.045	101.359	
19	1750698939.6	4076.5	20250623 10:15:39	10:15:39	15	1750698931.5999994	0.0035685135393373627	3.5685135393373626	7.939606894514774	397.97264516129025	351.77192409156976	35.71448660034786	40.40512539374236	0.3384601486173698	3.0	0.31858715019218853	0.2008051714977841	161.9174186122843	22.86220645035748	21.916290322580643	2.6399903522948174	54.66319488078694	1.5261083621254008	2.7918389429187913	1.1138819901694166	-157.37144708477769	148.73607770322516	10.212531125497888	163.49458035622968	7.939606894514774	3.5685135393373626	8.173784930027033	410.08219470939474	403.8776545454544	-0.0008532620324477288	66.9622595722515	3.578393851506222	12.392761611323403	15.036534545454545	-6.017477647077414e-05	79.16489740269309	32.0	4.0	1	0	54500.0	1000.0079354838709	841.2067446194352	0.8412000692898531	0.16191613372941666	6.0	0.5	1: Needles	2.0	False	1750698931.5999994	397.97264516129025	404.9927096774193	15.031493548387099	12.395251612903227	395.76164516129023	14.924122580645163	799.9736451612905	101.42748387096773	0.09990974516129031	22.8359129032258	21.916290322580643	999.9000000000003	0.0	0.0	9995.085161290324	0.0	0.00152894	-7.1279903225806445	403.93651612903227	410.0756451612903	2.636249354838709	404.9927096774193	12.395251612903227	1.524605806451613	1.2572190322580648	13.217193548387097	10.296916129032256	1000.0079354838709	0.959996451612903	0.040003309677419344	0.0	-0.5185483870967742	0.0	6539.552580645161	7946.9696774193535	37.38887096774192	39.74774193548385	38.7256129032258	38.902967741935484	37.25580645161289	960.004193548387	40.00258064516129	0.0	1750698956.6	0.0	1750698958.6	10:15:58	1750698958.6	1750698783.6	18	0.111	0.003	2.211	0.085	405.0	14.0	0.33	0.13	-7.1079915	-0.5005769606003535	0.054342180695570154	0	2.6413522499999997	-0.02563148217636489	0.01382210484830364	1	1	2	1/2	3.44688	2.78097	0.0970235	0.0986733	0.0861455	0.0744687	27376.5	31088.2	29436.6	35065.8	31109.7	40310.2	36240	46444.1	2.52052	2.3134	0.0802763	0	20.6102	999.9	63.8	24.1	18.9504	61.6873	26.6667	2	-0.533521	0	20.2946	5.21549	11.968	4.9916	3.27198	2752.5	9999.0	9999.0	999.9	4.9726	1.86249	1.86418	1.86264	1.86264	1.86325	1.85974	1.86259	0.0	0.0	0.0	0.0	11111111	oooooooo	on	on	on	on	0.0	100.0	100.0	2.211	0.1075	2.3832749350320466	-0.0010337305037507979	9.120241388950126e-07	-2.246115299815222e-10	-0.024272830543835874	-0.01814858093373864	0.0020919599883593687	-1.9087170078860404e-05	2.0	2210.0	1.0	26.0	2.7	2.6	1.26221	2.37549	2.34741	2.75391	2.39868	2.27417	28.6901	13.8869	18	763.48	662.983	21.8511	20.3567	29.9999	20.2565	20.2157	25.3027	36.5205	43.8439	-999.9	405	12.4385	101.074	101.385	
20	1750699090.1	4227.0	20250623 10:18:10	10:18:10	15	1750699082.3499994	0.003655621522755325	3.6556215227553253	3.476649561784139	401.2712666666667	376.39813833012937	38.215447976173984	40.74079984472108	0.3315748385341492	3.0	0.3124776875501968	0.19692263887194356	161.91750042538294	22.670359086834956	22.074286666666662	2.6655525008374945	54.36162322675195	1.5021574620957183	2.7632682266126483	1.1633950387417762	-161.21290915350983	95.74717288000117	6.573804053089697	103.02556820496399	3.476649561784139	3.6556215227553253	3.4512157193752344	409.9842950755176	407.33286666666646	0.009101756151490436	66.9603684185393	3.6833063504926398	12.113669721525518	14.830993333333332	0.001002824763260501	79.18565826797196	114.0	14.0	1	0	54286.0	1000.0130333333333	841.2106476400946	0.8411996840042132	0.1619153901281316	6.0	0.5	1: Needles	2.0	False	1750699082.3499994	401.2712666666667	404.97880000000004	14.795306666666669	12.094246666666665	399.02726666666666	14.695096666666664	800.0271333333332	101.42926666666669	0.10005583666666665	22.666283333333336	22.074286666666662	999.9000000000002	0.0	0.0	10004.471666666666	0.0	0.00152894	-3.738443666666667	407.2659666666667	409.93666666666655	2.701066333333334	404.97880000000004	12.094246666666665	1.500677333333333	1.2267096666666668	12.975019999999999	9.929653666666667	1000.0130333333333	0.9600112666666667	0.03998848000000001	0.0	0.6129999999999999	0.0	5929.680666666668	7947.0633333333335	38.40806666666665	40.69133333333333	39.662199999999984	40.51639999999998	38.2164	960.0233333333332	39.99	0.0	1750699107.2	0.0	1750699107.1	10:18:27	1750699107.1	1750698783.6	19	0.032	0.003	2.244	0.085	405.0	14.0	0.41	0.13	-3.73646125	-0.09546990619136679	0.016106096545640703	1	2.71757875	-0.21994953095685194	0.034622875688444736	0	1	2	1/2	3.44676	2.7802	0.0976736	0.0986911	0.0853039	0.0732519	27357.4	31088.7	29437	35066.8	31139.5	40365	36240.8	46445.9	2.39587	2.31253	0.0979975	0	20.4865	999.9	63.2	24.1	18.7749	61.7373	26.6707	2	-0.536494	0	20.2938	5.21115	11.968	4.9908	3.27128	2757.0	9999.0	9999.0	999.9	4.9726	1.86249	1.86417	1.86264	1.86264	1.86325	1.85974	1.86252	0.0	0.0	0.0	0.0	11111111	oooooooo	on	on	on	on	0.0	100.0	100.0	2.244	0.1013	2.4945712308261347	-0.0010337305037507979	9.120241388950126e-07	-2.246115299815222e-10	-0.024272830543835874	-0.01814858093373864	0.0020919599883593687	-1.9087170078860404e-05	2.0	2210.0	1.0	26.0	2.2	5.1	1.26221	2.38159	2.34741	2.75513	2.39868	2.24976	28.6901	13.8518	18	666.868	661.301	21.7314	20.2846	30.0003	20.1828	20.1438	25.3006	36.7102	40.4701	-999.9	405	12.2724	101.076	101.389	
21	1750699297.6	4434.5	20250623 10:21:37	10:21:37	15	1750699289.8499994	0.0024995332691224955	2.4995332691224954	-11.796769810951833	413.07649999999995	472.36729222988333	47.93271065033561	41.91627294405791	0.3022561663576708	3.0	0.28629969243933806	0.18030070607246068	161.92501052531577	23.25103390829963	19.9865	2.344652057945528	52.47698738857439	1.475416331329441	2.8115492232899744	0.8692357266160868	-110.22941716830205	479.6367339200005	32.63122443632721	563.9635517133414	-11.796769810951833	2.4995332691224954	-11.909623057904561	410.1862734818218	419.2399212121214	-0.0018609042903430027	66.95944773634069	2.508399781536136	12.688880509819423	14.542846060606058	3.014696993001644e-06	79.19636569832986	802.0	100.0	1	0	54381.0	1000.0580333333332	841.2486176400599	0.8411998000116659	0.16191561402251534	6.0	0.5	1: Needles	2.0	False	1750699289.8499994	413.07649999999995	405.0031333333333	14.539933333333336	12.692503333333331	410.87149999999997	14.447309999999998	799.9838333333333	101.43596666666666	0.03742372	22.952053333333335	19.9865	999.9000000000002	0.0	0.0	9997.521	0.0	0.00152894	8.109271	419.2077	410.2098333333332	1.8474363333333337	405.0031333333333	12.692503333333331	1.4748726666666667	1.2874760000000003	12.71014	10.653436666666664	1000.0580333333332	0.9600069999999999	0.039992910000000007	0.0	0.4498333333333335	0.0	5460.4636666666665	7947.399	38.67059999999999	40.59769999999999	39.99973333333332	40.39766666666665	38.485166666666665	960.0626666666666	39.99566666666667	0.0	1750699314.2	0.0	1750699319.6	10:21:59	1750699319.6	1750698783.6	20	-0.039	0.003	2.205	0.085	405.0	14.0	0.16	0.13	8.101371	0.3899198499061715	0.05872773905063937	0	1.8450225	0.049691707317070045	0.005253344054028827	1	1	2	1/2	3.44707	2.71799	0.0997759	0.0986627	0.0840328	0.0757942	27281	31075.7	29424	35052	31169.9	40236.1	36224.3	46425.2	0.288	2.3094	-0.0477135	0	20.8781	999.9	62.3	24.2	18.6168	61.1073	22.1595	2	-0.518374	0	20.2926	5.21609	11.968	4.992	3.27192	2763.6	9999.0	9999.0	999.9	4.97261	1.86249	1.86419	1.86264	1.86267	1.86325	1.85974	1.86261	0.0	0.0	0.0	0.0	11111111	oooooooo	on	on	on	on	0.0	100.0	100.0	2.205	0.0927	2.527163309118028	-0.0010337305037507979	9.120241388950126e-07	-2.246115299815222e-10	-0.024272830543835874	-0.01814858093373864	0.0020919599883593687	-1.9087170078860404e-05	2.0	2210.0	1.0	26.0	3.2	8.6	1.26221	2.37793	2.34741	2.75513	2.39868	2.24976	28.8168	13.8168	18	-1.96214	661.07	21.8333	20.5229	30.0005	20.5532	20.3126	25.3176	34.1809	36.3522	-999.9	405	12.7503	101.031	101.345	
22	1750699458.1	4595.0	20250623 10:24:18	10:24:18	15	1750699450.3499994	0.001942419480251781	1.942419480251781	10.58146660671272	396.4914333333333	284.94132238142913	28.93318039044303	40.26007203175075	0.16548912292020165	3.0	0.1605797507928684	0.10079130034349643	161.91494518589167	23.18459864418057	22.395139999999994	2.718130704286333	54.58697199318961	1.5154685618353698	2.776245881571235	1.2026621424509634	-85.66069907910354	56.34612680000075	3.8764329898952288	136.47680589668408	10.58146660671272	1.942419480251781	10.417882318993538	410.50102993471353	402.5835272727273	-0.0008469147577395547	66.95454628672204	2.022971346001558	13.491167251164988	14.984966060606054	0.00017807623942875698	79.16487552944861	0	0.0	1	0	54385.0	999.9975	841.1975601999438	0.8411996631991019	0.1619153499742666	6.0	0.5	1: Needles	2.0	False	1750699450.3499994	396.4914333333333	405.0053333333334	14.924719999999999	13.489616666666668	394.3694333333333	14.86972	799.9825666666667	101.44089999999997	0.09993707	22.743523333333332	22.395139999999994	999.9000000000002	0.0	0.0	9999.245333333332	0.0	0.00152894	-8.427735666666667	402.6067333333333	410.5433666666667	1.4857649999999998	405.0053333333334	13.489616666666668	1.5191136666666665	1.368397	13.161913333333333	11.571876666666665	999.9975	0.9600116000000001	0.03998839666666667	0.0	-1.4961666666666669	0.0	8737.146999999999	7946.931	36.8164	39.47473333333332	38.2206	38.43313333333332	36.77893333333332	960.0086666666666	39.98866666666667	0.0	1750699475	0.0	1750699483.6	10:24:43	1750699480.6	1750699483.6	21	-0.082	-0.008	2.122	0.055	405.0	13.0	0.24	0.06	-8.422998000000002	0.05964607879925182	0.030063512037019173	1	1.47932525	0.10997819887429185	0.011390603141954331	0	1	2	1/2	3.44752	2.78042	0.0967453	0.0986651	0.0859114	0.0793079	27373.7	31076.5	29425.2	35053.2	31106.2	40084.2	36225.9	46427	2.56885	2.31	0.107866	0	20.6345	999.9	61.9	24.3	18.6069	61.7173	26.5705	2	-0.51768	0	20.2946	5.21504	11.968	4.99155	3.27195	2768.5	9999.0	9999.0	999.9	4.9726	1.86249	1.86418	1.86264	1.86264	1.86325	1.85974	1.86261	0.0	0.0	0.0	0.0	11111111	oooooooo	on	on	on	on	0.0	100.0	100.0	2.122	0.055	2.48775457357514	-0.0010337305037507979	9.120241388950126e-07	-2.246115299815222e-10	-0.024272830543835874	-0.01814858093373864	0.0020919599883593687	-1.9087170078860404e-05	2.0	2210.0	1.0	26.0	2.3	11.2	1.26343	2.37793	2.34741	2.75513	2.39868	2.2876	28.9224	13.8081	18	805.807	662.043	21.8341	20.5656	29.9999	20.4021	20.3488	25.3362	30.4472	35.0045	-999.9	405	13.5078	101.035	101.348	
23	1750699611.6	4748.5	20250623 10:26:51	10:26:51	15	1750699603.5999994	0.0038966074603252326	3.8966074603252325	7.550815519765719	398.1529354838709	353.41567069652217	35.88660653196085	40.429327050198275	0.33971531051470033	3.0	0.3196993203567414	0.20151208352839378	161.91404733073526	22.53106138985011	22.33966129032258	2.7089750412422138	54.43049468248229	1.4969748223228556	2.7502502614671926	1.2120002189193582	-171.84038900034275	40.243568903226326	2.7656712641495007	33.08289849776832	7.550815519765719	3.8966074603252325	7.692422660493181	409.8831980317421	404.03844242424225	0.0017849179520131847	66.95928582138913	3.8906864413621656	11.946534269823305	14.78272181818182	0.009474277125654495	79.19872289472342	73.0	9.0	1	0	54286.0	999.9841612903225	841.1869935091557	0.8412003170367579	0.1619166118809428	6.0	0.5	1: Needles	2.0	False	1750699603.5999994	398.1529354838709	404.9796451612904	14.742390322580645	11.863012903225806	395.94993548387095	14.651512903225807	799.9983870967742	101.44219354838705	0.10001158709677418	22.588483870967746	22.33966129032258	999.9000000000003	0.0	0.0	10001.731612903226	0.0	0.00152894	-6.904500322580645	404.0316129032258	409.8416774193549	2.879371612903226	404.9796451612904	11.863012903225806	1.4954996774193552	1.2034099999999999	12.92221935483871	9.643624516129032	999.9841612903225	0.959990612903226	0.04000936129032258	0.0	0.896774193548387	0.0	10091.743225806451	7946.75129032258	37.96748387096774	40.6188064516129	39.27599999999999	40.31029032258064	37.830290322580645	959.9758064516128	40.01	0.0	1750699628.6	0.0	1750699628.6	10:27:08	1750699628.6	1750699483.6	22	0.08	-0.008	2.203	0.055	405.0	13.0	0.26	0.06	-6.906438249999999	-0.02775230769231724	0.02477226805194671	1	2.9036225	-0.5274457035647332	0.05243883922008573	0	1	2	1/2	3.4468	2.78134	0.0970556	0.098657	0.0851246	0.0725424	27368	31081	29428.9	35057.6	31138	40386	36231.4	46434.2	2.4575	2.30702	0.117779	0	20.4399	999.9	61.3	24.4	18.5371	61.7173	26.6506	2	-0.523643	0	20.2942	5.21639	11.968	4.9918	3.272	2773.3	9999.0	9999.0	999.9	4.97261	1.86249	1.8642	1.86264	1.86265	1.86325	1.85974	1.86261	0.0	0.0	0.0	0.0	11111111	oooooooo	on	on	on	on	0.0	100.0	100.0	2.203	0.0922	2.405627452621964	-0.0010337305037507979	9.120241388950126e-07	-2.246115299815222e-10	-0.03227126969192029	-0.01814858093373864	0.0020919599883593687	-1.9087170078860404e-05	2.0	2210.0	1.0	26.0	2.2	2.1	1.26221	2.37305	2.34741	2.75391	2.39868	2.24976	28.9224	13.773	18	715.081	659.046	21.7209	20.476	30.0001	20.3501	20.3041	25.3031	36.5255	31.9881	-999.9	405	12.0534	101.049	101.363	
24	1750699746.6	4883.5	20250623 10:29:06	10:29:06	15	1750699738.5999994	0.0015196932095390718	1.5196932095390718	4.022305216641241	401.4884193548388	347.75572931860023	35.31146199904618	40.76753268992719	0.13974913459628135	3.0	0.13623070733211795	0.08545293072164269	161.91488082293031	23.34188889703546	21.839612903225806	2.6276622763824626	54.516753951348605	1.5180663390107147	2.784586808608332	1.1095959373717479	-67.01847054067306	154.19701548387036	10.581063888808382	259.674489654936	4.022305216641241	1.5196932095390718	3.941884912456491	410.6832524957944	407.6970363636361	-0.0033656342619562012	66.95789239675615	1.5935972389130781	13.873494729823921	15.01612	0.008478131496707153	79.2159199564139	94.0	12.0	1	0	54404.0	1000.0001290322581	841.1995178323723	0.8411994092905131	0.16191485993069032	6.0	0.5	1: Needles	2.0	False	1750699738.5999994	401.4884193548388	404.96270967741935	14.95028064516129	13.827564516129032	399.3844193548388	14.853138709677419	800.0099032258066	101.44090322580644	0.10008955161290324	22.792999999999996	21.839612903225806	999.9000000000003	0.0	0.0	10002.640967741936	0.0	0.00152894	-3.3741625806451614	407.6835483870968	410.64096774193547	1.122715806451613	404.96270967741935	13.827564516129032	1.5165699999999998	1.402681290322581	13.136203225806451	11.946590322580644	1000.0001290322581	0.9600175806451617	0.0399820193548387	0.0	2.876774193548387	0.0	4565.956451612903	7946.972580645162	38.8506129032258	41.39699999999998	40.11067741935482	41.45941935483871	38.6650322580645	960.0200000000001	39.980322580645165	0.0	1750699763.6	0.0	1750699764.1	10:29:24	1750699764.1	1750699483.6	23	-0.099	-0.008	2.104	0.055	405.0	13.0	0.3	0.06	-3.3696177499999997	0.06183005628517631	0.028527284789083927	1	1.11329725	0.1130013883677291	0.017194990693149562	0	1	2	1/2	3.44764	2.78039	0.0976846	0.0986597	0.0860803	0.08096	27342.8	31074.9	29422.5	35051.1	31097.9	40010.5	36223.2	46425.3	2.42257	2.3085	0.0788942	0	20.6525	999.9	60.7	24.5	18.4665	61.5073	26.5184	2	-0.515836	0	20.2937	5.20816	11.968	4.9907	3.27117	2777.2	9999.0	9999.0	999.9	4.97257	1.86249	1.8642	1.86264	1.86266	1.86325	1.85974	1.86261	0.0	0.0	0.0	0.0	11111111	oooooooo	on	on	on	on	0.0	100.0	100.0	2.104	0.0992	2.4859143926294314	-0.0010337305037507979	9.120241388950126e-07	-2.246115299815222e-10	-0.03227126969192029	-0.01814858093373864	0.0020919599883593687	-1.9087170078860404e-05	2.0	2210.0	1.0	26.0	2.0	4.4	1.26343	2.38525	2.34741	2.75391	2.39868	2.26318	28.9647	13.7468	18	689.686	661.304	21.7323	20.556	30.0005	20.426	20.3836	25.3402	27.8687	30.1015	-999.9	405	13.8722	101.027	101.344	
25	1750699899.5	5036.400000095367	20250623 10:31:39	10:31:39	15	1750699891.5	0.0030444577209623276	3.0444577209623276	13.547161187075417	393.9522258064516	303.78125766188896	30.84571973432718	40.001611815911204	0.2703017000000076	3.0	0.2574637488041682	0.1620174600888538	161.91349537243426	23.0701570897967	22.360545161290325	2.7124183383102	54.801047053956175	1.5368603538122403	2.8044361128703867	1.1755579844979596	-134.26058549443866	88.90262709677265	6.1203204335398755	122.67585740830813	13.547161187075417	3.0444577209623276	13.652354938960498	410.33195036313236	399.9642000000002	-0.0014709344826909282	66.9562733132626	3.051308146757439	12.885835311498198	15.139718181818175	-1.8168306142903542e-05	79.24400454678745	137.0	17.0	1	0	54461.0	999.9834516129034	841.1861700776444	0.841200090582369	0.16191617482397244	6.0	0.5	1: Needles	2.0	False	1750699891.5	393.9522258064516	405.01199999999994	15.135629032258064	12.886870967741933	391.8441290322581	15.032822580645162	800.0090322580646	101.43932258064515	0.09992303225806454	22.910222580645154	22.360545161290325	999.9000000000003	0.0	0.0	10005.480645161288	0.0	0.00152894	-11.059774193548387	400.00661290322586	410.2995483870968	2.2487600000000003	405.01199999999994	12.886870967741933	1.5353467741935485	1.307233548387097	13.324774193548386	10.88228064516129	999.9834516129034	0.9599949354838709	0.04000483225806451	0.0	0.7751612903225807	0.0	8856.62258064516	7946.767419354839	36.94938709677419	38.79612903225806	38.306290322580644	38.14493548387096	37.02193548387096	959.9787096774193	40.00225806451613	0.0	1750699916.6	0.0	1750699764.1	10:29:24	1750699764.1	1750699483.6	23	-0.099	-0.008	2.104	0.055	405.0	13.0	0.3	0.06	-11.03088536585366	-0.49732682926830574	0.05312485781203635	0	2.240020487804878	0.13414264808362258	0.014386844592301058	0	0	2	0/2	3.44719	2.78074	0.0962371	0.0986324	0.0865618	0.0766405	27382.5	31073.2	29418.5	35048.7	31077.2	40196.2	36218.3	46421.7	2.35022	2.30508	0.0931323	0	20.8577	999.9	60.3	24.5	18.3456	61.3873	26.5705	2	-0.510259	0	20.293	5.21519	11.968	4.9914	3.27198	2782.1	9999.0	9999.0	999.9	4.97261	1.86249	1.86423	1.86264	1.86265	1.86325	1.85974	1.86259	0.0	0.0	0.0	0.0	11111111	oooooooo	on	on	on	on	0.0	100.0	100.0	2.108	0.103	2.3866710095859838	-0.0010337305037507979	9.120241388950126e-07	-2.246115299815222e-10	-0.03227126969192029	-0.01814858093373864	0.0020919599883593687	-1.9087170078860404e-05	2.0	2210.0	1.0	26.0	2.3	6.9	1.26221	2.38159	2.34863	2.75269	2.39868	2.27051	29.0282	13.7118	18	638.541	659.559	21.8349	20.6589	30.0002	20.5125	20.4587	25.3202	32.7578	28.2231	-999.9	405	12.9049	101.013	101.336	
26	1750700036	5172.900000095367	20250623 10:33:56	10:33:56	15	1750700028.25	0.003954352323468027	3.954352323468027	5.422937126832565	399.74366666666657	369.0591381938068	37.473627971168646	40.58928203704586	0.38397216482180185	3.0	0.35861009604375865	0.22627024273219534	161.91563915959853	22.681606432264708	21.784029999999998	2.6187572777445225	54.78595913318939	1.5219358689961804	2.777967006648954	1.096821408748342	-174.38693746494	156.83755568000024	10.757076294514723	155.1233336691735	5.422937126832565	3.954352323468027	5.520253180302857	409.93216443201646	405.7401878787878	0.0003938737798834986	66.95772309961305	3.930591791056601	12.061523572049131	14.96626121212121	-0.0002483359679950353	79.2182208247677	46.0	6.0	1	0	54373.0	999.9977666666666	841.1981217199991	0.8412000004000001	0.16191600077200025	6.0	0.5	1: Needles	2.0	False	1750700028.25	399.74366666666657	404.9962333333333	14.988789999999998	12.06758	397.5766666666666	14.890466666666665	800.0276666666665	101.43836666666667	0.09990753666666667	22.753743333333333	21.784029999999998	999.9000000000002	0.0	0.0	10007.686333333337	0.0	0.00152894	-5.313877333333334	405.7641333333333	409.94319999999993	2.921199666666667	404.9962333333333	12.06758	1.5204360000000001	1.2241153333333337	13.175229999999999	9.898106	999.9977666666666	0.9600013000000001	0.03999858	0.0	1.3698333333333328	0.0	5367.159333333333	7946.898333333333	37.053999999999995	39.85799999999998	38.4664	38.978866666666654	37.01639999999999	959.9996666666666	40.0	0.0	1750700052.8	0.0	1750700053	10:34:13	1750700053	1750699483.6	24	0.063	-0.008	2.167	0.055	405.0	13.0	0.22	0.06	-5.310911249999999	-0.034150581613490175	0.01945391325511399	1	2.92748925	-0.11784911819887949	0.011706641573803335	0	1	2	1/2	3.44673	2.78066	0.0973077	0.0986043	0.0858279	0.0729377	27349.8	31071.7	29418.2	35046.1	31102.4	40355.6	36217.9	46418.8	2.49493	2.302	0.0571422	0	20.8508	999.9	59.8	24.6	18.3033	61.3973	26.5625	2	-0.507851	0	20.2948	5.2113	11.968	4.9916	3.27198	2786.5	9999.0	9999.0	999.9	4.9726	1.86249	1.86421	1.86264	1.86271	1.86325	1.85974	1.86264	0.0	0.0	0.0	0.0	11111111	oooooooo	on	on	on	on	0.0	100.0	100.0	2.167	0.0976	2.3866710095859838	-0.0010337305037507979	9.120241388950126e-07	-2.246115299815222e-10	-0.03227126969192029	-0.01814858093373864	0.0020919599883593687	-1.9087170078860404e-05	2.0	2210.0	1.0	26.0	4.5	9.2	1.26221	2.37793	2.34863	2.75269	2.39868	2.24731	29.1342	13.6942	18	747.273	657.699	21.9005	20.7	30	20.5543	20.5041	25.3052	36.131	25.1699	-999.9	405	12.1097	101.012	101.329	
27	1750700158	5294.900000095367	20250623 10:35:58	10:35:58	15	1750700150.0	0.0014471402891263938	1.4471402891263938	5.478749343083142	400.43299999999994	323.19565494064744	32.817970441761155	40.660813835257365	0.12683757164932769	3.0	0.12393197209884811	0.07771299529956863	161.91400562937034	23.54848190786502	22.228648387096772	2.6907355590254145	54.31121728139281	1.5296798849384845	2.8165081939022523	1.16105567408693	-63.818886750473965	121.70842691612847	8.376184085888259	228.1797298809131	5.478749343083142	1.4471402891263938	5.428683206103645	410.77027609710075	406.6424242424241	-0.0003795388275081188	66.95657448475556	1.4701731014254287	14.056983348545115	15.11834969696969	0.006017571178639482	79.23443068077724	151.0	19.0	1	0	54067.0	999.9871612903225	841.1892438193294	0.8412000437424716	0.16191608442297034	6.0	0.5	1: Needles	2.0	False	1750700150.0	400.43299999999994	404.97651612903235	15.064487096774192	13.995519354838711	398.3349999999999	14.981487096774192	800.0278064516127	101.44203225806447	0.10008299032258067	22.981161290322575	22.228648387096772	999.9000000000003	0.0	0.0	9993.442258064517	0.0	0.00152894	-4.472789032258065	406.63690322580646	410.72483870967744	1.087156451612903	404.97651612903235	13.995519354838711	1.5300158064516132	1.4197332258064517	13.271454838709678	12.129964516129029	999.9871612903225	0.9600001935483872	0.03999995806451612	0.0	3.7375806451612896	0.0	6744.855161290322	7946.812903225807	38.00990322580644	40.872774193548366	39.36477419354838	40.552258064516124	37.94325806451613	959.9867741935484	40.00096774193548	0.0	1750700175.2	0.0	1750700175	10:36:15	1750700175	1750700175	25	-0.068	0.009	2.098	0.083	405.0	14.0	0.24	0.06	-4.4731265	0.0028637898686802847	0.028190421560345586	1	1.0961712499999998	-0.3197609380863057	0.03331482831919596	0	1	2	1/2	3.44782	2.78075	0.097446	0.0986177	0.086466	0.0817634	27344	31070	29416.6	35044.7	31078.7	39968.3	36216	46416.8	2.32575	2.30555	0.0840686	0	20.9069	999.9	59.4	24.7	18.2879	61.8873	26.4583	2	-0.506197	0	20.2947	5.21534	11.968	4.99175	3.27195	2790.4	9999.0	9999.0	999.9	4.97261	1.86249	1.86427	1.86264	1.86273	1.86325	1.85975	1.86263	0.0	0.0	0.0	0.0	11111111	oooooooo	on	on	on	on	0.0	100.0	100.0	2.098	0.083	2.450026129611729	-0.0010337305037507979	9.120241388950126e-07	-2.246115299815222e-10	-0.03227126969192029	-0.01814858093373864	0.0020919599883593687	-1.9087170078860404e-05	2.0	2210.0	1.0	26.0	1.8	11.2	1.26343	2.37671	2.34741	2.75146	2.39868	2.25098	29.1766	13.6855	18	622.507	661.032	21.928	20.7201	30.0003	20.5875	20.5398	25.3433	26.1114	24.0342	-999.9	405	14.161	101.007	101.325	
28	1750700291	5427.900000095367	20250623 10:38:11	10:38:11	15	1750700283.0	0.0026434003215706748	2.6434003215706747	11.08851229303712	395.8859677419355	309.47241093311357	31.425693561768988	40.200646869136605	0.23069061143471942	3.0	0.22126912575730456	0.13910762407497645	161.9134750126723	23.266472662833806	22.440351612903232	2.7256120005150173	54.52875786516081	1.537955840980263	2.8204490642961892	1.1876561595347543	-116.57395418126676	91.20449558709538	6.28432805423656	142.8283444727375	11.08851229303712	2.6434003215706747	11.233761276814311	410.4554013682391	401.9272121212121	-0.002775348278933542	66.95577841672963	2.6273336941104874	13.234442171780335	15.172409696969694	0.0006344498927551536	79.25225239050381	272.0	34.0	1	0	54275.0	999.9880322580644	841.1896284772328	0.8411996957381076	0.1619154127745478	6.0	0.5	1: Needles	2.0	False	1750700283.0	395.8859677419355	404.987	15.145406451612905	13.192929032258064	393.7479677419355	15.03344193548387	800.0189677419354	101.446	0.10002624193548387	23.004261290322578	22.440351612903232	999.9000000000003	0.0	0.0	10010.444838709676	0.0	0.00152894	-9.136721612903226	401.93770967741926	410.40125806451607	1.952473548387097	404.987	13.192929032258064	1.536438709677419	1.3383690322580648	13.335696774193547	11.236774193548387	999.9880322580644	0.9600104516129033	0.03998952580645161	0.0	1.9817741935483872	0.0	9512.32935483871	7946.856774193549	38.95732258064516	41.71951612903225	40.24383870967741	41.790064516129014	38.82825806451613	959.998064516129	39.98935483870968	0.0	1750700307.8	0.0	1750700308	10:38:28	1750700308	1750700175	26	0.04	0.009	2.138	0.083	405.0	14.0	0.19	0.06	-9.125649512195123	-0.1400698954703757	0.026121785501968062	0	1.9697624390243904	-0.30023623693379525	0.03296886711625388	0	0	2	0/2	3.44734	2.78062	0.096571	0.098605	0.0866346	0.07818	27367.2	31066.9	29413.3	35041.1	31069.5	40120.8	36211.9	46412.1	2.10403	2.30242	0.0967309	0	20.8619	999.9	58.9	24.7	18.1341	61.8773	26.5905	2	-0.500447	0	20.2946	5.2122	11.968	4.99175	3.272	2794.3	9999.0	9999.0	999.9	4.97259	1.86249	1.86429	1.86264	1.86271	1.86326	1.85975	1.86264	0.0	0.0	0.0	0.0	11111111	oooooooo	on	on	on	on	0.0	100.0	100.0	2.138	0.1128	2.381631824218067	-0.0010337305037507979	9.120241388950126e-07	-2.246115299815222e-10	-0.023148424347994342	-0.01814858093373864	0.0020919599883593687	-1.9087170078860404e-05	2.0	2210.0	1.0	26.0	1.9	1.9	1.26343	2.37915	2.34741	2.75146	2.39868	2.27539	29.2402	13.6592	18	485.86	659.413	21.9667	20.8023	30.0001	20.6639	20.6066	25.329	30.247	22.5309	-999.9	405	13.2726	100.995	101.315	
29	1750700431	5567.900000095367	20250623 10:40:31	10:40:31	15	1750700423.0	0.0006640910480147966	0.6640910480147966	3.201914079142948	402.3949032258064	298.72505157530946	30.336058227083	40.863915330054105	0.05345914342866698	3.0	0.052935502136496226	0.03313130835285094	161.917778061271	23.7887168685311	22.816051612903223	2.7884804010333863	54.60198859778473	1.541645652481081	2.8234240035419287	1.2468347485523052	-29.28641521745253	33.25761716129007	2.2961438786574	168.18512388376593	3.201914079142948	0.6640910480147966	3.152629055282717	411.0286704611799	408.63124242424243	-0.000678695811569118	66.95698548692016	0.7643744765570689	14.699700170058197	15.248355757575752	0.0038951663563787558	79.22879735773266	317.0	40.0	1	0	54256.0	1000.0111290322579	841.2093493548285	0.841199987613031	0.16191597609315	6.0	0.5	1: Needles	2.0	False	1750700423.0	402.3949032258064	404.99680645161294	15.18088387096774	14.690367741935484	400.2699032258064	15.07888387096774	799.9853870967742	101.45174193548387	0.10002972580645161	23.021680645161286	22.816051612903223	999.9000000000003	0.0	0.0	10006.407096774194	0.0	0.00152894	-2.5874448387096765	408.6171935483871	411.03506451612895	0.5019270322580646	404.99680645161294	14.690367741935484	1.541283870967742	1.4903629032258066	13.38391935483871	12.869648387096776	1000.0111290322579	0.9600003548387094	0.039999767741935484	0.0	1.579516129032258	0.0	3847.650322580646	7947.002903225805	36.10664516129032	38.07638709677418	37.45545161290322	37.157000000000004	36.209451612903216	960.0103225806449	40.0	0.0	1750700448.2	0.0	1750700448	10:40:48	1750700447.5	1750700448	27	-0.014	0.003	2.125	0.102	405.0	15.0	0.26	0.14	-2.5806492499999996	-0.13650180112570467	0.026548021055014623	0	0.46373042499999995	0.7892280562851779	0.08164088176853784	0	0	2	0/2	3.44788	2.78109	0.0977799	0.0985994	0.0869398	0.0844017	27327.6	31064.3	29410.2	35038.1	31055.9	39845.3	36208.3	46407.5	2.0143	2.30373	0.112496	0	20.9883	999.9	58.6	24.8	18.147	61.9173	26.6627	2	-0.495897	0	20.2936	5.21145	11.9682	4.9907	3.2712	2798.9	9999.0	9999.0	999.9	4.97259	1.86249	1.86429	1.86266	1.86278	1.86326	1.85978	1.86264	0.0	0.0	0.0	0.0	11111111	oooooooo	on	on	on	on	0.0	100.0	100.0	2.125	0.102	2.4214418657122936	-0.0010337305037507979	9.120241388950126e-07	-2.246115299815222e-10	-0.023148424347994342	-0.01814858093373864	0.0020919599883593687	-1.9087170078860404e-05	2.0	2210.0	1.0	26.0	2.0	4.3	1.26465	2.38037	2.34863	2.75146	2.39868	2.2583	29.2614	13.6329	18	438.38	661.36	22.0157	20.8688	30.0003	20.7331	20.6737	25.3573	23.288	21.7871	-999.9	405	14.6647	100.985	101.305	
30	1750700556	5692.900000095367	20250623 10:42:36	10:42:36	15	1750700548.0	0.0011804511205927791	1.1804511205927792	5.3127608928263665	400.67	315.3152144534028	32.02254456682629	40.690941456256226	0.10937282888550266	3.0	0.10720493790321378	0.0671942836065119	161.9119022355384	23.619586653338175	21.89275806451613	2.6362014991735148	54.70058575954655	1.5409356171440571	2.817036775287415	1.0952658820294576	-52.05789441814156	176.53536572903292	12.128985261459428	298.5183588078892	5.3127608928263665	1.1804511205927792	5.410143166933528	410.88551392290395	406.771103030303	-0.0005879873466449142	66.9577625192736	1.1754273038476886	14.308403164778163	15.178480606060603	-0.0004646631192834204	79.21933826912678	259.0	32.0	1	0	54414.0	999.9740645161291	841.1782357162242	0.8412000526466218	0.1619161016079801	6.0	0.5	1: Needles	2.0	False	1750700548.0	400.67	405.00925806451613	15.173074193548386	14.301177419354838	398.519	15.091074193548385	800.007580645161	101.45709677419353	0.10014848064516128	22.984261290322586	21.89275806451613	999.9000000000003	0.0	0.0	10000.838064516129	0.0	0.00152894	-4.363885161290323	406.8323870967742	410.8854838709677	0.9065264516129029	405.00925806451613	14.301177419354838	1.5429283870967736	1.4509551612903226	13.40031612903226	12.460893548387098	999.9740645161291	0.9599960645161288	0.0400040258064516	0.0	1.1920967741935484	0.0	4542.562580645162	7946.6941935483865	37.11064516129031	40.150967741935474	38.5098387096774	39.3082258064516	37.10258064516128	959.9716129032257	40.00064516129032	0.0	1750700573	0.0	1750700577	10:42:57	1750700577	1750700573	28	0.026	-0.007	2.151	0.082	405.0	14.0	0.61	0.06	-4.338892195121952	-0.4814050871079999	0.04877081531908973	0	0.9532595121951222	-0.8093662369337965	0.08529329472176435	0	0	2	0/2	3.44797	2.78086	0.0974334	0.0985939	0.0866184	0.0827302	27334.2	31060	29406.3	35033.4	31062.9	39913	36203.3	46401.2	2.12643	2.302	0.0591427	0	20.9917	999.9	58.3	24.9	18.1617	61.5973	26.4463	2	-0.491047	0	20.2947	5.21519	11.9682	4.9917	3.27195	2802.8	9999.0	9999.0	999.9	4.97261	1.86249	1.86431	1.86264	1.86273	1.86332	1.85979	1.86263	0.0	0.0	0.0	0.0	11111111	oooooooo	on	on	on	on	0.0	100.0	100.0	2.151	0.082	2.4077459936772123	-0.0010337305037507979	9.120241388950126e-07	-2.246115299815222e-10	-0.020319292526094337	-0.01814858093373864	0.0020919599883593687	-1.9087170078860404e-05	2.0	2210.0	1.0	26.0	1.8	1.8	1.26343	2.38892	2.34863	2.75269	2.39868	2.23145	29.3039	13.6154	18	499.727	660.846	22.0443	20.9384	30.0003	20.7957	20.7392	25.3498	25.4186	21.4161	-999.9	405	14.345	100.971	101.292	
31	1750700729.5	5866.400000095367	20250623 10:45:29	10:45:29	15	1750700721.75	0.006823270583395867	6.823270583395868	8.911257272129866	396.2490333333334	362.8729315684744	36.85367843822379	40.243383249345634	0.6037526014032605	3.0	0.5434864267385177	0.34459100824054945	161.91503931881564	22.177849091006596	22.744293333333328	2.7763755228717595	54.26188077279463	1.528338923687804	2.816597769781083	1.2480365991839555	-300.90623272775775	38.39504816000115	2.6493367600963893	-97.94680848884457	8.911257272129866	6.823270583395868	8.933800126528196	409.08844623354804	402.318509090909	0.0005507479458498062	66.95721571577971	6.790178282680067	10.06048147140662	15.0732606060606	0.0007488685163977	79.22681732257038	346.0	43.0	1	0	54519.0	999.9939666666666	841.1949331600081	0.8412000084000588	0.1619160162121135	6.0	0.5	1: Needles	2.0	False	1750700721.75	396.2490333333334	404.96020000000004	15.048506666666668	10.008099666666668	394.06703333333337	14.943959999999999	800.0056999999998	101.46079999999996	0.10003640333333336	22.98168666666667	22.744293333333328	999.9000000000002	0.0	0.0	10000.641333333331	0.0	0.00152894	-8.738824333333332	402.27509999999995	409.05413333333337	5.0404089999999995	404.96020000000004	10.008099666666668	1.5268346666666668	1.0154303333333332	13.239553333333333	7.139497666666667	999.9939666666666	0.959999733333333	0.04000028666666666	0.0	1.4981666666666664	0.0	8227.487	7946.868666666667	38.4727	41.54759999999999	39.83723333333333	41.48303333333332	38.4289	959.9930000000002	40.0	0.0	1750700746.4	0.0	1750700751.5	10:45:51	1750700751.5	1750700573	29	0.031	-0.007	2.182	0.082	405.0	14.0	0.22	0.06	-8.743561463414633	0.10275804878049075	0.016455127536687868	0	5.076773170731707	-0.6646557491289198	0.06853555966596432	0	0	2	0/2	3.4458	2.78065	0.0966003	0.0985246	0.086205	0.0637565	27356.1	31061.4	29403.1	35033	31073.7	40742.7	36199	46401.8	1.95142	2.28892	0.114802	0	20.8515	999.9	57.4	25	17.9889	61.4573	26.7708	2	-0.485577	0	20.2945	5.2107	11.9683	4.9912	3.2717	2808.0	9999.0	9999.0	999.9	4.97259	1.86249	1.8643	1.86268	1.86274	1.86326	1.85977	1.86264	0.0	0.0	0.0	0.0	11111111	oooooooo	on	on	on	on	0.0	100.0	100.0	2.182	0.1053	2.4337689038384296	-0.0010337305037507979	9.120241388950126e-07	-2.246115299815222e-10	-0.027709798620197706	-0.01814858093373864	0.0020919599883593687	-1.9087170078860404e-05	2.0	2210.0	1.0	26.0	2.5	2.6	1.25977	2.37793	2.34741	2.75269	2.39868	2.24487	29.3464	13.5892	18	408.145	651.455	22.0826	21.0187	30.0002	20.8855	20.8213	25.2708	43.2134	17.0815	-999.9	405	10.2114	100.96	101.292	
32	1750700850	5986.900000095367	20250623 10:47:30	10:47:30	15	1750700842.25	0.002824942440467917	2.824942440467917	8.591351827489216	397.6429333333334	355.66329076220603	36.12182475905711	40.385355271729445	0.3906922912682716	3.0	0.36446720997182475	0.23000136727433756	161.9198149803872	23.20184627968854	19.606109999999997	2.28998289476454	53.86491680012073	1.5175447354349256	2.8173156584761014	0.7724381593296143	-124.57996162463513	546.6331763200014	37.123879272302275	621.0969089480558	8.591351827489216	2.824942440467917	8.451326988309306	410.2667111397619	403.844715151515	0.00031248951862261696	66.95449573298518	2.965858971663233	12.943832283770003	15.075834545454542	0.014405316787909062	79.26330834926921	37.0	5.0	1	0	54458.0	1000.0239	841.2200762799933	0.8411999716006721	0.16191594518929717	6.0	0.5	1: Needles	2.0	False	1750700842.25	397.6429333333334	404.9288	14.942073333333331	12.855063333333332	395.5549333333334	14.840736666666665	800.0149333333334	101.4619333333333	0.09992502333333333	22.985896666666672	19.606109999999997	999.9000000000002	0.0	0.0	10008.223666666667	0.0	0.00152894	-7.18881	403.77313333333336	410.2019333333334	2.086986	404.9288	12.855063333333332	1.5160503333333333	1.3043003333333332	13.130703333333335	10.848240000000002	1000.0239	0.9600003999999999	0.03999965999999999	0.0	1.9706666666666666	0.0	7300.334000000001	7947.102333333331	37.3206	39.4664	38.70393333333333	38.978866666666654	37.3414	960.0236666666666	40.0	0.0	1750700867	0.0	1750700873.5	10:47:53	1750700873.5	1750700573	30	-0.094	-0.007	2.088	0.082	405.0	14.0	0.19	0.06	-7.187234999999999	0.0059486679174579615	0.01571247529830993	1	2.0597965	0.49219136960599563	0.0521009129742464	0	1	2	1/2	3.44724	2.78061	0.0968709	0.0985462	0.0862281	0.0768985	27348.1	31060.7	29403.3	35032.9	31073.6	40168.1	36199.8	46401.6	2.50268	2.29475	-0.0636727	0	20.7644	999.9	56.8	25	17.8016	61.5973	26.4543	2	-0.485183	0	20.2927	5.21519	11.968	4.9914	3.27198	2811.9	9999.0	9999.0	999.9	4.97259	1.86249	1.86431	1.86264	1.8627	1.86326	1.85975	1.86264	0.0	0.0	0.0	0.0	11111111	oooooooo	on	on	on	on	0.0	100.0	100.0	2.088	0.1055	2.465163290319286	-0.0010337305037507979	9.120241388950126e-07	-2.246115299815222e-10	-0.027709798620197706	-0.01814858093373864	0.0020919599883593687	-1.9087170078860404e-05	2.0	2210.0	1.0	26.0	1.6	4.6	1.26343	2.38892	2.34741	2.75024	2.39868	2.26196	29.3464	13.5629	18	758.579	656.555	22.0853	21.0418	30.0001	20.9031	20.8547	25.3301	29.2455	15.2687	-999.9	405	13.0705	100.961	101.291	
33	1750700996.5	6133.400000095367	20250623 10:49:56	10:49:56	15	1750700988.5	0.0026065400992526296	2.6065400992526295	9.705490859202138	396.93641935483873	345.1949578150555	35.05982496032547	40.314961351246104	0.34817467603996455	3.0	0.32718247662428807	0.20626955904114785	161.9238342072204	23.145105175661573	19.81358064516129	2.319660152929463	54.529743674130124	1.5258454485086796	2.798189292117593	0.7938147044207835	-114.94841837704097	494.8845083612905	33.6255094350024	575.4854336264724	9.705490859202138	2.6065400992526295	9.767210625589136	410.3826544350925	402.9656242424242	-0.0015894001446306678	66.95540062722752	2.645126196918061	13.146090880480418	15.075833333333335	0.005916512691315398	79.25406251185241	163.0	20.0	1	0	54317.0	1000.0468709677417	841.2395548257367	0.8412001269617215	0.16191624503612245	6.0	0.5	1: Needles	2.0	False	1750700988.5	396.93641935483873	404.99138709677413	15.023296774193549	13.097790322580645	394.8334193548387	14.919516129032257	800.0122580645161	101.46512903225806	0.10015796451612902	22.873409677419357	19.81358064516129	999.9000000000003	0.0	0.0	10002.959677419354	0.0	0.00152894	-8.066972903225805	402.97845161290326	410.36622580645167	1.9255125806451612	404.99138709677413	13.097790322580645	1.5243393548387099	1.3289683870967741	13.214474193548387	11.130406451612904	1000.0468709677417	0.9599972258064517	0.04000307096774194	0.0	2.8514516129032264	0.0	9737.410967741936	7947.274516129032	36.81835483870967	39.81229032258064	38.25580645161289	38.90496774193548	36.84848387096773	960.0412903225806	40.00612903225806	0.0	1750701013.4	0.0	1750701014.5	10:50:14	1750701014.5	1750700573	31	0.016	-0.007	2.103	0.082	405.0	14.0	0.29	0.06	-8.036720487804878	-0.49171400696863576	0.06239328516682223	0	1.9483609756097566	-0.3804257142857127	0.04169786768864678	0	0	2	0/2	3.44741	2.78106	0.0967204	0.0985497	0.0862098	0.0777233	27351.3	31060	29401.9	35032.4	31072.6	40131.4	36197.8	46400.8	2.29895	2.29575	-0.0540093	0	20.7281	999.9	56.3	25	17.6418	61.6973	26.4343	2	-0.483841	0	20.2947	5.214	11.968	4.99145	3.27198	2816.4	9999.0	9999.0	999.9	4.97256	1.86249	1.86425	1.86264	1.86274	1.86326	1.85978	1.86263	0.0	0.0	0.0	0.0	11111111	oooooooo	on	on	on	on	0.0	100.0	100.0	2.103	0.1055	2.3708277433713	-0.0010337305037507979	9.120241388950126e-07	-2.246115299815222e-10	-0.027709798620197706	-0.01814858093373864	0.0020919599883593687	-1.9087170078860404e-05	2.0	2210.0	1.0	26.0	2.0	7.1	1.26343	2.38892	2.34741	2.75269	2.39868	2.27905	29.3676	13.5541	18	608.346	657.73	22.0842	21.0552	30.0001	20.9314	20.8827	25.335	28.5148	14.1472	-999.9	405	13.2075	100.956	101.29	
34	1750701117.5	6254.400000095367	20250623 10:51:57	10:51:57	15	1750701109.5	0.0008172853395618717	0.8172853395618718	1.562005602025277	403.55493548387096	372.70347584342153	37.854307779728636	40.98779250519463	0.09898667706871267	3.0	0.09720735734298667	0.06091179910353796	161.91294976074707	23.79879158848192	20.23985806451613	2.3816957699097348	54.53207664342861	1.5442616132614053	2.8318408326147924	0.8374341566483294	-36.04228347467854	457.8777463741935	31.209914819433116	614.9583274796952	1.562005602025277	0.8172853395618718	1.3912279118468567	410.96527036169834	409.8325818181818	0.021404025898259887	66.95515607589849	0.8655181576968884	14.635386055079588	15.252152121212125	0.005505501155852842	79.25918544953853	225.0	28.0	1	0	54403.0	999.9772580645159	841.1811969677946	0.8412003274913715	0.16191663205834714	6.0	0.5	1: Needles	2.0	False	1750701109.5	403.55493548387096	404.973806451613	15.204390322580647	14.600745161290323	401.44493548387095	15.105390322580647	799.9988064516127	101.46696774193548	0.09985476774193547	23.07087741935484	20.23985806451613	999.9000000000003	0.0	0.0	10011.96193548387	0.0	0.00152894	-1.4250506451612908	409.7836129032258	410.9743870967742	0.6143483548387098	404.973806451613	14.600745161290323	1.5438270967741934	1.4814899999999998	13.409245161290322	12.778435483870966	999.9772580645159	0.9599874193548391	0.04001287096774194	0.0	1.7967741935483872	0.0	3937.465806451613	7946.693870967742	37.818225806451615	40.9776129032258	39.213419354838706	40.66916129032258	37.818290322580644	959.9670967741937	40.01	0.0	1750701134.6	0.0	1750701134.5	10:52:14	1750701133.5	1750701134.5	32	0.007	0.007	2.11	0.099	405.0	15.0	0.25	0.09	-1.4232968292682928	-0.06290592334495017	0.03223243423596377	1	0.6118057073170733	-0.015587163763064849	0.013979699766907498	1	2	2	2/2	3.44809	2.78079	0.0979699	0.0985557	0.0869426	0.0840967	27314.8	31059.5	29403.3	35031.9	31049	39852.6	36200	46400.2	2.18533	2.29985	-0.0304915	0	20.7901	999.9	55.9	25.1	17.6217	61.5073	26.3542	2	-0.484627	0	20.2949	5.21489	11.968	4.99155	3.272	2820.0	9999.0	9999.0	999.9	4.97257	1.86249	1.86426	1.86265	1.86271	1.86329	1.85979	1.86263	0.0	0.0	0.0	0.0	11111111	oooooooo	on	on	on	on	0.0	100.0	100.0	2.11	0.099	2.386301212585285	-0.0010337305037507979	9.120241388950126e-07	-2.246115299815222e-10	-0.027709798620197706	-0.01814858093373864	0.0020919599883593687	-1.9087170078860404e-05	2.0	2210.0	1.0	26.0	1.7	9.1	1.26465	2.38892	2.34863	2.75146	2.39868	2.23877	29.3464	13.5279	18	535.761	661.056	22.0893	21.0525	30	20.9353	20.8846	25.3679	21.2374	13.7629	-999.9	405	14.7001	100.961	101.289	
35	1750701214	6350.900000095367	20250623 10:53:34	10:53:34	15	1750701206.25	-0.00029701834336260497	-0.29701834336260496	-13.919339720009011	415.51583333333326	-539.9047865740787	-54.82842688534935	42.19647621978585	-0.023193518851875553	3.0	-0.023293601604783727	-0.014549473320917055	161.9112875305481	24.098193920636692	22.65774	2.76183606444765	52.711157914800964	1.4940727267503915	2.8344524875839716	1.2677633376972586	13.098508942290879	69.28392855999918	4.781167652567603	249.07489268540576	-13.919339720009011	-0.29701834336260496	-13.77727730217328	411.1192932346432	421.6611757575757	-0.014373013608745572	66.95628908294394	-0.31321025183017415	14.935951958240302	14.704466060606064	-6.786444501275598e-06	79.14476737476245	801.0	100.0	1	0	54475.0	999.9668333333332	841.1724410002838	0.8412003408115876	0.16191665776636405	6.0	0.5	1: Needles	2.0	False	1750701206.25	415.51583333333326	404.98103333333336	14.712386666666665	14.931929999999998	413.41003333333333	14.602386666666666	799.7924333333333	101.46736666666666	0.08466296666666666	23.086116666666662	22.65774	999.9000000000002	0.0	0.0	10002.739	0.0	0.00152894	10.534873333333332	421.7164	411.11969999999997	-0.2286631	404.98103333333336	14.931929999999998	1.4919013333333333	1.5151040000000002	12.885416666666664	13.121433333333334	999.9668333333332	0.9599891666666667	0.040010653333333326	0.0	0.2808333333333334	0.0	4431.958666666666	7946.616666666666	38.52479999999999	41.60813333333332	39.90806666666665	41.628933333333315	38.499799999999986	959.9560000000002	40.01	0.0	1750701231.2	0.0	1750701231	10:53:51	1750701133.5	1750701231	33	0.007	0.002	2.11	0.11	405.0	15.0	0.25	0.19	10.533262500000001	0.07481538461537043	0.03592202449403418	1	-0.227773775	-0.024774585365853644	0.00256616246063553	1	2	2	2/2	3.44811	2.76748	0.100121	0.0985654	0.0846075	0.0853547	27250.8	31060.4	29404.4	35033.2	31131.4	39799.3	36201.6	46402	0.284	2.3015	0.111751	0	20.8297	999.9	55.8	25.1	17.5911	61.6773	25.7612	2	-0.485346	0	20.2949	5.21714	11.968	4.9931	3.27198	2822.8	9999.0	9999.0	999.9	4.97256	1.86249	1.86428	1.86264	1.86271	1.86325	1.85978	1.86263	0.0	0.0	0.0	0.0	11111111	oooooooo	on	on	on	on	0.0	100.0	100.0	2.105	0.11	2.3930642113769607	-0.0010337305037507979	9.120241388950126e-07	-2.246115299815222e-10	-0.020736041017060114	-0.01814858093373864	0.0020919599883593687	-1.9087170078860404e-05	2.0	2210.0	1.0	26.0	1.3	1.3	1.26465	2.37793	2.34741	2.75024	2.39868	2.29248	29.3251	13.5191	18	-2.43058	662.294	22.0999	21.0453	29.9999	21.0872	20.8775	25.3742	19.7838	14.137	-999.9	405	14.8799	100.966	101.292	
36	1750701366	6502.900000095367	20250623 10:56:06	10:56:06	15	1750701358.0	0.0037087876037845443	3.708787603784544	12.144903166410721	394.7725806451612	329.4161151923854	33.45803567746523	40.09614125889655	0.3483595062215377	3.0	0.32734573498371045	0.20637337257961347	161.91474722360073	23.130096916488604	22.178125806451614	2.682470320523062	54.709203992885804	1.5557297566248227	2.8436344217823466	1.126740563898239	-163.5575333268984	155.50446843871018	10.707958369656959	164.56964070506945	12.144903166410721	3.708787603784544	12.26815730968088	410.1757910188359	400.8614363636362	-0.0011606056260479334	66.95833776982498	3.7157004240332703	12.58650671360963	15.330316969696964	6.175668792252695e-05	79.21155935401325	369.0	46.0	1	0	54398.0	999.9921612903227	841.1934145935421	0.8412000085161895	0.16191601643624567	6.0	0.5	1: Needles	2.0	False	1750701358.0	394.7725806451612	404.97938709677425	15.317170967741935	12.578177419354837	392.6584193548387	15.195625806451615	799.9973870967742	101.46780645161292	0.09988903870967741	23.139596774193553	22.178125806451614	999.9000000000003	0.0	0.0	10012.419032258062	0.0	0.00152894	-10.206732258064514	400.91351612903225	410.138129032258	2.73899129032258	404.97938709677425	12.578177419354837	1.55420064516129	1.2762816129032257	13.51205806451613	10.522390322580645	999.9921612903227	0.9600009677419352	0.039999438709677426	0.0	1.6446774193548388	0.0	10819.087096774194	7946.857741935483	36.08245161290323	38.19332258064515	37.48164516129031	37.27393548387095	36.21345161290322	959.9929032258066	40.0	0.0	1750701383	0.0	1750701231	10:53:51	1750701133.5	1750701231	33	0.007	0.002	2.11	0.11	405.0	15.0	0.25	0.19	-10.182621951219513	-0.5208355400696927	0.06159596721117823	0	2.751343902439024	-0.18608801393728192	0.023769915283312428	0	0	2	0/2	3.44695	2.78046	0.0963107	0.0985478	0.0872215	0.0753528	27365.8	31062.2	29404.1	35034.8	31040.5	40238.6	36201.4	46405	1.90115	2.2953	0.0837594	0	20.8073	999.9	55.9	25.1	17.6224	61.5073	26.6026	2	-0.485803	0	20.2924	5.2092	11.968	4.99075	3.27125	2827.8	9999.0	9999.0	999.9	4.9726	1.86249	1.86425	1.86264	1.86275	1.86327	1.85979	1.86264	0.0	0.0	0.0	0.0	11111111	oooooooo	on	on	on	on	0.0	100.0	100.0	2.114	0.122	2.3930642113769607	-0.0010337305037507979	9.120241388950126e-07	-2.246115299815222e-10	-0.018743032682617233	-0.01814858093373864	0.0020919599883593687	-1.9087170078860404e-05	2.0	2210.0	1.0	26.0	3.9	2.2	1.26343	2.38525	2.34863	2.75269	2.39868	2.28394	29.3251	13.4929	18	384.621	657.206	22.1433	21.04	30.0001	20.929	20.8705	25.3288	31.7047	14.497	-999.9	405	12.668	100.965	101.298	
37	1750701494.6	6631.5	20250623 10:58:14	10:58:14	15	1750701486.8499994	0.0008822624214447719	0.8822624214447718	4.982954555710219	400.98179999999996	279.7830727009391	28.41732254619905	40.727371515915266	0.07052603741529534	3.0	0.06961774358923127	0.043591721678607045	161.91581503285062	23.776312284131578	22.92076333333334	2.8062270297694023	54.63522677469705	1.5466279744792961	2.830825578627558	1.2595990552901062	-38.907772785714435	23.320174719999358	1.6112594194035212	147.93947638653907	4.982954555710219	0.8822624214447718	4.972539940787029	410.99488495530824	407.21140000000014	-0.0003292751544137823	66.95371905221367	0.9611174378459828	14.582311802950768	15.28612727272727	0.001472726974325406	79.2838872280487	50.0	6.0	1	0	54482.0	999.9984666666666	841.1987429600262	0.8412000328000765	0.1619160633041477	6.0	0.5	1: Needles	2.0	False	1750701486.8499994	400.98179999999996	404.9844000000001	15.227343333333334	14.575713333333333	398.87679999999995	15.128343333333333	799.9888666666667	101.4689	0.10022736666666668	23.064950000000003	22.92076333333334	999.9000000000002	0.0	0.0	9994.413	0.0	0.00152894	-3.996123	407.1971666666666	410.9747666666666	0.6720231333333332	404.9844000000001	14.575713333333333	1.5471709999999999	1.4789806666666663	13.44243	12.75257	999.9984666666666	0.9599970333333332	0.04000304666666667	0.0	0.8154999999999999	0.0	4402.778999999999	7946.890333333334	36.94976666666666	40.12263333333331	38.39976666666666	39.237199999999994	36.97889999999999	959.9966666666668	40.001	0.0	1750701511.4	0.0	1750701514.6	10:58:34	1750701511.6	1750701514.6	34	-0.005	-0.0	2.105	0.099	405.0	15.0	0.31	0.12	-3.9748765000000006	-0.25714243902438605	0.03094048040593423	0	0.6503243	0.3832939812382739	0.037543690468040035	0	0	2	0/2	3.44809	2.78103	0.0974899	0.0985729	0.0870493	0.0838843	27331	31062.2	29405.1	35035.5	31048	39866.8	36203.2	46405.9	2.4828	2.29955	0.124373	0	20.8993	999.9	55.5	25.2	17.6018	61.7164	26.2981	2	-0.486481	0	20.2944	5.21415	11.968	4.9911	3.27195	2831.8	9999.0	9999.0	999.9	4.97256	1.86249	1.86428	1.86266	1.86274	1.86327	1.85976	1.86264	0.0	0.0	0.0	0.0	11111111	oooooooo	on	on	on	on	0.0	100.0	100.0	2.105	0.099	2.3930642113769607	-0.0010337305037507979	9.120241388950126e-07	-2.246115299815222e-10	-0.018743032682617233	-0.01814858093373864	0.0020919599883593687	-1.9087170078860404e-05	2.0	2210.0	1.0	26.0	6.0	4.4	1.26465	2.39258	2.34863	2.75146	2.39868	2.25342	29.3251	13.4666	18	742.8	660.631	22.1492	21.0365	30.0001	20.9138	20.8709	25.366	21.4091	13.3764	-999.9	405	14.5582	100.969	101.3	
38	1750701620.1	6757.0	20250623 11:00:20	11:00:20	15	1750701612.3499994	0.0014612645944063222	1.4612645944063223	4.551522087197272	401.1101666666666	335.7461955104831	34.10233878233026	40.7414736953483	0.1270989894792699	3.0	0.12418154884961727	0.07787001086028753	161.91687506674177	23.702033454585607	22.39086	2.7174234123110845	54.41696518839295	1.5473035326883486	2.8434212149309386	1.170119879622736	-64.44176861331881	120.89712087999945	8.333841150489627	226.70606848391202	4.551522087197272	1.4612645944063223	4.430018353177309	410.7963927229557	407.416915151515	0.0027040706231815422	66.95699696313645	1.4538756425727388	14.210568256640311	15.273306666666658	0.0026950008235835875	79.23023352467345	315.0	39.0	1	0	54016.0	1000.0018666666668	841.2018670397626	0.8412002967992085	0.16191657282247246	6.0	0.5	1: Needles	2.0	False	1750701612.3499994	401.1101666666666	404.9633333333333	15.233596666666667	14.15436333333333	399.0491666666666	15.11503	800.0147333333333	101.47183333333334	0.09994689333333334	23.138356666666663	22.39086	999.9000000000002	0.0	0.0	10015.131333333335	0.0	0.00152894	-3.8074413333333337	407.3616	410.7777666666667	1.0792239999999997	404.9633333333333	14.15436333333333	1.5457796666666666	1.4362686666666669	13.428640000000001	12.305939999999998	1000.0018666666668	0.9599915333333335	0.04000879999999999	0.0	1.2618333333333327	0.0	5450.4276666666665	7946.903666666665	37.962266666666665	41.15806666666664	39.349799999999995	40.94566666666666	37.9706	959.9926666666668	40.01	0.0	1750701636.8	0.0	1750701637.6	11:00:37	1750701637.6	1750701514.6	35	-0.044	-0.0	2.061	0.099	405.0	15.0	0.45	0.12	-3.8234690000000002	0.2263127954971848	0.034062359196039255	0	1.1043470000000002	-0.48888697936210007	0.05000385956103789	0	0	2	0/2	3.44783	2.78119	0.0975315	0.0985627	0.0869954	0.0823892	27329.6	31061.6	29404.9	35034.5	31049.9	39931.2	36203.2	46404.9	2.01565	2.29935	0.0890493	0	20.9307	999.9	55.3	25.2	17.5353	61.7764	26.5345	2	-0.485739	0	20.2943	5.21564	11.968	4.99165	3.27198	2835.7	9999.0	9999.0	999.9	4.97258	1.86249	1.86426	1.86266	1.86269	1.86328	1.85978	1.86264	0.0	0.0	0.0	0.0	11111111	oooooooo	on	on	on	on	0.0	100.0	100.0	2.061	0.1198	2.388343416768291	-0.0010337305037507979	9.120241388950126e-07	-2.246115299815222e-10	-0.019148499582189213	-0.01814858093373864	0.0020919599883593687	-1.9087170078860404e-05	2.0	2210.0	1.0	26.0	1.8	1.8	1.26465	2.38892	2.34863	2.75269	2.39868	2.25342	29.3039	13.4403	18	440.644	660.512	22.1614	21.0418	30.0001	20.9293	20.874	25.3611	22.9485	13.5411	-999.9	405	14.3328	100.969	101.298	
39	1750702027.6	7164.5	20250623 11:07:07	11:07:07	15	1750702019.5999994	0.0017836836563866988	1.7836836563866987	7.597520994922359	398.77225806451617	309.6117561765248	31.448894142302034	40.505395162086515	0.1512100308829255	3.0	0.1470999832611525	0.09229745588000557	161.91290589318083	23.716554656368956	22.710590322580646	2.7707060597991444	54.72973502638793	1.5653281411187472	2.860105462531519	1.2053779186803972	-78.66044924665341	84.84096658064523	5.860728791407146	173.9541520185798	7.597520994922359	1.7836836563866987	7.571703058556684	410.759206855424	405.00210303030303	-0.0008123190035111841	66.95990893183001	1.7752584097662159	14.086853748992064	15.398475757575754	-0.0001697535873559674	79.1910916710396	5.0	1.0	1	0	54412.0	999.9835483870967	841.1859379356276	0.8411997770287337	0.161915569665456	6.0	0.5	1: Needles	2.0	False	1750702019.5999994	398.77225806451617	405.0038064516129	15.410525806451611	14.093390322580644	396.72025806451614	15.286435483870969	800.007064516129	101.47529032258062	0.09996809354838711	23.23515483870968	22.710590322580646	999.9000000000003	0.0	0.0	10003.487096774195	0.0	0.00152894	-6.219839032258064	405.02541935483873	410.7932258064516	1.3171283870967743	405.0038064516129	14.093390322580644	1.5637867741935483	1.4301306451612905	13.606509677419355	12.240925806451614	999.9835483870967	0.9600075806451613	0.039992258064516145	0.0	-0.19725806451612896	0.0	8466.315161290322	7946.815161290324	37.54416129032258	40.64293548387096	38.903032258064506	40.26183870967741	37.56022580645161	959.992258064516	39.991935483870975	0.0	1750702044.2	0.0	1750702048.1	11:07:28	1750702048.1	1750701514.6	36	-0.009	-0.0	2.052	0.099	405.0	15.0	0.52	0.12	-6.2103892682926825	-0.06793693379789754	0.036235422864875036	1	1.3204973170731709	-0.05938222996515538	0.006312299656087725	1	2	2	2/2	3.44786	2.78054	0.0971005	0.0985673	0.0875143	0.0817786	27344.6	31063.2	29406.9	35036.4	31034.8	39961.2	36206.6	46408.9	2.54798	2.29953	0.09574	0	21.1496	999.9	55.8	25.2	17.6951	61.6964	26.3261	2	-0.488979	0	20.2943	5.21519	11.968	4.9916	3.27195	2848.7	9999.0	9999.0	999.9	4.97258	1.86252	1.86432	1.86279	1.86279	1.86337	1.85989	1.86264	0.0	0.0	0.0	0.0	11111111	oooooooo	on	on	on	on	0.0	100.0	100.0	2.052	0.1237	2.344155654495535	-0.0010337305037507979	9.120241388950126e-07	-2.246115299815222e-10	-0.019148499582189213	-0.01814858093373864	0.0020919599883593687	-1.9087170078860404e-05	2.0	2210.0	1.0	26.0	6.5	8.6	1.26465	2.38403	2.34863	2.75146	2.39868	2.26196	29.3676	13.344	18	795.684	660.255	22.2539	21.0008	30	20.8855	20.8442	25.3576	25.4893	21.4962	-999.9	405	14.1852	100.977	101.305	
40	1750702157.1	7294.0	20250623 11:09:17	11:09:17	15	1750702149.0999994	0.003651138909147574	3.651138909147574	10.763673611881128	395.79748387096765	331.8332408890634	33.706633756720386	40.203931332877644	0.3176448987765395	3.0	0.3000729969163892	0.18904333848886978	161.91535893811385	23.328869151948926	22.648970967741942	2.7603667427080856	53.92765588955945	1.5506552197328531	2.87543597835682	1.2097115229752324	-161.015225893408	109.12223574193497	7.539085700028664	117.56145448666949	10.763673611881128	3.651138909147574	10.752833120380071	410.1475444196251	401.9918545454545	-0.0033702318586925576	66.95779162201333	3.757518689169495	12.638261049771065	15.404926666666661	0.0019789269436780938	79.21808020207192	583.0	73.0	1	0	54197.0	999.9929354838708	841.1943178452535	0.8412002605180618	0.16191650279985947	6.0	0.5	1: Needles	2.0	False	1750702149.0999994	395.79748387096765	404.95409677419354	15.265806451612903	12.56924838709677	393.7794838709677	15.243806451612903	799.9979032258062	101.47687096774192	0.10015509032258066	23.323664516129035	22.648970967741942	999.9000000000003	0.0	0.0	9992.193225806452	0.0	0.00152894	-9.118908064516129	402.01274193548386	410.10877419354836	2.797257419354838	404.95409677419354	12.56924838709677	1.5593458064516128	1.2754887096774192	13.562809677419354	10.512958064516127	999.9929354838708	0.9599927741935482	0.040007335483870955	0.0	0.8948387096774192	0.0	13039.661290322578	7946.836774193548	38.52196774193547	41.580387096774196	39.86070967741935	41.669129032258056	38.505838709677406	959.984193548387	40.00838709677419	0.0	1750702173.8	0.0	1750702185.6	11:09:45	1750702181.1	1750702185.6	37	-0.033	-0.025	2.018	0.022	405.0	13.0	0.24	0.03	-9.08588975	-0.6505228142589062	0.0729799919665486	0	2.83432625	-0.7037712945590994	0.07162476089619775	0	0	2	0/2	3.44706	2.78069	0.0965406	0.0985601	0.0875462	0.0755075	27361.4	31063.3	29406.8	35036.2	31033.6	40235.5	36206.6	46409.3	1.34993	2.29562	0.100002	0	21.0111	999.9	55.7	25.2	17.6621	62.1664	26.6186	2	-0.488509	0	20.2941	5.21355	11.968	4.9915	3.27168	2852.6	9999.0	9999.0	999.9	4.9726	1.86257	1.86432	1.86278	1.86279	1.8634	1.85987	1.86264	0.0	0.0	0.0	0.0	11111111	oooooooo	on	on	on	on	0.0	100.0	100.0	2.018	0.022	2.3349940164193805	-0.0010337305037507979	9.120241388950126e-07	-2.246115299815222e-10	-0.019148499582189213	-0.01814858093373864	0.0020919599883593687	-1.9087170078860404e-05	2.0	2210.0	1.0	26.0	1.8	10.7	1.26343	2.39258	2.34863	2.75391	2.39868	2.26562	29.3889	13.3002	18	186.868	657.071	22.2567	21.0061	30	20.9261	20.8406	25.3296	31.6387	20.3105	-999.9	405	12.7912	100.977	101.305	
41	1750702288.6	7425.5	20250623 11:11:28	11:11:28	15	1750702280.5999994	0.001425726337862502	1.425726337862502	3.673882404657361	401.8045806451612	343.0916664363418	34.85150142662983	40.81560202564548	0.11670594745199532	3.0	0.11424113995774653	0.07161782991935446	161.91514112235262	23.919332121529866	22.952399999999997	2.811608238106022	54.56739755893092	1.5712323587201897	2.8794342941191444	1.2403758793858324	-62.87453149973634	63.76937442580668	4.413015885363856	167.2229999337868	3.673882404657361	1.425726337862502	3.659344435291237	410.90086678125556	408.0923696969697	0.006936789287064202	66.95414299479698	1.4578840208281159	14.424357874217067	15.498011515151518	0.0006847751955197302	79.27918109848133	40.0	5.0	1	0	54376.0	999.9986129032258	841.1985045293821	0.8411996713547327	0.1619153657146341	6.0	0.5	1: Needles	2.0	False	1750702280.5999994	401.8045806451612	404.98958064516125	15.467819354838712	14.415083870967743	399.7355806451612	15.366470967741938	800.0149032258066	101.48083870967741	0.09988981290322578	23.34668064516129	22.952399999999997	999.9000000000003	0.0	0.0	10003.931290322582	0.0	0.00152894	-3.2342287096774194	408.0673225806452	410.9129999999999	1.0527477419354838	404.98958064516125	14.415083870967743	1.5696870967741936	1.4628545161290323	13.664387096774195	12.585335483870967	999.9986129032258	0.96001264516129	0.0399874193548387	0.0	0.495	0.0	5905.8712903225805	7946.949677419355	36.384870967741925	38.41706451612903	37.70541935483871	37.79212903225805	36.527967741935484	960.0106451612904	39.98903225806452	0.0	1750702305.2	0.0	1750702305.6	11:11:45	1750702305.6	1750702185.6	38	0.05	-0.025	2.069	0.022	405.0	13.0	0.34	0.03	-3.2278080000000005	-0.018383414634150132	0.03416157491978378	1	1.0430485749999998	0.2391573771106929	0.02358093264895126	0	1	2	1/2	3.44787	2.78087	0.0976674	0.0985734	0.0880289	0.0832287	27324.6	31060.7	29404	35034	31014.2	39895.5	36203.3	46406.1	2.4967	2.29883	0.111688	0	21.1273	999.9	55.8	25.2	17.6924	61.5164	26.3902	2	-0.485168	0	20.2927	5.21459	11.968	4.99165	3.27198	2856.7	9999.0	9999.0	999.9	4.97255	1.86254	1.86432	1.86278	1.86279	1.8634	1.85984	1.86264	0.0	0.0	0.0	0.0	11111111	oooooooo	on	on	on	on	0.0	100.0	100.0	2.069	0.1023	2.3016247808650445	-0.0010337305037507979	9.120241388950126e-07	-2.246115299815222e-10	-0.04448062196925105	-0.01814858093373864	0.0020919599883593687	-1.9087170078860404e-05	2.0	2210.0	1.0	26.0	1.8	1.7	1.26465	2.38525	2.34741	2.75269	2.39868	2.27783	29.4314	13.2564	18	753.991	660.117	22.2983	21.0508	30.0001	20.9191	20.8762	25.3626	23.4067	20.3818	-999.9	405	14.488	100.968	101.298	
42	1750702430.6	7567.5	20250623 11:13:50	11:13:50	15	1750702422.5999994	0.0032517003716237775	3.2517003716237776	3.1501859062959845	401.63496774193555	374.4319893295499	38.03655312933402	40.79995893638475	0.27059565147717496	3.0	0.25773047672374266	0.1621864505338257	161.91659647173546	23.306137677604454	22.89521935483871	2.8018887281187244	54.23036647787114	1.5476668210330131	2.853874907270898	1.2542219070857112	-143.3999863886086	49.14270100645158	3.3972828625299845	71.05659395210841	3.1501859062959845	3.2517003716237776	3.0918501082791368	410.2665165775306	407.91735151515167	1.9872383559877377e-05	66.954702158143	3.2209926035413305	12.896060760330867	15.269619393939394	0.0013136596081215932	79.26937699199364	12.0	1.0	1	0	54255.0	1000.0059032258064	841.2047795992612	0.841199813806812	0.16191564064714714	6.0	0.5	1: Needles	2.0	False	1750702422.5999994	401.63496774193555	404.97719354838716	15.235238709677422	12.833554838709677	399.60896774193554	15.141177419354841	799.9787096774193	101.48470967741936	0.09996848387096777	23.19906451612903	22.89521935483871	999.9000000000003	0.0	0.0	9998.180645161292	0.0	0.00152894	-3.2981700000000003	407.89332258064513	410.2419354838711	2.4016816129032263	404.97719354838716	12.833554838709677	1.5461412903225806	1.302408064516129	13.43225483870968	10.826577419354837	1000.0059032258064	0.9600049999999998	0.0399946	0.0	0.9006451612903226	0.0	8614.563225806452	7946.97741935484	37.05222580645161	40.13474193548385	38.415096774193536	39.45741935483869	37.11061290322579	960.0080645161289	39.99387096774194	0.0	1750702447.4	0.0	1750702451.6	11:14:11	1750702451.6	1750702185.6	39	-0.043	-0.025	2.026	0.022	405.0	13.0	0.52	0.03	-3.2952736585365856	0.005220836236929268	0.023303771468667696	1	2.4219251219512197	-0.41306780487804345	0.04137957650598174	0	1	2	1/2	3.44728	2.78034	0.0976271	0.0985404	0.087089	0.0767451	27321.9	31057.8	29400	35029.8	31042.2	40173.8	36197.7	46400.3	2.53713	2.2925	0.109717	0	21.1082	999.9	55.8	25.2	17.693	61.8364	26.3742	2	-0.479004	0	20.2939	5.2113	11.9682	4.9904	3.2712	2860.9	9999.0	9999.0	999.9	4.97261	1.8625	1.86432	1.86279	1.86279	1.86339	1.85986	1.86267	0.0	0.0	0.0	0.0	11111111	oooooooo	on	on	on	on	0.0	100.0	100.0	2.026	0.0952	2.351717741436694	-0.0010337305037507979	9.120241388950126e-07	-2.246115299815222e-10	-0.04448062196925105	-0.01814858093373864	0.0020919599883593687	-1.9087170078860404e-05	2.0	2210.0	1.0	26.0	2.1	4.1	1.26343	2.38647	2.34863	2.75269	2.39868	2.25952	29.4527	13.2039	18	788.191	655.95	22.2868	21.1325	30.0002	20.9903	20.9453	25.3302	30.3009	19.1993	-999.9	405	13.0897	100.953	101.286	
43	1750702575.6	7712.5	20250623 11:16:15	11:16:15	15	1750702567.5999994	0.008175627610623341	8.17562761062334	10.505856794542424	394.68754838709685	366.83648198090054	37.26452848249479	40.09373688553359	0.8919031711149733	3.0	0.7667407546670252	0.4889875683872322	161.919030389781	22.028392593292587	21.75184838709677	2.613613511028265	54.477945647527	1.552658028573202	2.8500671420668446	1.060955482455063	-360.54517762848934	230.4941474322589	15.840464561824282	47.70846475537485	10.505856794542424	8.17562761062334	10.652828243668347	408.7685658785974	400.75438181818146	-0.014448218577937096	66.95560146974286	8.16115536201057	9.310700356616403	15.327836969696966	0.0023931238837968977	79.24847081499585	426.0	53.0	1	0	54397.0	1000.0138387096774	841.2120502838578	0.841200409155615	0.16191678967033685	6.0	0.5	1: Needles	2.0	False	1750702567.5999994	394.68754838709685	404.9868064516127	15.284551612903226	9.246697096774195	392.65732258064503	15.188951612903228	800.0192903225806	101.48341935483873	0.10006623870967742	23.17697419354839	21.75184838709677	999.9000000000003	0.0	0.0	10008.245806451614	0.0	0.00152894	-10.299238709677418	400.81380645161295	408.7665161290322	6.037854516129034	404.9868064516127	9.246697096774195	1.5511270967741937	0.9383852580645162	13.481641935483873	5.993056451612905	1000.0138387096774	0.9599863225806454	0.040013822580645154	0.0	1.724193548387097	0.0	9583.31741935484	7946.977096774194	38.21748387096774	41.29809677419353	39.53609677419354	41.26990322580643	38.231612903225795	959.999677419355	40.0141935483871	0.0	1750702592.6	0.0	1750702451.6	11:14:11	1750702451.6	1750702185.6	39	-0.043	-0.025	2.026	0.022	405.0	13.0	0.52	0.03	-10.278110000000002	-0.34711069418382806	0.04950154947069831	0	6.08128575	-0.6816061913696072	0.07220703701466709	0	0	2	0/2	3.4453	2.78077	0.0962881	0.0984944	0.0873135	0.0599766	27359.6	31058.6	29397.3	35029.5	31032.1	40906.7	36195	46400.1	1.7653	2.28258	0.0339262	0	21.2069	999.9	55.6	25.3	17.7352	61.3164	26.6867	2	-0.475109	0	20.2946	5.21639	11.968	4.9918	3.27198	2865.5	9999.0	9999.0	999.9	4.97258	1.86255	1.86432	1.86277	1.86279	1.8634	1.85986	1.86264	0.0	0.0	0.0	0.0	11111111	oooooooo	on	on	on	on	0.0	100.0	100.0	2.03	0.0971	2.3090831664689455	-0.0010337305037507979	9.120241388950126e-07	-2.246115299815222e-10	-0.04448062196925105	-0.01814858093373864	0.0020919599883593687	-1.9087170078860404e-05	2.0	2210.0	1.0	26.0	2.1	6.5	1.25977	2.38281	2.34863	2.75024	2.39868	2.27295	29.4739	13.1426	18	326.449	648.746	22.3306	21.1997	30.0002	21.0684	21	25.2545	46.2438	15.2092	-999.9	405	9.38701	100.944	101.285	
44	1750702796.1	7933.0	20250623 11:19:56	11:19:56	15	1750702788.3499994	0.0017112666035650817	1.7112666035650816	4.727099898928508	400.81179999999995	357.58377801495357	36.32238147826191	40.71336563813587	0.20544810312391415	3.0	0.19793955014203737	0.12436396958580269	161.90995786791456	23.80605278651281	20.325	2.394259040813707	53.37189372125922	1.5330595827034752	2.8724099442865056	0.8611994581102318	-75.46685721722011	482.1716761599997	32.919572767224984	601.5343495779191	4.727099898928508	1.7112666035650816	4.712289633724946	410.6613370199066	407.0646848484848	0.003783142653324517	66.9562175224151	1.9417136973971387	13.967520897136081	15.306355757575751	0.02331972881022724	79.24128307582461	91.0	11.0	1	0	54344.0	999.9681999999999	841.17278704037	0.8411995371856527	0.1619151067683098	6.0	0.5	1: Needles	2.0	False	1750702788.3499994	400.81179999999995	404.8713666666666	15.092546666666665	13.828523333333331	398.75179999999995	15.009546666666665	800.0355	101.47726666666667	0.09999637333333332	23.306226666666664	20.325	999.9000000000002	0.0	0.0	10008.122000000001	0.0	0.00152894	-4.091931	406.92376666666667	410.54866666666675	1.270924	404.8713666666666	13.828523333333331	1.53225	1.403281	13.293106666666667	11.952536666666667	999.9681999999999	0.9600158999999998	0.039984340000000014	0.0	2.584833333333333	0.0	5471.873666666666	7946.714000000002	36.10806666666666	38.52059999999999	37.47893333333332	37.53726666666666	36.28726666666667	959.9856666666668	39.983333333333334	0.0	1750702812.8	0.0	1750702820.1	11:20:20	1750702820.1	1750702814.1	40	0.034	0.024	2.06	0.083	405.0	14.0	0.11	0.06	-4.079759756097562	-0.27516376306621115	0.056971599235520046	0	1.2989165853658535	-0.27795846689895454	0.06938518586563393	0	0	2	0/2	3.4477	2.7806	0.0974379	0.0985101	0.0872305	0.0814286	27323.2	31055.2	29395.6	35026.3	31033.1	39965.1	36192.7	46395.3	2.41507	2.29287	-0.0592321	0	21.386	999.9	55.4	25.3	17.6716	61.5364	26.2981	2	-0.471819	0	20.2944	5.21654	11.968	4.9917	3.27192	2872.1	9999.0	9999.0	999.9	4.97258	1.86261	1.86434	1.86279	1.86279	1.8634	1.85989	1.86264	0.0	0.0	0.0	0.0	11111111	oooooooo	on	on	on	on	0.0	100.0	100.0	2.06	0.083	2.3090831664689455	-0.0010337305037507979	9.120241388950126e-07	-2.246115299815222e-10	-0.04448062196925105	-0.01814858093373864	0.0020919599883593687	-1.9087170078860404e-05	2.0	2210.0	1.0	26.0	5.7	10.2	1.26343	2.38159	2.34741	2.75269	2.39868	2.25952	29.623	13.0463	18	693.259	657.878	22.3981	21.2549	30.0001	21.116	21.0682	25.3396	25.0475	13.8893	-999.9	405	14.1233	100.938	101.275	
45	1750702986.6	8123.5	20250623 11:23:06	11:23:06	15	1750702978.8499994	0.007250731663462182	7.250731663462182	6.561782325744644	397.86126666666667	382.3164625255426	38.83455559656663	40.41355001566228	1.1388507392904088	3.0	0.9428714140721641	0.6040739994268356	161.91124672956957	22.340663884002588	19.756136666666666	2.3114096347597948	53.96321715820205	1.5451055443666588	2.86325691041905	0.766304090393136	-319.7572663586822	565.6306868800004	38.495962455520925	446.2806297064087	6.561782325744644	7.250731663462182	6.679561895862032	409.018555948453	403.9617151515149	-0.0007702800017350362	66.95575192034096	7.168455820120682	9.989788743106134	15.256456969696961	0.0067675130224728475	79.24759981449775	1.0	0.0	1	0	54195.0	999.9738333333333	841.177720999777	0.8411997323927746	0.16191548351805496	6.0	0.5	1: Needles	2.0	False	1750702978.8499994	397.86126666666667	404.9461333333335	15.211176666666669	9.85589166666667	395.75826666666666	15.094279999999998	800.0066666666667	101.47723333333332	0.09975694333333335	23.253383333333336	19.756136666666666	999.9000000000002	0.0	0.0	10006.064333333334	0.0	0.00152894	-7.124742999999999	403.96616666666665	408.97696666666667	5.3552789999999995	404.9461333333335	9.85589166666667	1.543586333333333	1.000148	13.406853333333338	6.917894666666667	999.9738333333333	0.9600091666666668	0.039990653333333334	0.0	2.7596666666666665	0.0	6599.495666666667	7946.735333333332	37.84349999999999	41.01229999999998	39.2101	40.710166666666645	37.870566666666654	959.9830000000001	39.99	0.0	1750703003.6	0.0	1750703010.1	11:23:30	1750703010.1	1750702814.1	41	0.043	0.024	2.103	0.083	405.0	14.0	0.26	0.06	-7.101437250000001	-0.31837767354595703	0.04677910772917224	0	5.37851675	-0.714829305816144	0.07392782309075187	0	0	2	0/2	3.4459	2.78104	0.0968473	0.0984594	0.0868834	0.0633877	27336.6	31056	29391	35025.7	31039.4	40753.2	36185.8	46395.1	2.5489	2.28095	-0.0877939	0	21.2597	999.9	55	25.4	17.6484	61.6164	26.4904	2	-0.468674	0	20.2944	5.2131	11.9683	4.9915	3.272	2877.9	9999.0	9999.0	999.9	4.97259	1.86263	1.86435	1.86279	1.86279	1.8634	1.85989	1.86268	0.0	0.0	0.0	0.0	11111111	oooooooo	on	on	on	on	0.0	100.0	100.0	2.103	0.1183	2.343252600273415	-0.0010337305037507979	9.120241388950126e-07	-2.246115299815222e-10	-0.020159021489708454	-0.01814858093373864	0.0020919599883593687	-1.9087170078860404e-05	2.0	2210.0	1.0	26.0	2.8	2.9	1.25977	2.39746	2.34863	2.75024	2.39868	2.24365	29.7083	12.9675	18	800.724	648.998	22.4333	21.3018	30.0003	21.1623	21.1183	25.258	42.4444	8.56549	-999.9	405	10.1994	100.921	101.274	
46	1750703100.5	8237.400000095367	20250623 11:25:00	11:25:00	15	1750703092.532258	0.0027213780597545533	2.7213780597545534	10.025059765419684	396.6148387096774	330.6792119449542	33.590312395325945	40.28803702089856	0.27907030129009247	3.0	0.26540852861576636	0.16705203760243176	161.91331664785628	23.522836963020033	21.485787096774192	2.5714251720567525	54.080500023412924	1.5510074733819612	2.8679606747542787	1.0204176986747913	-120.0127724351758	290.2790772387104	19.93273750502222	352.1123589564131	10.025059765419684	2.7213780597545534	9.916850583058459	410.4448611504103	402.9041878787877	0.0009172040702262432	66.95284036783285	2.8304023109895766	13.363615998341757	15.391215151515155	0.015317527514621707	79.29016430783302	33.0	4.0	1	0	54347.0	999.9806129032258	841.1839277032182	0.8412002361336025	0.161916455737853	6.0	0.5	1: Needles	2.0	False	1750703092.532258	396.6148387096774	404.94306451612897	15.268864516129034	13.259012903225804	394.6428387096774	15.150187096774191	800.0070322580644	101.47993548387095	0.09981668064516129	23.280558064516132	21.485787096774192	999.9000000000003	0.0	0.0	10009.137419354842	0.0	0.00152894	-8.194047741935483	402.901	410.38451612903225	2.00984870967742	404.94306451612897	13.259012903225804	1.5494838709677419	1.3455235483870969	13.46522258064516	11.316996774193553	999.9806129032258	0.9599924193548384	0.040007251612903236	0.0	2.281451612903226	0.0	9165.090322580647	7946.737096774192	38.71748387096774	41.83848387096774	40.01799999999999	41.89687096774191	38.70941935483871	959.9735483870967	40.00709677419355	0.0	1750703117.6	0.0	1750703123.5	11:25:23	1750703123.5	1750702814.1	42	-0.131	0.024	1.972	0.083	405.0	14.0	0.15	0.06	-8.104603170731707	-1.359348306393972	0.1467709434498735	0	2.003802682926829	0.09964763875508145	0.016184002945454794	1	1	2	1/2	3.44756	2.78086	0.0966264	0.098487	0.0874497	0.0787634	27343.5	31051.2	29391.4	35021.3	31021.6	40075.9	36187.9	46388.7	2.50182	2.28717	0.046134	0	21.2588	999.9	54.7	25.4	17.5518	61.7364	26.262	2	-0.464009	0	20.2944	5.21564	11.968	4.99175	3.272	2881.4	9999.0	9999.0	999.9	4.97259	1.86261	1.86435	1.86279	1.86279	1.8634	1.85989	1.86265	0.0	0.0	0.0	0.0	11111111	oooooooo	on	on	on	on	0.0	100.0	100.0	1.972	0.1227	2.3860844199647464	-0.0010337305037507979	9.120241388950126e-07	-2.246115299815222e-10	-0.020159021489708454	-0.01814858093373864	0.0020919599883593687	-1.9087170078860404e-05	2.0	2210.0	1.0	26.0	1.5	4.8	1.26221	2.38159	2.34741	2.75269	2.39868	2.26685	29.751	12.915	18	762.523	654.73	22.4401	21.3574	30.0004	21.22	21.1765	25.3225	27.2862	7.50896	-999.9	405	13.4223	100.924	101.261	
47	1750703209.5	8346.400000095367	20250623 11:26:49	11:26:49	15	1750703201.5	0.0022803391860311633	2.2803391860311635	8.664462282670607	397.7815161290324	315.3983595724701	32.03880175176352	40.40744902113437	0.18958937464002382	3.0	0.18317579910248938	0.1150430341278437	161.9138020206307	23.822872424907942	22.969193548387093	2.814468386718674	54.37522843736119	1.5772187687964268	2.9006200325454095	1.2372496179222474	-100.5629581039743	80.70261189677394	5.588756509415217	147.64221232284558	8.664462282670607	2.2803391860311635	8.870567993158657	410.6723450536214	403.92594545454546	3.606015040963957e-05	66.95246893579662	2.309289783760813	13.905645049576059	15.578587878787873	0.007852230461214589	79.30783785504448	0	0.0	1	0	54336.0	999.9927741935484	841.1933890061767	0.841199467350715	0.1619149719868799	6.0	0.5	1: Needles	2.0	False	1750703201.5	397.7815161290324	404.96012903225807	15.526554838709677	13.842864516129033	395.6985161290324	15.399790322580644	800.0046129032258	101.48216129032258	0.0998564322580645	23.46817096774193	22.969193548387093	999.9000000000003	0.0	0.0	9999.900322580646	0.0	0.00152894	-7.287036129032257	403.94496774193544	410.64461290322583	1.6837029032258062	404.96012903225807	13.842864516129033	1.5756690322580642	1.4048032258064516	13.72288064516129	11.969509677419355	999.9927741935484	0.9600159032258069	0.039983716129032267	0.0	1.1403225806451616	0.0	7943.101290322582	7946.913225806453	36.413064516129026	38.46348387096773	37.725612903225795	37.77593548387095	36.544161290322585	960.0103225806454	39.98193548387097	0.0	1750703226.2	0.0	1750703231.5	11:27:11	1750703231.5	1750702814.1	43	0.111	0.024	2.083	0.083	405.0	14.0	0.18	0.06	-7.270044000000001	-0.20891549718571678	0.03372944016730786	0	1.7079295	-0.3834216135084447	0.04077709804228351	0	0	2	0/2	3.4477	2.78061	0.0968196	0.0984805	0.0882	0.0811412	27335.4	31049.8	29389.1	35019.7	30993.4	39970.1	36185.1	46386.3	2.55083	2.28885	0.1017	0	21.2759	999.9	54.6	25.5	17.6224	61.4264	26.23	2	-0.460783	0	20.2921	5.2113	11.968	4.9906	3.2713	2884.5	9999.0	9999.0	999.9	4.97258	1.86263	1.86433	1.86279	1.86279	1.8634	1.85989	1.86265	0.0	0.0	0.0	0.0	11111111	oooooooo	on	on	on	on	0.0	100.0	100.0	2.083	0.1286	2.2548375936864744	-0.0010337305037507979	9.120241388950126e-07	-2.246115299815222e-10	-0.020159021489708454	-0.01814858093373864	0.0020919599883593687	-1.9087170078860404e-05	2.0	2210.0	1.0	26.0	1.4	6.6	1.26343	2.3877	2.34741	2.75024	2.39868	2.26196	29.7724	12.8537	18	803.948	656.677	22.4714	21.4043	30.0001	21.2656	21.2223	25.3347	25.0187	7.13231	-999.9	405	14.0245	100.917	101.256	
48	1750703331.5	8468.400000095367	20250623 11:28:51	11:28:51	15	1750703323.5	0.0008752437763866099	0.8752437763866099	-64.8073739664206	453.30351612903223	1887.6623197070282	191.6879392255908	46.03197083680445	0.07195972280314122	3.0	0.0710143921304729	0.0444678945867938	161.91283292392242	24.149135557732084	22.55133870967742	2.7440538160485923	52.46095540974054	1.518758920979475	2.895027185680045	1.2252948950691174	-38.598250538649495	143.10975181935447	9.887985092472956	276.3123192971003	-64.8073739664206	0.8752437763866099	-64.88519176519804	410.85979766320145	460.2383333333335	-0.0017807677076637875	66.95316897438951	0.9082945750628115	14.313252471639126	14.984216363636358	1.8965666643077186e-05	79.18451140538092	801.0	100.0	1	0	54277.0	999.9859999999999	841.1877567481463	0.8411995335416159	0.16191509973531873	6.0	0.5	1: Needles	2.0	False	1750703323.5	453.30351612903223	404.9935483870967	14.9561	14.309458064516129	451.2385483870968	14.870099999999999	799.9668709677419	101.48780645161288	0.05998481612903226	23.436174193548386	22.55133870967742	999.9000000000003	0.0	0.0	10003.293548387095	0.0	0.00152894	48.30998064516129	460.1972258064516	410.8728387096775	0.6704210967741936	404.9935483870967	14.309458064516129	1.520276129032258	1.452236129032258	13.173632258064517	12.474335483870968	999.9859999999999	0.9600147419354842	0.03998492903225805	0.0	1.6169354838709675	0.0	6553.703870967742	7946.86193548387	36.838483870967735	39.929225806451605	38.24367741935482	39.04609677419353	36.92716129032258	960.0016129032258	39.983870967741936	0.0	1750703348.6	0.0	1750703352	11:29:12	1750703231.5	1750703352	44	0.111	-0.004	2.083	0.086	405.0	14.0	0.18	0.15	48.289165	0.358158348968028	0.03932819948840779	0	0.6700712249999999	0.004135688555346415	0.0006753848712956225	1	1	2	1/2	3.44789	2.74166	0.106839	0.0984668	0.085691	0.0826723	27028.7	31046.5	29385.1	35015.8	31075.9	39898.8	36179.6	46380.9	0.28	2.28855	0.06143	0	21.5563	999.9	54.6	25.5	17.6225	61.6464	23.766	2	-0.453958	0	20.2949	5.21504	11.9686	4.9928	3.272	2888.4	9999.0	9999.0	999.9	4.97256	1.86261	1.86435	1.86279	1.86279	1.8634	1.85987	1.86267	0.0	0.0	0.0	0.0	11111111	oooooooo	on	on	on	on	0.0	100.0	100.0	2.064	0.086	2.3663093956497008	-0.0010337305037507979	9.120241388950126e-07	-2.246115299815222e-10	-0.020159021489708454	-0.01814858093373864	0.0020919599883593687	-1.9087170078860404e-05	2.0	2210.0	1.0	26.0	1.7	8.6	1.26343	2.39502	2.34741	2.75024	2.39868	2.25098	29.8364	12.8011	18	-2.8977	657.495	22.5585	21.4918	30.0004	21.5292	21.3027	25.3423	23.8656	7.30506	-999.9	405	14.2816	100.902	101.245	
49	1750703504.5	8641.400000095367	20250623 11:31:44	11:31:44	15	1750703496.75	0.004940125878486924	4.940125878486924	4.688595547448391	399.94126666666665	380.83206419024884	38.69000369183241	40.631371512140824	0.6069946102769044	3.0	0.5461143350125948	0.34628105616201305	161.92158988038577	23.128053044239646	20.84242666666667	2.4718648898181845	54.220357077103664	1.5711424515504975	2.897698459116132	0.900722438267687	-217.85955124127335	421.97515431999915	28.9068117841595	394.9440047432711	4.688595547448391	4.940125878486924	4.611108043947131	409.80369873566275	406.3040303030303	2.8216018977752982e-05	66.95704110275446	4.945916289566346	11.886380779573342	15.512651515151505	0.006256617160637645	79.22731679873407	0	0.0	1	0	54287.0	1000.0349000000001	841.2293262799927	0.8411999684010955	0.16191593901411416	6.0	0.5	1: Needles	2.0	False	1750703496.75	399.94126666666665	404.93936666666656	15.465013333333332	11.817339999999998	397.91726666666665	15.344243333333333	800.0267000000001	101.49326666666667	0.10007940333333333	23.451463333333333	20.84242666666667	999.9000000000002	0.0	0.0	10000.436666666668	0.0	0.00152894	-4.936921666666666	406.28566666666666	409.7819333333333	3.647691	404.93936666666656	11.817339999999998	1.5695949999999999	1.1993783333333334	13.663476666666668	9.593618999999999	1000.0349000000001	0.9599980333333334	0.040002023333333345	0.0	1.1158333333333332	0.0	5912.556	7947.187000000001	38.268533333333316	41.541366666666654	39.591433333333335	41.499699999999976	38.351833333333325	960.0343333333334	40.00033333333333	0.0	1750703521.4	0.0	1750703527.5	11:32:07	1750703527.5	1750703352	45	-0.059	-0.004	2.024	0.086	405.0	14.0	0.64	0.15	-4.948238	0.31270874296436546	0.035879784921317485	0	3.6926259999999997	-0.7466411257035785	0.07437349036451092	0	0	2	0/2	3.44679	2.78057	0.0971926	0.0984081	0.0879051	0.0722552	27312.2	31041.7	29377.1	35009	30990.4	40346	36169.2	46372	2.54815	2.2778	-0.0497885	0	21.7103	999.9	54.5	25.6	17.6947	61.6264	26.3301	2	-0.44125	0	20.2944	5.21474	11.9695	4.99175	3.272	2893.6	9999.0	9999.0	999.9	4.97258	1.86263	1.86436	1.86279	1.86279	1.8634	1.85989	1.86266	0.0	0.0	0.0	0.0	11111111	oooooooo	on	on	on	on	0.0	100.0	100.0	2.024	0.1224	2.3663093956497008	-0.0010337305037507979	9.120241388950126e-07	-2.246115299815222e-10	-0.024338438772097043	-0.01814858093373864	0.0020919599883593687	-1.9087170078860404e-05	2.0	2210.0	1.0	26.0	4.5	2.5	1.26099	2.39746	2.34863	2.74902	2.39868	2.26074	29.9433	12.7048	18	805.269	650.82	22.642	21.6567	30.0004	21.4992	21.4512	25.2958	34.9536	5.62805	-999.9	405	12.016	100.874	101.225	
50	1750703625	8761.900000095367	20250623 11:33:45	11:33:45	15	1750703617.25	0.011708680800908021	11.708680800908022	4.158868800426065	398.40613333333334	388.0163162234806	39.421141020804285	40.47671118201361	1.7085230996678316	3.0	1.3042137238579639	0.8434078700365761	161.9129059111131	21.48701480887393	21.066816666666668	2.5061989500322808	55.36753477274716	1.612595862938324	2.9125296431512258	0.8936030870939569	-516.3528233200437	399.3763221600001	27.401648564503525	72.338053315573	4.158868800426065	11.708680800908022	4.503325435748243	407.963127221662	404.56227272727284	-0.0003507670371579079	66.95169320560925	11.570611264634884	7.21259171598528	15.785445454545448	-0.007838377900183227	79.26710947276054	196.0	25.0	1	0	54248.0	999.9768666666666	841.180877839955	0.841200337607765	0.1619166515829864	6.0	0.5	1: Needles	2.0	False	1750703617.25	398.40613333333334	405.02383333333336	15.872536666666663	7.230488333333333	396.18213333333335	15.738726666666668	800.0071666666668	101.49653333333335	0.10007323333333333	23.536126666666668	21.066816666666668	999.9000000000002	0.0	0.0	9997.335666666668	0.0	0.00152894	-6.815030333333334	404.6313	407.97363333333334	8.642050333333334	405.02383333333336	7.230488333333333	1.6110066666666667	0.7338688333333334	14.06437	2.488601333333333	999.9768666666666	0.9599870666666666	0.04001320333333333	0.0	1.5156666666666667	0.0	7766.237	7946.679	37.13306666666666	39.33306666666666	38.45399999999999	38.862266666666656	37.224733333333326	959.9666666666667	40.01033333333333	0.0	1750703642	0.0	1750703642	11:34:02	1750703642	1750703352	46	0.2	-0.004	2.224	0.086	405.0	14.0	0.16	0.15	-6.7972302439024395	-0.3976346341463532	0.0512809619258265	0	8.67545024390244	-0.7068347038327447	0.07045046855381941	0	0	2	0/2	3.44439	2.78099	0.0968456	0.0983601	0.0889565	0.0489622	27320.8	31042.2	29375.3	35008.4	30952	41363.9	36166.7	46371.6	2.22792	2.26632	-0.0381172	0	21.6556	999.9	54.3	25.7	17.7329	61.4664	26.6587	2	-0.43689	0	20.2928	5.2128	11.9694	4.99155	3.272	2897.4	9999.0	9999.0	999.9	4.97259	1.86261	1.86436	1.86279	1.8628	1.8634	1.85989	1.86274	0.0	0.0	0.0	0.0	11111111	oooooooo	on	on	on	on	0.0	100.0	100.0	2.224	0.1309	2.3070382873381954	-0.0010337305037507979	9.120241388950126e-07	-2.246115299815222e-10	-0.024338438772097043	-0.01814858093373864	0.0020919599883593687	-1.9087170078860404e-05	2.0	2210.0	1.0	26.0	1.6	4.5	1.25732	2.3877	2.34863	2.75146	2.39868	2.25952	29.9861	12.6348	18	568.928	642.632	22.7197	21.7266	30.0004	21.5802	21.5231	25.2049	55.8055	1.29903	-999.9	405	7.23778	100.867	101.224	
51	1750703772.5	8909.400000095367	20250623 11:36:12	11:36:12	15	1750703764.75	0.0008246020937164123	0.8246020937164122	3.977482693917879	401.7695	299.31002479361416	30.41118709358445	40.821510877962936	0.06733674596335563	3.0	0.06650822303172374	0.04164122944536835	161.90891743846223	24.438625506474455	23.135209999999994	2.8428802835568905	54.71828438548485	1.6107486288697401	2.9437118633365347	1.2321316546871504	-36.36495233289378	93.43434808000023	6.483914387824166	225.46222757339285	3.977482693917879	0.8246020937164122	3.645725021586075	411.2613924858492	408.4824484848484	0.0006797577696915685	66.94781272886989	0.8906595893309242	15.222373004141973	15.879161212121216	0.00014581463107694745	79.39656912262842	308.0	38.0	1	0	54298.0	999.955733333333	841.1628068800319	0.84120004400198	0.16191608492382156	6.0	0.5	1: Needles	2.0	False	1750703764.75	401.7695	405.0010666666667	15.853153333333333	15.244510000000002	399.7215	15.723153333333332	800.0050333333335	101.50423333333336	0.10007181666666669	23.71290666666666	23.135209999999994	999.9000000000002	0.0	0.0	10007.45366666667	0.0	0.00152894	-3.0546189999999998	408.42263333333324	411.27069999999986	0.6119241333333334	405.0010666666667	15.244510000000002	1.609495333333333	1.5473813333333333	14.049993333333333	13.444556666666665	999.955733333333	0.9599985333333332	0.04000116333333333	0.0	0.9433333333333334	0.0	10073.655333333332	7946.560333333333	36.74136666666666	39.82893333333332	38.141433333333325	38.91226666666667	36.866299999999995	959.9553333333332	39.99966666666667	0.0	1750703789.6	0.0	1750703795.5	11:36:35	1750703795.5	1750703789.5	47	-0.176	0.016	2.048	0.13	405.0	15.0	0.28	0.07	-3.1023465	0.782178011257036	0.07778486017696505	0	0.506645085	1.651437651782364	0.17951724688720516	0	0	2	0/2	3.44843	2.78095	0.0974975	0.098414	0.0893388	0.086417	27296.4	31033.9	29370.7	35001.1	30933.9	39718.6	36160.7	46360.8	2.01942	2.2805	0.0785738	0	21.8099	999.9	54.2	25.8	17.8041	61.4964	26.234	2	-0.428336	0	20.2942	5.21564	11.9695	4.9917	3.272	2901.9	9999.0	9999.0	999.9	4.97259	1.86264	1.86437	1.86279	1.8628	1.8634	1.85989	1.86269	0.0	0.0	0.0	0.0	11111111	oooooooo	on	on	on	on	0.0	100.0	100.0	2.048	0.13	2.506798049417367	-0.0010337305037507979	9.120241388950126e-07	-2.246115299815222e-10	-0.024338438772097043	-0.01814858093373864	0.0020919599883593687	-1.9087170078860404e-05	2.0	2210.0	1.0	26.0	2.2	7.0	1.26465	2.38647	2.34741	2.75146	2.39868	2.27173	30.0504	12.5385	18	448.814	655.466	22.7962	21.8453	30.0003	21.7019	21.6421	25.3601	18.8665	0.9395	-999.9	405	15.1537	100.851	101.201	
52	1750703887.5	9024.400000095367	20250623 11:38:07	11:38:07	15	1750703879.5	0.002015814986770436	2.0158149867704362	8.579354594291503	397.96900000000005	305.6152406201696	31.05164178169484	40.43512621668566	0.16512514008851356	3.0	0.16023699654847925	0.10057524983296869	161.91327610377033	24.174905829930598	23.254170967741935	2.863393149653317	54.675289445434316	1.6133564358673516	2.9507963327335904	1.2500367137859656	-88.89744091657623	80.65304763870935	5.601451036048125	159.2703338619516	8.579354594291503	2.0158149867704362	8.716484173465068	410.93837350321496	404.30101818181805	0.0014061547763365308	66.95498762563163	1.957705257950416	14.388553393113703	15.841089090909094	-0.0018610181513694336	79.25922843048427	68.0	9.0	1	0	53909.0	999.9852580645161	841.1874245030399	0.8411998254165953	0.1619156630540289	6.0	0.5	1: Needles	2.0	False	1750703879.5	397.96900000000005	405.00487096774185	15.878912903225807	14.391125806451615	395.84900000000005	15.729216129032258	800.0362580645165	101.50370967741935	0.09999869354838709	23.75284193548387	23.254170967741935	999.9000000000003	0.0	0.0	10014.19387096774	0.0	0.00152894	-7.104764516129032	404.32038709677425	410.91854838709673	1.4877970967741934	405.00487096774185	14.391125806451615	1.61177	1.4607535483870968	14.071761290322579	12.563438709677419	999.9852580645161	0.9600058064516127	0.039993935483870965	0.0	1.8546774193548383	0.0	12198.254838709674	7946.823548387097	37.75580645161289	41.0320322580645	39.13887096774192	40.64083870967741	37.83041935483871	959.9906451612903	39.99354838709677	0.0	1750703904.2	0.0	1750703904.5	11:38:24	1750703904.5	1750703789.5	48	0.072	0.016	2.12	0.13	405.0	15.0	0.24	0.07	-7.094620000000001	-0.3633137979094121	0.04348696434901706	0	1.5172229268292683	-0.5310501742160296	0.05472169789673894	0	0	2	0/2	3.44785	2.78074	0.0967667	0.0983997	0.0891123	0.0829208	27319.4	31036.4	29371.7	35003.4	30942.7	39873.8	36161.8	46363.9	2.4409	2.28095	0.089705	0	21.8343	999.9	54.1	25.8	17.7724	61.9064	26.1298	2	-0.429466	0	20.2945	5.2119	11.9707	4.9913	3.272	2905.4	9999.0	9999.0	999.9	4.97256	1.86263	1.86436	1.86279	1.86279	1.8634	1.85989	1.86266	0.0	0.0	0.0	0.0	11111111	oooooooo	on	on	on	on	0.0	100.0	100.0	2.12	0.1484	2.331465598926425	-0.0010337305037507979	9.120241388950126e-07	-2.246115299815222e-10	-0.008124939539729842	-0.01814858093373864	0.0020919599883593687	-1.9087170078860404e-05	2.0	2210.0	1.0	26.0	1.5	1.6	1.26343	2.39624	2.34863	2.75146	2.39868	2.24976	30.0932	12.4597	18	720.908	656.041	22.829	21.8504	30.0002	21.7041	21.6585	25.3451	24.1069	1.29325	-999.9	405	14.494	100.854	101.208	
53	1750704021	9157.900000095367	20250623 11:40:21	11:40:21	15	1750704013.25	0.0029534473432184087	2.9534473432184085	10.150899447605783	396.4977	320.95050174870255	32.61158662216359	40.28789180445924	0.24668095771365858	3.0	0.23594079140035212	0.1483889866172372	161.93200568407795	24.209230257029308	23.34410666666667	2.87898690636873	54.516590369066876	1.6353205859893691	2.9996750987517045	1.243666320379361	-130.24702783593182	110.304491119999	7.6748689139568205	149.66433788210196	10.150899447605783	2.9534473432184085	10.266195026188086	410.69958628476985	402.90761212121197	-0.004768902481246309	66.95510016011595	2.9364490702038695	13.97616171476494	16.12063454545454	0.005498837226248552	79.25587443966721	311.0	39.0	1	0	54408.0	1000.0993333333333	841.2835188000403	0.8411999596040529	0.1619159220358224	6.0	0.5	1: Needles	2.0	False	1750704013.25	396.4977	404.9892333333334	16.094186666666666	13.914729999999999	394.3527	15.937456666666664	799.9922333333332	101.50913333333332	0.10026264666666668	24.026109999999996	23.34410666666667	999.9000000000002	0.0	0.0	10002.684000000001	0.0	0.00152894	-8.513267333333333	402.96129999999994	410.70406666666673	2.179453333333333	404.9892333333334	13.914729999999999	1.6337070000000002	1.412471666666667	14.280460000000001	12.052119999999999	1000.0993333333333	0.9600019333333335	0.03999810666666667	0.0	0.259	0.0	9413.303999999998	7947.710666666666	38.67893333333333	41.72059999999998	40.02066666666666	41.66639999999999	38.64559999999999	960.0976666666666	40.00266666666666	0.0	1750704038	0.0	1750704038	11:40:38	1750704038	1750703789.5	49	0.026	0.016	2.145	0.13	405.0	15.0	0.14	0.07	-8.499536	-0.191855909943685	0.030948398650010894	0	2.21348475	-0.6426057410881812	0.06325704608925002	0	0	2	0/2	3.44804	2.78115	0.0964528	0.0983645	0.0902348	0.0812301	27322.3	31031.1	29364.9	34996.6	30897	39939.6	36153.6	46354.5	2.01128	2.27667	0.0765808	0	22.1103	999.9	54.1	25.9	17.8771	61.6764	26.27	2	-0.420089	0	20.2924	5.21489	11.9697	4.99185	3.272	2909.6	9999.0	9999.0	999.9	4.97251	1.86259	1.86439	1.86279	1.86281	1.8634	1.85989	1.86268	0.0	0.0	0.0	0.0	11111111	oooooooo	on	on	on	on	0.0	100.0	100.0	2.145	0.1578	2.40280055955049	-0.0010337305037507979	9.120241388950126e-07	-2.246115299815222e-10	-0.008124939539729842	-0.01814858093373864	0.0020919599883593687	-1.9087170078860404e-05	2.0	2210.0	1.0	26.0	1.9	3.9	1.26343	2.38525	2.34741	2.74902	2.39868	2.27051	30.2005	12.3721	18	445.469	653.991	22.9748	21.9562	30.0006	21.8194	21.765	25.3382	26.0774	1.15531	-999.9	405	14.0806	100.831	101.188	
54	1750704134	9270.900000095367	20250623 11:42:14	11:42:14	15	1750704126.0	0.0021863077885185306	2.1863077885185307	4.663881998394227	400.8395483870968	347.9809651941255	35.35408999208449	40.724404158596094	0.17042606380918418	3.0	0.16522436142714245	0.10371935318246991	161.9169118862826	24.531365467613018	23.825164516129032	2.9636642293870583	54.58278679985368	1.6498098050163856	3.0225825791306216	1.3138544243706727	-96.4161734736672	52.99723509677415	3.6988302800243096	122.19680378941386	4.663881998394227	2.1863077885185307	4.5002500102369565	411.0206390301335	407.5751636363637	0.005887682420735276	66.95411552082311	2.229753707148034	14.66489319792608	16.28629272727272	0.005817639674955598	79.23346609357732	317.0	40.0	1	0	54109.0	1000.0052258064517	841.2044300129493	0.8412000340643842	0.16191606574426162	6.0	0.5	1: Needles	2.0	False	1750704126.0	400.8395483870968	404.99467741935484	16.23864193548387	14.62555806451613	398.7605483870968	16.07713548387097	800.0099032258065	101.4976129032258	0.10015688387096773	24.15284193548387	23.825164516129032	999.9000000000003	0.0	0.0	10006.690967741935	0.0	0.00152894	-4.0871458064516135	407.52512903225806	411.0058064516129	1.6130867741935486	404.99467741935484	14.62555806451613	1.6481838709677419	1.484459677419355	14.416803225806452	12.809012903225808	1000.0052258064517	0.9599970000000003	0.0400026	0.0	0.23129032258064516	0.0	7850.721290322581	7946.9477419354835	36.146967741935484	38.4614193548387	37.51390322580645	37.517967741935486	36.34651612903226	960.0025806451612	40.001290322580644	0.0	1750704150.8	0.0	1750704150.5	11:42:30	1750704150.5	1750703789.5	50	-0.066	0.016	2.079	0.13	405.0	15.0	0.31	0.07	-4.07966275	-0.08477572232645107	0.025762377606453543	1	1.5986090000000002	0.2242509568480303	0.028198119423110478	0	1	2	1/2	3.44822	2.78113	0.0972436	0.0983385	0.0908529	0.0840837	27290.4	31023.1	29356.8	34987.3	30866.5	39803.8	36142.5	46341.1	1.99603	2.27367	0.0910759	0	22.3665	999.9	54.2	26	18.0182	61.4764	26.2139	2	-0.406809	0	20.2925	5.2122	11.9691	4.99165	3.272	2912.9	9999.0	9999.0	999.9	4.97254	1.86263	1.86436	1.86279	1.86284	1.8634	1.85989	1.86274	0.0	0.0	0.0	0.0	11111111	oooooooo	on	on	on	on	0.0	100.0	100.0	2.079	0.1632	2.42834400861369	-0.0010337305037507979	9.120241388950126e-07	-2.246115299815222e-10	-0.008124939539729842	-0.01814858093373864	0.0020919599883593687	-1.9087170078860404e-05	2.0	2210.0	1.0	26.0	1.6	5.7	1.26343	2.3877	2.34741	2.74902	2.39868	2.28882	30.3509	12.2845	18	438.722	653.5	23.1332	22.1248	30.0006	21.972	21.9131	25.3433	23.3664	0.939226	-999.9	405	14.7114	100.801	101.159	
55	1750704242.5	9379.400000095367	20250623 11:44:02	11:44:02	15	1750704234.5	0.00170815845649327	1.7081584564932701	8.79278353521108	397.88477419354837	273.9281106332207	27.830818938193055	40.424690562960926	0.12326050476164663	3.0	0.12051457007162147	0.07556322263265436	161.9190576936861	24.822810642875655	24.431616129032257	3.0735114530039374	54.595219659270434	1.6670561939379263	3.0534838111139555	1.406455259066011	-75.32978793135321	-17.652180077419068	-1.23683179905651	67.70025788585733	8.79278353521108	1.7081584564932701	8.719369747390726	411.22957587984513	404.5898727272727	-0.00012716858532836617	66.95246806758166	1.7663535799673131	15.157657817269063	16.454326060606054	0.0015496032667152223	79.30425095422446	318.0	40.0	1	0	54145.0	1000.0191612903226	841.2160952516174	0.8411999767746431	0.16191595517506113	6.0	0.5	1: Needles	2.0	False	1750704234.5	397.88477419354837	404.989129032258	16.408196774193552	15.148093548387097	395.80777419354837	16.24101935483871	799.9966774193549	101.4986774193548	0.10031099354838711	24.322474193548388	24.431616129032257	999.9000000000003	0.0	0.0	9995.929032258065	0.0	0.00152894	-7.098797741935483	404.5278387096774	411.21825806451614	1.2600903225806455	404.989129032258	15.148093548387097	1.6654090322580644	1.5375122580645162	14.577677419354835	13.346393548387095	1000.0191612903226	0.9600012258064514	0.03999841612903226	0.0	2.642741935483871	0.0	9144.578387096773	7947.070322580645	36.46954838709676	39.80016129032257	37.931290322580644	38.693258064516115	36.69335483870967	960.0193548387097	40.0	0.0	1750704259.4	0.0	1750704259.5	11:44:19	1750704259.5	1750703789.5	51	-0.002	0.016	2.077	0.13	405.0	15.0	0.27	0.07	-7.102420499999999	0.16998686679176986	0.033586415553762225	0	1.24094875	0.37420851782363795	0.03842932592353787	0	0	2	0/2	3.44809	2.78157	0.0966568	0.098299	0.0914753	0.0860515	27300.5	31016.3	29349.2	34978.8	30836.8	39708.2	36132.6	46329.2	1.99093	2.27122	0.117648	0	22.531	999.9	54.2	26.1	18.1259	61.5664	26.258	2	-0.393283	0	20.2941	5.21385	11.9704	4.99135	3.272	2916.5	9999.0	9999.0	999.9	4.97258	1.86264	1.86445	1.86281	1.86286	1.8634	1.85989	1.86277	0.0	0.0	0.0	0.0	11111111	oooooooo	on	on	on	on	0.0	100.0	100.0	2.077	0.1687	2.3626222243665604	-0.0010337305037507979	9.120241388950126e-07	-2.246115299815222e-10	-0.008124939539729842	-0.01814858093373864	0.0020919599883593687	-1.9087170078860404e-05	2.0	2210.0	1.0	26.0	1.5	7.5	1.26343	2.38892	2.34863	2.75024	2.39868	2.25464	30.48	12.2057	18	437.397	653.61	23.2815	22.305	30.0007	22.1379	22.0742	25.3541	21.6526	0.731699	-999.9	405	15.1706	100.774	101.134	
56	1750704419	9555.900000095367	20250623 11:46:59	11:46:59	15	1750704411.25	0.00509391928995666	5.09391928995666	10.493668063386652	395.58133333333325	343.17673431477164	34.864484378687486	40.1884447208772	0.4017925509249984	3.0	0.3741126970158124	0.23614826333668282	161.91475940555966	24.125402051052973	24.084306666666667	3.010175542308541	53.78520700457722	1.6586653346126432	3.083869017128609	1.3515102076958978	-224.64184068708872	65.26209336000012	4.568512276966132	7.103524355437216	10.493668063386652	5.09391928995666	10.35593168759188	410.1924224038749	402.24170303030274	0.02478832163227174	66.95393617621635	5.261587178254114	12.65886716199673	16.509999999999994	0.007336938554863151	79.27316133929708	544.0	68.0	1	0	54162.0	999.9886000000001	841.1907239199792	0.8412003136035542	0.16191660525485954	6.0	0.5	1: Needles	2.0	False	1750704411.25	395.58133333333325	404.9626666666667	16.326509999999995	12.568530000000003	393.48433333333327	16.298509999999997	800.0180999999999	101.4933	0.10008000666666665	24.487816666666667	24.084306666666667	999.9000000000002	0.0	0.0	10001.923	0.0	0.00152894	-9.397332666666667	402.1883999999999	410.1172333333333	3.899127333333333	404.9626666666667	12.568530000000003	1.6713566666666666	1.275621333333333	14.632906666666665	10.514413333333334	999.9886000000001	0.959988066666667	0.04001191000000001	0.0	0.9013333333333334	0.0	8693.036666666667	7946.780333333331	38.187266666666666	41.87059999999998	39.616399999999985	41.57479999999999	38.37053333333332	959.9786666666665	40.01	0.0	1750704435.8	0.0	1750704450	11:47:30	1750704438.5	1750704450	52	0.02	-0.033	2.097	0.028	405.0	13.0	0.14	0.02	-9.39449375	-0.1059022514071187	0.028734432975743577	0	3.947099	-0.9068449530956959	0.08821029188252352	0	0	2	0/2	3.44727	2.7808	0.0961446	0.0981977	0.0916369	0.0754745	27304.1	31008.9	29337.3	34967.9	30818.5	40157.1	36117	46314.9	1.45465	2.25907	0.0990182	0	22.4748	999.9	54.3	26.2	18.2686	61.8364	26.2099	2	-0.373791	0	20.2941	5.21489	11.973	4.99135	3.272	2922.0	9999.0	9999.0	999.9	4.97258	1.86264	1.86447	1.86284	1.86293	1.86341	1.85989	1.86278	0.0	0.0	0.0	0.0	11111111	oooooooo	on	on	on	on	0.0	100.0	100.0	2.097	0.028	2.3602134359752904	-0.0010337305037507979	9.120241388950126e-07	-2.246115299815222e-10	-0.008124939539729842	-0.01814858093373864	0.0020919599883593687	-1.9087170078860404e-05	2.0	2210.0	1.0	26.0	2.7	10.5	1.26221	2.39624	2.34741	2.7478	2.39868	2.27417	30.7172	12.0656	18	221.552	647.156	23.5007	22.5765	30.0005	22.4284	22.3301	25.3031	33.6129	0	-999.9	405	12.7962	100.732	101.103	
57	1750704532.5	9669.400000095367	20250623 11:48:52	11:48:52	15	1750704524.75	0.003075460834219703	3.075460834219703	13.380939133991879	394.0093666666666	300.72132255561667	30.55221975020851	40.02995415070425	0.25792489425715354	3.0	0.24620831437910842	0.1548885260077735	161.91495467764074	24.81556330295961	23.64214	2.931194466236795	54.2596370827699	1.6909916850753848	3.1164817458986613	1.2402027811614103	-135.62782278908892	165.22356727999994	11.550565440029049	203.0612646085808	13.380939133991879	3.075460834219703	13.27602363166855	410.8776504782675	400.75583030303034	0.0058016153732465695	66.95160109427407	3.178951288342222	14.415724214051947	16.728512121212116	0.007742719761481937	79.31143225507094	145.0	18.0	1	0	54237.0	999.9925999999999	841.1938543200209	0.8412000792006071	0.1619161528571719	6.0	0.5	1: Needles	2.0	False	1750704524.75	394.0093666666666	404.9535333333333	16.6442	14.376069999999997	391.90806666666674	16.50103333333333	800.0261666666665	101.49646666666666	0.09998645666666667	24.663703333333334	23.64214	999.9000000000002	0.0	0.0	9997.294666666667	0.0	0.00152894	-10.94414	400.6784333333334	410.86003333333326	2.2681333333333336	404.9535333333333	14.376069999999997	1.689326	1.4591196666666668	14.798593333333333	12.546313333333332	999.9925999999999	0.9599960333333333	0.04000375	0.0	1.2591666666666663	0.0	11235.676666666668	7946.843000000002	36.495599999999996	38.98103333333333	37.85189999999999	38.21429999999999	36.72886666666667	959.9899999999999	40.00233333333333	0.0	1750704549.2	0.0	1750704450	11:47:30	1750704438.5	1750704450	52	0.02	-0.033	2.097	0.028	405.0	13.0	0.14	0.02	-10.93370243902439	-0.06419163763066027	0.03226479231793455	1	2.242252682926829	0.4552718466898938	0.04651799012207024	0	1	2	1/2	3.44801	2.78031	0.0958204	0.09817	0.0926043	0.0829933	27306.7	31002.7	29330.2	34960.6	30777.5	39820.4	36107.7	46304.1	2.30205	2.25905	0.0633895	0	22.7189	999.9	54.3	26.3	18.3758	61.3964	25.9936	2	-0.361209	0	20.2918	5.20905	11.9733	4.99015	3.27125	2925.1	9999.0	9999.0	999.9	4.97258	1.86264	1.86447	1.86293	1.86293	1.86346	1.85992	1.86279	0.0	0.0	0.0	0.0	11111111	oooooooo	on	on	on	on	0.0	100.0	100.0	2.101	0.1461	2.379870134558136	-0.0010337305037507979	9.120241388950126e-07	-2.246115299815222e-10	-0.04122372306864884	-0.01814858093373864	0.0020919599883593687	-1.9087170078860404e-05	2.0	2210.0	1.0	26.0	1.6	1.4	1.26343	2.3938	2.34863	2.7478	2.39868	2.26074	30.8686	11.9693	18	629.374	649.375	23.68	22.7522	30.0007	22.5642	22.5067	25.3387	26.0593	0	-999.9	405	14.5403	100.707	101.08	
58	1750704647	9783.900000095367	20250623 11:50:47	11:50:47	15	1750704639.25	0.0025177792861308555	2.5177792861308554	4.600087769508096	400.7629	350.68944779554414	35.629824979110815	40.71725589372672	0.18232610565853788	3.0	0.17638624741553963	0.11075895715677428	161.91103032769556	25.073782084526435	24.703979999999998	3.1239920814268736	54.43350235987463	1.7082266885316713	3.138189928030208	1.4157653928952023	-111.03406651837072	12.277379760000061	0.8634072063095389	64.01775077563444	4.600087769508096	2.5177792861308554	4.467471426853983	411.14725800055396	407.67686060606064	0.0201308614727818	66.95037580231894	2.508214854555755	15.012599061395148	16.840945454545444	0.005185238414526476	79.34410776651599	225.0	28.0	1	0	54054.0	999.9636666666667	841.1699095998423	0.8412004732170358	0.1619169133088791	6.0	0.5	1: Needles	2.0	False	1750704639.25	400.7629	404.9696	16.813360000000003	14.956836666666668	398.6829	16.66441	800.0266666666665	101.49919999999996	0.10016434666666665	24.779889999999998	24.703979999999998	999.9000000000002	0.0	0.0	10001.059333333333	0.0	0.00152894	-4.188390666666667	407.6349666666667	411.1186	1.856520333333333	404.9696	14.956836666666668	1.7065416666666664	1.518106	14.95606	13.151679999999997	999.9636666666667	0.9599836999999999	0.04001605	0.0	0.6313333333333334	0.0	5664.404333333333	7946.566333333334	36.028933333333335	39.29553333333332	37.45399999999999	38.1956	36.382999999999996	959.9496666666666	40.01433333333333	0.0	1750704663.8	0.0	1750704664.5	11:51:04	1750704664.5	1750704450	53	-0.017	-0.033	2.08	0.028	405.0	13.0	0.32	0.02	-4.206669249999999	0.2394329831144529	0.032337917711836375	0	1.88926725	-0.6392452908067568	0.06341553591145864	0	0	2	0/2	3.44842	2.78067	0.097043	0.0981357	0.0929957	0.0853298	27262.4	30996.6	29322.8	34953.2	30756.3	39709.6	36098.1	46293.2	2.15595	2.25675	0.101358	0	23.0521	999.9	54.4	26.5	18.6262	61.6564	25.9455	2	-0.347909	0	20.2938	5.2137	11.9736	4.9912	3.272	2928.8	9999.0	9999.0	999.9	4.97255	1.86265	1.86447	1.86294	1.86295	1.86346	1.85994	1.86279	0.0	0.0	0.0	0.0	11111111	oooooooo	on	on	on	on	0.0	100.0	100.0	2.08	0.1499	2.379870134558136	-0.0010337305037507979	9.120241388950126e-07	-2.246115299815222e-10	-0.04122372306864884	-0.01814858093373864	0.0020919599883593687	-1.9087170078860404e-05	2.0	2210.0	1.0	26.0	3.5	3.3	1.26465	2.39746	2.34863	2.7478	2.39868	2.26929	31.0636	11.8818	18	535.719	649.818	23.8665	22.936	30.0006	22.7488	22.687	25.3498	24.2688	0	-999.9	405	15.0933	100.681	101.058	
