[Header]
File opened	2025-06-25 09:48:17
Console s/n	68C-373361
Console ver	Bluestem v.2.1.11
Scripts ver	2023.02  2.1.11, Jun 2023
Head s/n	68H-413349
Head ver	1.4.23
Head cal	{"oxygen": "21", "co2azero": "0.969074", "co2aspan1": "1.00145", "co2aspan2": "-0.0293323", "co2aspan2a": "0.301932", "co2aspan2b": "0.299696", "co2aspanconc1": "2514", "co2aspanconc2": "296", "co2bzero": "1.01429", "co2bspan1": "1.00098", "co2bspan2": "-0.0286123", "co2bspan2a": "0.301091", "co2bspan2b": "0.298791", "co2bspanconc1": "2514", "co2bspanconc2": "296", "h2oazero": "1.06321", "h2oaspan1": "1.00793", "h2oaspan2": "0", "h2oaspan2a": "0.0675942", "h2oaspan2b": "0.0681305", "h2oaspanconc1": "11.66", "h2oaspanconc2": "0", "h2obzero": "1.06542", "h2obspan1": "1.00196", "h2obspan2": "0", "h2obspan2a": "0.0672478", "h2obspan2b": "0.0673797", "h2obspanconc1": "11.66", "h2obspanconc2": "0", "tazero": "0.100885", "tbzero": "0.175728", "flowmeterzero": "2.47802", "flowazero": "0.30464", "flowbzero": "0.31984", "chamberpressurezero": "2.62921", "ssa_ref": "32489.3", "ssb_ref": "40198.1"}
Factory cal date	02 May 2024
CO2 rangematch	Tue May  7 10:16
H2O rangematch	Tue May  7 10:10
Chamber type	6800-01A
Chamber s/n	MPF-742800
Chamber rev	0
Chamber cal	0
Fluorometer	MPF-742800
Flr. Version	1.4.23
09:48:17	Stability Definition:	ΔCO2 (Meas2): Slp<0.1 Per=20	ΔH2O (Meas2): Slp<0.1 Per=20
SysConst:AvgTime	4
SysConst:Oxygen	21.0
ChambConst:Chamber	6800-01A
ChambConst:Aperture	6 cm²
ChambConst:blc_a	0.578
ChambConst:blc_b	0.5229739
ChambConst:blc_c	0.003740252
ChambConst:blc_d	-0.06197961
ChambConst:blc_e	-0.005608586
ChambConst:blc_minS	1
ChambConst:blc_maxS	6
ChambConst:blc_Po	96.9
LTConst:deltaTw	0
LTConst:fT1	1
LTConst:fT2	0
LTConst:fTeb	0
LQConst:Leaf	standard
LQConst:Ambient	Sun+Sky
LQConst:abs_ambient	0.8
LQConst:abs_redLED	0.84
LQConst:abs_greenLED	0.7
LQConst:abs_blueLED	0.87
LQConst:abs_whiteLED	0.75
LQConst:abs_redFlr	0.84
LQConst:abs_blueFlr	0.87
LQConst:k_ambient	0.1911
LQConst:k_redLED	0.1512
LQConst:k_greenLED	0.161
LQConst:k_blueLED	0.2262
LQConst:k_whiteLED	0.1575
LQConst:k_redFlr	0.1596
LQConst:k_blueFlr	0.2175
QConst:fQ_Amb_in	0.0
QConst:fQ_Amb_out	0.0
QConst:fQ_HeadLS	0.0
QConst:fQ_ConsoleLS	0.0
QConst:fQ_Flr	1.0
LeakConst:fan_a	-6276.0
LeakConst:fan_b	6.6
LeakConst:fan_c	1.709e-05
LeakConst:fan_d	3.11
LeakConst:Fs_meas	-0.359934 192.116 343.738 559.172 829.429 1034.01 1216.05 1362.1
LeakConst:Fs_true	0.318002 221.088 385.957 587.927 811.066 1001.59 1201.91 1400.63
LeakConst:leak_wt	0
[Data]
SysObs	SysObs	SysObs	SysObs	SysObs	SysObs	GasEx	GasEx	GasEx	GasEx	GasEx	GasEx	GasEx	GasEx	GasEx	GasEx	GasEx	GasEx	GasEx	GasEx	GasEx	GasEx	GasEx	GasEx	GasEx	GasEx	GasEx	GasEx	GasEx	GasEx	GasEx	GasEx	Dynamic	Dynamic	Dynamic	Dynamic	Dynamic	Dynamic	Dynamic	Dynamic	Dynamic	Dynamic	Leak	Leak	Leak	Leak	Leak	LeafQ	LeafQ	LeafQ	LeafQ	Const	Const	Const	Const	Const	Meas	Meas	Meas	Meas	Meas	Meas	Meas	Meas	Meas	Meas	Meas	Meas	Meas	Meas	Meas	Meas	Meas	Meas	Meas2	Meas2	Meas2	Meas2	Meas2	Meas2	Meas2	Meas2	Meas2	Meas2	FlrLS	FlrLS	FlrLS	FlrLS	FlrLS	FlrLS	FlrLS	FlrLS	FlrLS	FlrLS	FlrLS	FlrLS	FlrLS	FlrLS	FlrLS	FlrLS	FlrLS	FlrLS	MchEvent	MchEvent	MchEvent	MchEvent	MchEvent	MchEvent	MchEvent	MchEvent	MchEvent	MchEvent	MchEvent	MchEvent	MchEvent	Stability	Stability	Stability	Stability	Stability	Stability	Stability	Stability	Stability	Stability	Stability	Raw	Raw	Raw	Raw	Raw	Raw	Raw	Raw	Raw	Raw	Raw	Raw	Raw	Raw	Raw	Raw	Raw	Raw	Status2	Status2	Status2	Status2	Status2	Status2	Status2	Status2	Status2	Status2	Status2	Status2	Status2	Status2	Status2	Status2	Status2	Status2	Status2	Auxiliary	Auxiliary	Auxiliary	Auxiliary	Auxiliary	Auxiliary	Auxiliary	Auxiliary	Auxiliary	Auxiliary	Auxiliary	Auxiliary	Auxiliary	Auxiliary	Auxiliary	Auxiliary	Auxiliary	Auxiliary	Auxiliary	MchStatus	MchStatus	MchStatus	MchStatus	MchStatus	MchStatus	MchStatus	MchStatus	MchStatus	MchStatus	MchStatus	MchStatus	MchStatus	MchStatus	MchStatus	MchStatus	MchStatus	MchStatus	ConStatus	ConStatus	ConStatus	ConStatus	ConStatus	ConStatus	ConStatus	ConStatus	Status	Status	Status	Status	Status	Status	Status	Status	Status	Status	Status	Status	Status	Status	Status	Status	
obs	time	elapsed	date	hhmmss	averaging	TIME	E	Emm	A	Ca	Ci	Pci	Pca	gsw	gbw	gtw	gtc	Rabs	TleafEB	TleafCnd	SVPleaf	RHcham	VPcham	SVPcham	VPDleaf	LatHFlux	SenHFlux	NetTherm	EBSum	Asty	Esty	Adyn	Crd	Csd	dCsd/dt	αVc	Edyn	Hr	Hs	dHs/dt	αVh	Leak	LeakPct	CorrFact	CorrFactPct	Fan	Qin	Qabs	alpha	convert	S	K	Geometry	Custom	UseDynamic	TIME	CO2_s	CO2_r	H2O_s	H2O_r	CO2_a	H2O_a	Flow	Pa	ΔPcham	Tair	Tleaf	Tleaf2	Offset	Offset2	Fan_speed	Qamb_in	Qamb_out	ΔCO2	CO2_s_d	CO2_r_d	ΔH2O	CO2_b	H2O_b	e_s	e_r	Td_s	Td_r	Q	f_red	f_blue	f_farred	F	Q_modavg	F_dc	Pc	Tled	TDigital	TPreamp	TPwrSpy	TDrive	Q_red	Q_blue	Q_farred	TSPF	state	time	hhmmss	co2_t	h2o_t	count	co2_adj	h2o_adj	co2_match	h2o_match	co2_at	h2o_at	co2_cv	h2o_cv	ΔCO2:MN	ΔCO2:SLP	ΔCO2:SD	ΔCO2:OK	ΔH2O:MN	ΔH2O:SLP	ΔH2O:SD	ΔH2O:OK	Stable	Total	State	Vflow	VPchamber	abs_c_a	abs_c_b	abs_h_a	abs_h_b	Wc_s	Wc_r	Wco_s	Wco_r	Ww_s	Ww_r	Wwo_s	Wwo_r	Flow_s_v	Flow_r_v	Tleaf_mv	Tleaf2_mv	Tleaf_j	Tleaf2_j	Console_RH	Console_T	Console_H2O	Fan_%	Flow_%	Pump	Tchp_pwm	Txchg_pwm	diag_20v	diag_5_4v	diag_12v	diag_5va	diag_3_3vf	AccCO2_soda	AccH2O_des	AccH2O_hum	CO2_hrs	ADC_CH1	ADC_CH2	ADC_CH3	ADC_CH4	ADC_CH5	ADC_CH6	ADC_CH7	ADC_CH8	DAC_1	DAC_2	DAC_3	DAC_4	GPIO	GPIO_dir	excit_5v	power_12v	power_5v	ch1_pullup	AuxPower	MatchValveR	MatchValveS	MatchCO2	MatchH2O	cf_co2_a	cf_co2_b	cf_co2_c	cf_co2_d	cf_h2o_a	cf_h2o_b	cf_h2o_c	cf_h2o_d	co2_fit_low	co2_fit_high	h2o_fit_low	h2o_fit_high	co2_elapsed	h2o_elapsed	CO2_f	CO2_f_s	Pump_f	Pump_f_s	Pump_p	Pump_p_s	Tboard	V_system	DIAG	Flow_s	Flow_r	Txchg	Tirga	Tchopper	Ts	Tr	CO2_%	Desiccant_%	Humidifier_%	Txchg_sp	CO2_r_sp	H2O_r_sp	SS_s	SS_r	
	s	s			s	s	mol m⁻² s⁻¹	mmol m⁻² s⁻¹	µmol m⁻² s⁻¹	µmol mol⁻¹	µmol mol⁻¹	Pa	Pa	mol m⁻² s⁻¹	mol m⁻² s⁻¹	mol m⁻² s⁻¹	mol m⁻² s⁻¹	W m⁻²	°C	°C	kPa	%	kPa	kPa	kPa	W m⁻²	W m⁻²	W m⁻²	W m⁻²	µmol m⁻² s⁻¹	mmol m⁻² s⁻¹	µmol m⁻² s⁻¹	µmol mol⁻¹	µmol mol⁻¹	µmol mol⁻¹ s⁻¹	cm³	mmol m⁻² s⁻¹	mmol mol⁻¹	mmol mol⁻¹	mmol mol⁻¹ s⁻¹	cm³	µmol s⁻¹	%		%	µmol s⁻¹	µmol m⁻² s⁻¹	µmol m⁻² s⁻¹		J/µmol	cm²			mol m⁻² s⁻¹		s	µmol mol⁻¹	µmol mol⁻¹	mmol mol⁻¹	mmol mol⁻¹	µmol mol⁻¹	mmol mol⁻¹	µmol s⁻¹	kPa	kPa	°C	°C	°C	°C	°C	rpm	µmol m⁻² s⁻¹	µmol m⁻² s⁻¹	µmol mol⁻¹	µmol mol⁻¹	µmol mol⁻¹	mmol mol⁻¹	µmol mol⁻¹	mmol mol⁻¹	kPa	kPa	°C	°C	µmol m⁻² s⁻¹					µmol m⁻² s⁻¹			°C	°C	°C	°C	°C	µmol m⁻² s⁻¹	µmol m⁻² s⁻¹	µmol m⁻² s⁻¹	s		secs		s	s		µmol/mol	mmol/mol	µmol/mol	mmol/mol	µmol/mol	mmol/mol	%	%	µmol mol⁻¹	µmol mol⁻¹ min⁻¹	µmol mol⁻¹		mmol mol⁻¹	mmol mol⁻¹ min⁻¹	mmol mol⁻¹					V	V													V	V	mV	mV	°C	°C	%	°C	mmol mol⁻¹	%	%		V	V	V	V	V	V	V	mg	mg	mg	hrs	V	V	V	V	V	V	V	V	V	V	V	V							V	%	%	µmol/mol	mmol/mol	µmol/mol				mmol/mol				µmol mol⁻¹	µmol mol⁻¹	mmol mol⁻¹	mmol mol⁻¹	min	min	V	V	V	V	V	V	°C	V		µmol s⁻¹	µmol s⁻¹	°C	°C	°C	°C	°C	%	%	%	°C	µmol mol⁻¹	mmol mol⁻¹	%	%	
1	1750957271	0	20250626 10:01:11	10:01:11	15	1750957263.0	-0.00016192865588804224	-0.16192865588804223	1.5086741001891748	403.87322580645167	569.1080788991819	57.66818425913977	40.92480227690737	-0.013815626035990968	3.0	-0.013851070565341858	-0.008653727079898352	161.90954819857305	22.66436721036678	21.676499999999997	2.601604740851665	55.342041862907735	1.4406051307224381	2.603093565450798	1.1609996101292268	7.141053724662663	1.5135359225810845	0.10319053942176815	170.6673283852386	1.5086741001891748	-0.16192865588804223	1.3545800013617426	410.8429321559844	409.8146363636361	-0.0006977336824975931	66.94822637616106	-0.301913358398213	14.348552496277737	14.1186503030303	0.0016263585521937324	79.3895949872943	481.0	60.0	1	0	54488.0	999.9590967741934	841.1656808516758	0.8412000886488503	0.16191617109228096	6.0	0.5	1: Needles	2.0	False	1750957263.0	403.87322580645167	404.9556774193549	14.216851612903225	14.336570967741938	402.19822580645166	14.154851612903226	800.0036774193549	101.23083870967741	0.09997418387096774	21.68585806451613	21.676499999999997	999.9000000000003	0.0	0.0	9996.728387096775	0.0	0.00152894	-0.8653120322580644	409.86170967741936	410.8458387096774	-0.25549196774193544	404.9556774193549	14.336570967741938	1.42543870967742	1.4513035483870969	12.190980645161293	12.464554838709676	999.9590967741934	0.9599968387096774	0.040003238709677424	0.0	3.1214516129032255	0.0	4874.77935483871	7946.580000000001	33.74770967741935	37.97351612903225	35.31025806451613	38.08445161290322	34.185322580645156	959.9570967741936	40.001290322580644	0.0	1750957288.1	0.0	1750957289.5	10:01:29	1750957289.5	1750957287	1	-0.217	0.13	1.675	0.062	405.0	14.0	0.69	0.09	-0.8643105365853658	-0.05268827874564466	0.029992111070956038	1	-0.2681214634146341	0.20846483623693343	0.020718040350283583	0	1	2	1/2	3.44811	2.78086	0.0978821	0.0983549	0.0826948	0.0827396	27283	31044.8	29366	35007.3	31154.4	39847.2	36151.5	46325.1	1.65443	2.31785	0.0794977	0	20.3898	999.9	62.7	22.5	16.9431	62.19	26.1538	2	-0.476989	0	20.2961	5.21549	11.9679	4.9921	3.272	3057.7	9999.0	9999.0	999.9	4.9726	1.86234	1.86404	1.86249	1.86249	1.86316	1.85962	1.86249	0.0	0.0	0.0	0.0	11111111	oooooooo	on	on	on	on	0.0	100	100	1.675	0.062	2.1749870666499325	-0.0010337305037507979	9.120241388950126e-07	-2.246115299815222e-10	-0.18190240970002053	-0.01814858093373864	0.0020919599883593687	-1.9087170078860404e-05	2.0	2210.0	1.0	26.0	1386.0	1385.9	1.24023	2.33398	2.34741	2.76978	2.39868	2.26196	27.4118	16.1371	18	282.655	674.134	20.7402	20.9893	30.0007	20.8529	20.7692	24.8691	22.2794	3.31535	-999.9	405	14.3318	100.829	101.164	
2	1750957391.5	120.5	20250626 10:03:11	10:03:11	15	1750957383.5	0.0014080100800306571	1.4080100800306572	4.558024287019444	401.05396774193554	332.91150611187334	33.73458205439835	40.63959260839085	0.12144713959766026	3.0	0.11878046338340213	0.07447250302403163	161.91304388230705	22.696865387720344	21.94415483870967	2.6444828913337406	54.91026496403637	1.4676776877644242	2.672865790623454	1.1768052035693164	-62.09324452935198	28.31840841290418	1.9376033534435415	130.07581111930278	4.558024287019444	1.4080100800306572	4.666275509614859	410.33733575239216	406.8018121212119	-0.0034299934215102643	66.9647921016059	1.3782487789561995	13.443653226450888	14.463395151515149	-0.0002488661781908719	79.12618263650062	30.0	4.0	1	0	54390.0	999.9846451612904	841.186840025932	0.8411997565125159	0.16191553006915585	6.0	0.5	1: Needles	2.0	False	1750957383.5	401.05396774193554	404.8959677419354	14.483854838709679	13.443151612903224	399.39996774193554	14.419209677419355	800.007129032258	101.2319677419355	0.10001218387096772	22.119245161290323	21.94415483870967	999.9000000000003	0.0	0.0	10003.977419354838	0.0	0.00152894	-3.8196009677419354	406.9709354838709	410.413258064516	1.0406990322580643	404.8959677419354	13.443151612903224	1.4662293548387098	1.3608774193548385	12.620464516129035	11.488593548387096	999.9846451612904	0.9600087419354838	0.039991512903225813	0.0	2.0467741935483867	0.0	13119.974193548387	7946.823225806451	34.94735483870968	38.981612903225795	36.44735483870968	39.16516129032258	35.298096774193546	959.9938709677419	39.991290322580646	0.0	1750957408.7	0.0	1750957410	10:03:30	1750957410	1750957287	2	-0.021	0.13	1.654	0.062	405.0	14.0	0.27	0.09	-3.7790349999999995	-1.0417965478424078	0.10453288016217674	0	1.06433325	-0.4703240150093851	0.049470469594875485	0	0	2	0/2	3.44745	2.78062	0.0972873	0.0982652	0.0835357	0.0788093	27292.9	31039.2	29358.1	34998.6	31117.9	40009.6	36142.4	46314.4	2.52483	2.31052	0.0742637	0	20.7718	999.9	62.4	22.7	17.0689	62.4	26.1218	2	-0.461385	0	20.2951	5.211	11.968	4.9903	3.27132	3061.6	9999.0	9999.0	999.9	4.97262	1.86237	1.86412	1.8625	1.86255	1.86322	1.85968	1.86249	0.0	0.0	0.0	0.0	11111111	oooooooo	on	on	on	on	0.0	100.0	100.0	1.654	0.064	1.9580643165112377	-0.0010337305037507979	9.120241388950126e-07	-2.246115299815222e-10	-0.05138743724701786	-0.01814858093373864	0.0020919599883593687	-1.9087170078860404e-05	2.0	2210.0	1.0	26.0	1.7	1.7	1.24023	2.34375	2.34863	2.76611	2.39868	2.24731	27.6829	16.1284	18	779.212	671.632	21.1152	21.2219	30.0007	21.073	21.0264	24.8829	27.9689	3.31535	-999.9	405	13.5285	100.803	101.14	
3	1750957582	311	20250626 10:06:22	10:06:22	15	1750957574.0	0.00040984281126608686	0.40984281126608685	2.295443301530516	403.0859032258064	286.00027278492973	28.980606475144636	40.84497480829282	0.03347402544218743	3.0	0.03326790301537125	0.020810852707936197	161.91100929342718	23.937185230889007	22.684593548387095	2.7663398494648455	54.4286513429431	1.5445537149424402	2.8377585643460885	1.2217861345224053	-18.07406797683443	68.05798707096878	4.6976657970714735	216.592594184633	2.295443301530516	0.40984281126608685	2.2450181667946447	411.0574550868709	409.34936363636353	-0.00035148199990494466	66.96165634784519	0.5012339266657037	14.951876158491961	15.317348484848473	0.0011545455254107302	79.15397847657239	312.0	39.0	1	0	54156.0	999.971193548387	841.1755988516836	0.8411998308339075	0.16191567350944153	6.0	0.5	1: Needles	2.0	False	1750957574.0	403.0859032258064	404.9313870967742	15.242703225806451	14.940006451612906	401.4669032258064	15.19270322580645	799.9999999999999	101.23070967741934	0.09998554516129031	23.10539032258065	22.684593548387095	999.9000000000003	0.0	0.0	10000.707096774195	0.0	0.00152894	-1.8099229032258064	409.3772903225807	411.072741935484	0.34150512903225805	404.9313870967742	14.940006451612906	1.5469590322580644	1.5123890322580644	13.440351612903227	13.093980645161292	999.971193548387	0.9600067096774196	0.03999362258064517	0.0	3.375806451612904	0.0	7802.335483870969	7946.707419354837	36.77190322580645	40.67312903225805	38.24777419354837	40.8928387096774	37.03606451612903	959.9783870967741	39.99322580645162	0.0	1750957599.5	0.0	1750957599	10:06:39	1750957598	1750957599	3	-0.035	-0.031	1.619	0.05	405.0	15.0	0.34	0.11	-1.7957243902439026	-0.26657728222996974	0.035438897194809756	0	0.34287682926829266	0.06703312891986035	0.014804848347099225	1	1	2	1/2	3.44841	2.78115	0.0975747	0.0981659	0.0869601	0.0850955	27264.6	31020.3	29338.5	34975.6	30979.9	39710.2	36118.6	46283.9	2.02775	2.3014	0.054948	0	21.8179	999.9	62.1	23	17.2979	62.02	26.0337	2	-0.424459	0	20.2957	5.21474	11.968	4.99155	3.27175	3067.5	9999.0	9999.0	999.9	4.97263	1.86246	1.86417	1.86263	1.86264	1.86325	1.85973	1.86251	0.0	0.0	0.0	0.0	11111111	oooooooo	on	on	on	on	0.0	100.0	100.0	1.619	0.05	1.9371314911921973	-0.0010337305037507979	9.120241388950126e-07	-2.246115299815222e-10	-0.05138743724701786	-0.01814858093373864	0.0020919599883593687	-1.9087170078860404e-05	2.0	2210.0	1.0	26.0	2.9	4.9	1.25122	2.33521	2.34741	2.75879	2.39868	2.26196	28.1223	16.1109	18	452.256	670.885	21.8778	21.7337	30.0011	21.584	21.526	25.1044	20.8394	4.87524	-999.9	405	15.0381	100.736	101.074	
4	1750957767.5	496.5	20250626 10:09:27	10:09:27	15	1750957759.75	0.00044534449041727387	0.44534449041727386	3.931774984895385	401.87413333333336	211.96052594119985	21.477895302234746	40.72178308712117	0.0344635202914292	3.0	0.034245074678734354	0.021422682568829166	161.91329372387335	24.599551324328722	23.471006666666668	2.901116151487896	54.573509475755124	1.612711398940421	2.955117628374048	1.288404752547475	-19.63969202740178	49.5160155199996	3.443142416181195	195.23275963265235	3.931774984895385	0.44534449041727386	3.8189292610989636	411.3854918978738	408.47347272727285	0.0007092772928658199	66.96230085098385	0.5149774860826819	15.611000839167195	15.975559393939394	0.003822822864631234	79.14796039993524	204.0	26.0	1	0	53943.0	999.9869	841.1886770797271	0.8411996967957551	0.16191541481580743	6.0	0.5	1: Needles	2.0	False	1750957759.75	401.87413333333336	404.9572333333333	15.915486666666668	15.58679	400.32813333333337	15.853486666666669	799.9897666666669	101.2297	0.09999432333333334	23.77716	23.471006666666668	999.9000000000002	0.0	0.0	9996.103666666666	0.0	0.00152894	-3.0087706666666665	408.45653333333337	411.3692333333334	0.3465153333333333	404.9572333333333	15.58679	1.6129243333333332	1.5778466666666664	14.082816666666668	13.744116666666667	999.9869	0.9600103333333332	0.039989383333333337	0.0	0.8635	0.0	7123.545666666669	7946.848000000001	37.21016666666665	40.014333333333326	38.570633333333326	39.81849999999999	37.32053333333332	959.9966666666667	39.989333333333335	0.0	1750957784.9	0.0	1750957784.5	10:09:44	1750957783.5	1750957784.5	4	-0.073	-0.008	1.546	0.062	405.0	16.0	0.25	0.18	-2.9986255	-0.18638093808630818	0.0325014325030451	0	0.348590275	-0.03977379737335964	0.011852525878452027	1	1	2	1/2	3.44872	2.78079	0.0972565	0.0980608	0.0896449	0.0877139	27256.1	31005	29320.7	34956.6	30869.6	39574.3	36097	46257.5	2.21945	2.29198	0.0743009	0	22.2679	999.9	61.6	23.4	17.5768	62.3	25.7933	2	-0.389741	0	20.2935	5.2107	11.968	4.9907	3.27163	3073.1	9999.0	9999.0	999.9	4.97261	1.86249	1.86421	1.86264	1.86264	1.86325	1.85974	1.86255	0.0	0.0	0.0	0.0	11111111	oooooooo	on	on	on	on	0.0	100.0	100.0	1.546	0.062	1.902409741687755	-0.0010337305037507979	9.120241388950126e-07	-2.246115299815222e-10	-0.08219379470938748	-0.01814858093373864	0.0020919599883593687	-1.9087170078860404e-05	2.0	2210.0	1.0	26.0	2.8	2.8	1.2561	2.34009	2.34741	2.75269	2.39868	2.25586	28.5215	16.0934	18	568.58	669.498	22.5148	22.2313	30.0007	22.062	22.002	25.1841	18.2455	10.2556	-999.9	405	15.6469	100.676	101.017	
5	1750957944	673	20250626 10:12:24	10:12:24	15	1750957936.25	0.001193665131488198	1.1936651314881979	6.059969909543163	400.06843333333336	292.73989670900903	29.66281852594268	40.53823024922743	0.09800087013030984	3.0	0.09625647775685886	0.06031443907029016	161.914787997181	24.617046294341336	23.237979999999997	2.8605936940353467	54.5351122539833	1.6318896172012494	2.992365009906172	1.2287040768340973	-52.64063229862953	120.8992773600009	8.405805473933459	238.57923853248585	6.059969909543163	1.1936651314881979	5.992913870775261	411.20219927838144	406.6391999999999	-0.0003403004559524805	66.9632193538802	1.232251731427407	15.226608562217455	16.135790303030298	2.309395623483251e-05	79.15504844026722	679.0	85.0	1	0	54197.0	999.9960333333335	841.1963680399903	0.8411997047988192	0.16191543026172103	6.0	0.5	1: Needles	2.0	False	1750957936.25	400.06843333333336	404.9715666666667	16.104983333333333	15.224153333333334	398.55143333333336	16.060983333333333	800.0007999999999	101.22820000000002	0.10004004999999999	23.985490000000002	23.237979999999997	999.9000000000002	0.0	0.0	10000.996000000001	0.0	0.00152894	-4.872498333333334	406.66246666666666	411.2323	0.9152270333333334	404.9715666666667	15.224153333333334	1.63376	1.5411123333333332	14.28096	13.38228333333333	999.9960333333335	0.9600080666666667	0.03999209999999999	0.0	1.6130000000000002	0.0	6116.7283333333335	7946.903999999999	36.22466666666666	39.71226666666666	37.68733333333333	38.6164	36.462266666666665	960.0059999999999	39.99	0.0	1750957961.3	0.0	1750957966	10:12:46	1750957965	1750957966	5	-0.028	-0.005	1.517	0.044	405.0	15.0	0.48	0.08	-4.864287249999999	-0.13240063789867929	0.020045852811429617	0	0.9206886749999998	-0.10180474671670126	0.010098075547814788	0	0	2	0/2	3.44869	2.78099	0.0968105	0.0979613	0.0902108	0.0860374	27257	30995.6	29308.4	34943.7	30838.3	39633.6	36082.4	46241	0.986475	2.28253	0.0413507	0	22.5735	999.9	61.4	23.7	17.8428	62.03	25.8293	2	-0.364909	0	20.296	5.2113	11.968	4.9916	3.27195	3078.8	9999.0	9999.0	999.9	4.97263	1.86249	1.86427	1.86264	1.86272	1.86333	1.85975	1.86263	0.0	0.0	0.0	0.0	11111111	oooooooo	on	on	on	on	0.0	100.0	100.0	1.517	0.044	1.829047749293052	-0.0010337305037507979	9.120241388950126e-07	-2.246115299815222e-10	-0.0906588074354486	-0.01814858093373864	0.0020919599883593687	-1.9087170078860404e-05	2.0	2210.0	1.0	26.0	2.7	2.7	1.25732	2.33521	2.34741	2.74536	2.39868	2.27783	28.8379	16.1021	18	104.617	666.566	22.9948	22.5967	30.0006	22.5138	22.3672	25.207	21.7249	14.6355	-999.9	405	15.2983	100.634	100.981	
6	1750958099	828	20250626 10:14:59	10:14:59	15	1750958091.0	0.0007771458256073265	0.7771458256073265	5.250595641286992	400.8020967741936	249.1101376443379	25.24221344779302	40.61308854295495	0.05858416751907915	3.0	0.05795594908246583	0.03627834964258578	161.91593413990418	24.964355754052477	23.98803870967741	2.9928232243966	54.851599181743296	1.665301160001461	3.0360120485889803	1.327522064395139	-34.2721309092831	38.60794838709786	2.697783693949784	168.94953531166874	5.250595641286992	0.7771458256073265	5.176398258139418	411.50753540583145	407.5634848484847	-0.0002717973944574189	66.96044290100171	0.8213109770423903	15.862613009966932	16.46797515151515	0.00012199731618295477	79.18636073965038	341.0	43.0	1	0	54048.0	999.9969032258064	841.1976206708513	0.8412002256780018	0.16191643555854335	6.0	0.5	1: Needles	2.0	False	1750958091.0	400.8020967741936	404.9737741935483	16.43450967741936	15.861212903225805	399.3500967741936	16.37250967741936	799.9770967741933	101.22954838709674	0.09998274516129031	24.226748387096773	23.98803870967741	999.9000000000003	0.0	0.0	10000.46387096774	0.0	0.00152894	-4.104728387096774	407.5764193548388	411.5007096774194	0.5953316774193548	404.9737741935483	15.861212903225805	1.6658890322580646	1.6056235483870973	14.582170967741938	14.012867741935485	999.9969032258064	0.9599936129032257	0.04000610967741937	0.0	0.7408064516129033	0.0	5840.642580645162	7946.869354838709	37.72758064516128	41.62270967741933	39.17312903225806	41.15909677419355	37.93119354838709	959.9899999999999	40.00741935483871	0.0	1750958116.1	0.0	1750958119	10:15:19	1750958119	1750958117	6	-0.065	-0.002	1.452	0.062	405.0	16.0	0.32	0.12	-4.091332926829269	-0.1980976306620217	0.029304705377930847	0	0.5880214390243902	0.12932216027874555	0.012978728578507787	0	0	2	0/2	3.44884	2.78081	0.0969314	0.0979314	0.0915264	0.0886059	27250.9	30994	29306.3	34941.6	30791.8	39520.2	36080.7	46238.7	1.95368	2.27968	0.0858679	0	22.5833	999.9	61.2	23.9	17.997	61.92	25.8133	2	-0.355506	0	20.2956	5.2116	11.968	4.99085	3.2715	3083.7	9999.0	9999.0	999.9	4.97261	1.86251	1.86429	1.86269	1.86275	1.86333	1.85975	1.86264	0.0	0.0	0.0	0.0	11111111	oooooooo	on	on	on	on	0.0	100.0	100.0	1.452	0.062	1.8006635604376786	-0.0010337305037507979	9.120241388950126e-07	-2.246115299815222e-10	-0.09582476667588685	-0.01814858093373864	0.0020919599883593687	-1.9087170078860404e-05	2.0	2210.0	1.0	26.0	2.2	2.2	1.25977	2.34253	2.34741	2.74292	2.39868	2.28271	29.0282	16.0846	18	422.015	666.766	23.2583	22.7685	30.0003	22.6273	22.5611	25.2515	19.0984	20.1379	-999.9	405	15.8011	100.629	100.975	
7	1750958214	943	20250626 10:16:54	10:16:54	15	1750958206.0	0.0006981855383416711	0.6981855383416711	3.5344867720766198	402.10609677419353	286.2102167662985	29.002648402488795	40.746769549326224	0.0525465266547489	3.0	0.052040519940701066	0.03257038144737143	161.91444398614289	25.20657093561673	24.057151612903233	3.005271954701748	54.51203130502093	1.6771743147428095	3.0767048568750184	1.3280976399589384	-30.789982240867694	63.36972998709532	4.434564591399457	198.92875632377	3.5344867720766198	0.6981855383416711	3.5624375662001593	411.57576455269646	408.8812242424242	-0.0060905437592666005	66.96196770465886	0.7313360795459886	16.0416891399965	16.580674545454542	0.00010555870028397281	79.16797617138796	285.0	36.0	1	0	54029.0	999.9844193548386	841.1873944638212	0.8412005009103355	0.16191696675694753	6.0	0.5	1: Needles	2.0	False	1750958206.0	402.10609677419353	404.96754838709666	16.55105483870968	16.03607741935484	400.69409677419355	16.480054838709677	799.9921612903227	101.23335483870967	0.10002427741935484	24.44896129032258	24.057151612903233	999.9000000000003	0.0	0.0	9996.753548387096	0.0	0.00152894	-2.8203919354838707	408.92148387096773	411.5674193548387	0.5300732258064516	404.96754838709666	16.03607741935484	1.677045806451613	1.6233864516129033	14.685580645161291	14.1825935483871	999.9844193548386	0.9599841290322582	0.040015632258064496	0.0	0.06161290322580637	0.0	5949.627096774193	7946.736129032258	36.816225806451605	39.465451612903216	38.17306451612903	38.84248387096774	37.01383870967742	959.9696774193548	40.016129032258064	0.0	1750958231.3	0.0	1750958235	10:17:15	1750958235	1750958232.5	7	-0.039	0.001	1.412	0.071	405.0	16.0	0.26	0.16	-2.8157445	-0.1688866041275706	0.022297895859250922	0	0.5254728500000001	0.08842865290806692	0.009040404912253656	1	1	2	1/2	3.44898	2.78041	0.0971577	0.0978951	0.0919641	0.0893121	27242.7	30993.5	29305	34940	30776.4	39488.1	36080.2	46237	2.06463	2.2773	0.0875071	0	22.6453	999.9	61	24	18.0477	62.15	25.8213	2	-0.350948	0	20.2935	5.2104	11.968	4.9906	3.27132	3087.2	9999.0	9999.0	999.9	4.97261	1.86251	1.86431	1.86271	1.86275	1.86335	1.85977	1.86264	0.0	0.0	0.0	0.0	11111111	oooooooo	on	on	on	on	0.0	100.0	100.0	1.412	0.071	1.7352440159077358	-0.0010337305037507979	9.120241388950126e-07	-2.246115299815222e-10	-0.09753674940193036	-0.01814858093373864	0.0020919599883593687	-1.9087170078860404e-05	2.0	2210.0	1.0	26.0	1.6	1.6	1.26099	2.34009	2.34741	2.74048	2.39868	2.27539	29.1554	16.0758	18	481.859	666.12	23.4285	22.8514	30.0002	22.719	22.6608	25.2748	18.1172	24.4731	-999.9	405	16.1634	100.626	100.971	
8	1750958342.5	1071.5	20250626 10:19:02	10:19:02	15	1750958334.75	0.0018280814177205691	1.828081417720569	7.931366457014025	398.48783333333347	296.868902272685	30.08300089943517	40.38048363034499	0.13783038466921615	3.0	0.13440663508828485	0.08430467365795422	161.91087882240126	25.03295545039441	24.24036666666667	3.038492296195304	54.63197055715345	1.6924046643215698	3.0978283357929657	1.3460876318737343	-80.6183905214771	52.229945600000285	3.660501412817447	137.1829353137419	7.931366457014025	1.828081417720569	8.0173815220778	411.2919523910876	405.1917333333333	-0.001890622513172121	66.96234874711062	1.842657938517828	15.359697876348472	16.718144242424245	0.00010373901371117405	79.16395678269804	63.0	8.0	1	0	53796.0	999.9684000000001	841.1734156800007	0.8411999975999248	0.16191599536785486	6.0	0.5	1: Needles	2.0	False	1750958334.75	398.48783333333347	404.98260000000005	16.701203333333332	15.353063333333335	397.06283333333346	16.609556666666666	800.0134666666668	101.2343	0.09999493333333334	24.563300000000005	24.24036666666667	999.9000000000002	0.0	0.0	10003.328333333335	0.0	0.00152894	-6.504896333333335	405.24573333333336	411.2973	1.3481339999999997	404.98260000000005	15.353063333333335	1.6907346666666665	1.5542573333333332	14.811616666666668	13.512619999999998	999.9684000000001	0.9600005999999996	0.03999941333333334	0.0	2.1273333333333326	0.0	8378.051666666668	7946.666666666668	36.17686666666667	39.495666666666665	37.60603333333333	38.401866666666656	36.45816666666666	959.9700000000001	39.998666666666665	0.0	1750958359.7	0.0	1750958359.5	10:19:19	1750958359.5	1750958232.5	8	0.012	0.001	1.425	0.071	405.0	16.0	0.21	0.16	-6.478371000000001	-0.5727025891181864	0.06044391515280923	0	1.351311	-0.019273395872420857	0.008238065246160636	1	1	2	1/2	3.44862	2.78075	0.0964678	0.0978794	0.0924816	0.0865109	27262.8	30993.3	29304.5	34939.4	30758.9	39610.3	36080.4	46237.3	2.44575	2.2732	0.088606	0	22.8189	999.9	60.8	24.2	18.2052	62.04	25.6771	2	-0.347012	0	20.2958	5.21205	11.968	4.9915	3.27198	3091.1	9999.0	9999.0	999.9	4.97261	1.86254	1.86432	1.86274	1.86277	1.8634	1.85979	1.86264	0.0	0.0	0.0	0.0	11111111	oooooooo	on	on	on	on	0.0	100.0	100.0	1.425	0.0922	1.6956604120439263	-0.0010337305037507979	9.120241388950126e-07	-2.246115299815222e-10	-0.09658860128768293	-0.01814858093373864	0.0020919599883593687	-1.9087170078860404e-05	2.0	2210.0	1.0	26.0	1.8	1.8	1.25977	2.34741	2.34741	2.74536	2.39868	2.27173	29.3251	16.0671	18	739.637	663.911	23.6323	22.9251	30.0003	22.7933	22.7489	25.2742	22.4276	26.0598	-999.9	405	15.4258	100.625	100.971	
9	1750958477	1206	20250626 10:21:17	10:21:17	15	1750958469.25	0.0006217122812934539	0.6217122812934539	2.416310115900067	402.9888333333334	313.56023063164264	31.77415262262376	40.83626507657715	0.047572233474041735	3.0	0.047157085716698396	0.029510175858515918	161.91469166114769	25.540031711237138	24.134673333333335	3.0192891440755703	54.6891141952255	1.714527866515761	3.13504413400326	1.3047612775598092	-27.417511605041316	101.63867623999954	7.1266671183434145	243.26252341444933	2.416310115900067	0.6217122812934539	2.383244116514701	411.7454361299246	409.9295575757574	-0.00042808307886417946	66.95791213006693	0.6762788588351747	16.47429823422313	16.968559999999997	0.0010721177527289122	79.21858362739101	188.0	24.0	1	0	53802.0	999.9876666666665	841.1899820005946	0.8412003568049953	0.16191668863364087	6.0	0.5	1: Needles	2.0	False	1750958469.25	402.9888333333334	404.9889666666668	16.91965666666667	16.461263333333335	401.5868333333334	16.83565666666667	800.0026333333332	101.23343333333337	0.10005707333333333	24.763096666666666	24.134673333333335	999.9000000000002	0.0	0.0	10009.319333333331	0.0	0.00152894	-1.9767283333333334	409.955	411.7671666666667	0.4741305	404.9889666666668	16.461263333333335	1.7144276666666667	1.6664303333333332	15.02767	14.587206666666669	999.9876666666665	0.9599859000000005	0.040014196666666654	0.0	1.3468333333333335	0.0	5307.814333333333	7946.763666666667	37.553999999999995	41.43313333333333	39.012266666666655	40.816466666666656	37.81646666666666	959.9746666666666	40.01133333333333	0.0	1750958494.1	0.0	1750958494.5	10:21:34	1750958493	1750958494.5	9	-0.023	-0.0	1.402	0.084	405.0	17.0	0.3	0.15	-1.9680660975609756	-0.06271630662021078	0.025523020013795944	1	0.4554508780487805	0.28535427177700345	0.029757096380277563	0	1	2	1/2	3.44919	2.78051	0.0972787	0.097856	0.0934373	0.0910013	27234.8	30989.9	29301	34935.1	30722.7	39410.7	36076.3	46231.9	2.2356	2.272	0.0699237	0	23.0358	999.9	60.7	24.4	18.3959	61.95	25.6851	2	-0.339192	0	20.2958	5.21355	11.968	4.9918	3.272	3095.4	9999.0	9999.0	999.9	4.97263	1.86252	1.86432	1.86278	1.86279	1.8634	1.85984	1.86264	0.0	0.0	0.0	0.0	11111111	oooooooo	on	on	on	on	0.0	100.0	100.0	1.402	0.084	1.707954811112619	-0.0010337305037507979	9.120241388950126e-07	-2.246115299815222e-10	-0.09658860128768293	-0.01814858093373864	0.0020919599883593687	-1.9087170078860404e-05	2.0	2210.0	1.0	26.0	2.0	4.1	1.26221	2.34863	2.34741	2.7417	2.39868	2.28271	29.4952	16.0583	18	588.029	664.35	23.8214	23.0343	30.0005	22.9062	22.8589	25.3112	17.47	29.2478	-999.9	405	16.4392	100.614	100.959	
10	1750958595.5	1324.5	20250626 10:23:15	10:23:15	15	1750958587.5	0.00024001829468857228	0.24001829468857228	1.8450907907634402	403.52696774193544	219.99048346608367	22.29110385197978	40.88841209532031	0.016781634404798188	3.0	0.016729656376885907	0.010460691758438598	161.91698107272984	25.788373780402665	24.85730967741935	3.1527281933070164	54.81488941465429	1.7340489899060183	3.1634634465620857	1.418679203400998	-10.584806795766038	9.213734709676281	0.6488959087260263	161.1948048953661	1.8450907907634402	0.24001829468857228	1.8433134587498126	412.00016313275273	410.5936606060606	6.037417623460367e-05	66.95671703559822	0.2807293286688209	16.950268528472627	17.153425454545445	0.0009336424706501322	79.23829254576484	0	0.0	1	0	53775.0	1000.0029999999998	841.2027802449376	0.8412002566441678	0.1619164953232439	6.0	0.5	1: Needles	2.0	False	1750958587.5	403.52696774193544	404.9834193548389	17.11329677419355	16.936364516129036	402.13996774193544	17.01329677419355	800.0037741935485	101.2278064516129	0.099776	24.91427741935483	24.85730967741935	999.9000000000003	0.0	0.0	9999.359032258064	0.0	0.00152894	-1.4406977419354836	410.5713870967742	411.96051612903227	0.18271906451612907	404.9834193548389	16.936364516129036	1.7329277419354836	1.7144300000000001	15.194551612903227	15.027706451612906	1000.0029999999998	0.9599939999999998	0.04000627419354838	0.0	1.1856451612903227	0.0	4710.1829032258065	7946.912258064515	37.082419354838706	39.83841935483869	38.4312258064516	39.30819354838709	37.296096774193536	959.9951612903228	40.008709677419354	0.0	1750958612.9	0.0	1750958612.5	10:23:32	1750958612.5	1750958612.5	10	-0.015	0.001	1.387	0.1	405.0	17.0	0.39	0.13	-1.4248382926829268	-0.28840682926828987	0.036979378690083206	0	0.1686249024390244	0.24984815331010485	0.025814368427438915	0	0	2	0/2	3.44935	2.78048	0.0973627	0.0978311	0.0941364	0.0928503	27227.7	30985.9	29296.5	34930.2	30694.6	39325.3	36071.3	46225.7	2.5346	2.27005	0.102054	0	23.2054	999.9	60.9	24.5	18.5677	61.9101	25.605	2	-0.331387	0	20.2937	5.21025	11.968	4.991	3.27163	3098.9	9999.0	9999.0	999.9	4.97262	1.86262	1.86432	1.86279	1.86278	1.8634	1.85987	1.86264	0.0	0.0	0.0	0.0	11111111	oooooooo	on	on	on	on	0.0	100.0	100.0	1.387	0.1	1.685585725234446	-0.0010337305037507979	9.120241388950126e-07	-2.246115299815222e-10	-0.09698347359584047	-0.01814858093373864	0.0020919599883593687	-1.9087170078860404e-05	2.0	2210.0	1.0	26.0	1.7	1.7	1.26221	2.35229	2.34741	2.73926	2.39868	2.2522	29.6657	16.0496	18	816.613	664.087	23.9886	23.1522	30.0003	23.0048	22.9622	25.3251	16.6435	35.2345	-999.9	405	16.8773	100.599	100.945	
11	1750958790.5	1519.5	20250626 10:26:30	10:26:30	15	1750958782.5	0.0017276038271615522	1.7276038271615521	6.741118756418533	399.4285483870968	304.3344715305	30.83701471401422	40.47252341105839	0.12611958660094583	3.0	0.12324638779209321	0.07728168612239841	161.91635373504377	25.46738506058393	24.706064516129032	3.1243812084904112	54.7541436856088	1.7381251078644184	3.1744174794231235	1.3862561006259928	-76.18732877782445	43.04890590967787	3.030382870255084	131.80831373715228	6.741118756418533	1.7276038271615521	6.651481810009122	411.52315605707383	406.45605454545466	-0.0005810469584577973	66.96006015110156	1.735768323503647	15.88043441498054	17.159849696969697	1.6348655739248278e-05	79.18921319378785	472.0	59.0	1	0	54029.0	1000.0092258064515	841.207170038214	0.8411994092952768	0.16191485993988436	6.0	0.5	1: Needles	2.0	False	1750958782.5	399.4285483870968	405.0019032258065	17.15378064516129	15.880309677419353	398.1015483870968	17.046064516129032	800.0035806451614	101.22606451612903	0.10000137096774195	24.97223225806452	24.706064516129032	999.9000000000003	0.0	0.0	9999.352258064515	0.0	0.00152894	-5.510751612903225	406.4634516129031	411.53712903225806	1.273477741935484	405.0019032258065	15.880309677419353	1.7364080645161288	1.6074993548387095	15.225787096774194	14.03087741935484	1000.0092258064515	0.9600190645161291	0.03998116774193548	0.0	1.8933870967741937	0.0	5822.383548387096	7947.051612903227	36.47754838709676	40.22958064516128	37.91509677419354	39.22151612903225	36.824354838709674	960.0277419354837	39.980645161290326	0.0	1750958807.9	0.0	1750958816.5	10:26:56	1750958816.5	1750958612.5	11	-0.06	0.001	1.327	0.1	405.0	17.0	0.17	0.13	-5.49226125	-0.2516617260787859	0.0358957751822899	0	1.26794075	0.09846157598498761	0.009997789352526886	1	1	2	1/2	3.44894	2.78057	0.0965704	0.0977837	0.0941107	0.0885431	27248.8	30984.4	29294	34927.4	30693.9	39510.2	36069.1	46223	1.64678	2.26288	0.0877678	0	23.2682	999.9	61.2	24.8	18.9971	61.8801	25.8614	2	-0.322693	0	20.296	5.21325	11.968	4.99145	3.27198	3105.2	9999.0	9999.0	999.9	4.97263	1.86263	1.8644	1.86279	1.86279	1.8634	1.85989	1.86265	0.0	0.0	0.0	0.0	11111111	oooooooo	on	on	on	on	0.0	100.0	100.0	1.327	0.1079	1.6707286592177961	-0.0010337305037507979	9.120241388950126e-07	-2.246115299815222e-10	-0.09624316860878276	-0.01814858093373864	0.0020919599883593687	-1.9087170078860404e-05	2.0	2210.0	1.0	26.0	3.0	3.0	1.26221	2.34253	2.34741	2.73682	2.39868	2.27417	29.9006	16.0496	18	290.32	659.882	24.1755	23.2891	30.0004	23.1593	23.0903	25.3179	23.409	40.0325	-999.9	405	15.9074	100.592	100.938	
12	1750958927.1	1656.0999999046326	20250626 10:28:47	10:28:47	15	1750958919.1903222	0.00020166322248245632	0.20166322248245633	-0.2079262564299965	405.08370967741934	418.92590117340296	42.44725090513671	41.044704598352595	0.01446317679607622	3.0	0.014424550828941498	0.009018805998015057	161.91601267741936	26.049726001339895	24.808203225806448	3.1434999209982726	54.8446943622068	1.7612194445818106	3.211285002247105	1.382280476416462	-8.893348111476325	57.87070598709722	4.0798229480586174	214.97319350109888	-0.2079262564299965	0.20166322248245633	-0.22818166114138544	412.1118540919569	412.28654545454543	-0.0001619041462835181	66.95653601938339	0.2379722422209449	17.247134871618677	17.418669090909095	0.0009492479596879566	79.23616111199838	192.0	24.0	1	0	53889.0	999.9964516129032	841.1973193548388	0.8412003042591442	0.1619165872201482	6.0	0.5	1: Needles	2.0	False	1750958919.1903222	405.08370967741934	404.9890322580645	17.382054838709674	17.23343548387097	403.77070967741935	17.270054838709676	799.995	101.22409677419354	0.09991013548387097	25.166012903225806	24.808203225806448	999.9000000000003	0.0	0.0	10000.646451612902	0.0	0.0015535999999999998	0.10916342580645158	412.26567741935486	412.0905483870968	0.1525761935483871	404.9890322580645	17.23343548387097	1.7598861290322585	1.7444416129032256	15.434970967741934	15.297641935483867	999.9964516129032	0.959989387096774	0.04001061290322581	0.0	1.4154838709677418	0.0	4068.4600000000005	7946.850645161291	37.840451612903216	41.92925806451613	39.30625806451613	41.46351612903225	38.161064516129024	959.9864516129032	40.01	0.0	1750958944.1	0.0	1750958944.1	10:29:04	1750958943.1	1750958944.1	12	-0.015	0.0	1.313	0.112	405.0	17.0	0.53	0.17	0.10744947560975608	0.06826014035000826	0.019493287691567947	1	0.14240159268292685	0.20538452266446908	0.020564637887786893	0	1	2	1/2	3.44967	2.7808	0.097609	0.0977872	0.095101	0.0939648	27214.9	30981.2	29291.4	34924.1	30657.8	39271.1	36066.5	46218.6	2.2234	2.26327	0.0914633	0	23.325	999.9	61.1	24.9	19.0793	61.8246	25.7252	2	-0.318028	0	20.2954	5.20816	11.968	4.9895	3.27132	3109.3	9999.0	9999.0	999.9	4.9726	1.86263	1.86433	1.86279	1.86279	1.8634	1.85989	1.86264	0.0	0.0	0.0	0.0	11111111	oooooooo	on	on	on	on	0.0	100.0	100.0	1.313	0.112	1.6107765661816058	-0.0010337305037507979	9.120241388950126e-07	-2.246115299815222e-10	-0.09624316860878276	-0.01814858093373864	0.0020919599883593687	-1.9087170078860404e-05	2.0	2210.0	1.0	26.0	1.8	5.2	1.26343	2.36694	2.34741	2.7356	2.39868	2.26685	29.9861	16.0321	18	583.294	661.189	24.273	23.3604	30.0002	23.2186	23.1674	25.3534	17.1192	44.2797	-999.9	405	17.1763	100.584	100.928	
13	1750959054.6	1783.5999999046326	20250626 10:30:54	10:30:54	15	1750959046.8499994	0.0005328515762210355	0.5328515762210355	2.814062732948604	402.71936666666676	272.39633486463106	27.600483271712704	40.80542841518722	0.0369724335848403	3.0	0.036721150124613036	0.022973153128778727	161.92116347774203	25.93972956530269	25.068179999999995	3.1926254160786645	54.8359909706074	1.7582477321522876	3.206375413357123	1.4343776839263769	-23.498754511347666	11.667635040000734	0.823525968828871	150.91356997522396	2.814062732948604	0.5328515762210355	2.820975098572391	411.95178230494344	409.80505454545465	-0.0016051982626592318	66.95889373320138	0.5564290678734487	16.967095421955516	17.376841818181816	7.908630436852429e-05	79.2031437590446	70.0	9.0	1	0	53814.0	1000.0286	841.2243343200737	0.8412002759921803	0.16191653266490783	6.0	0.5	1: Needles	2.0	False	1750959046.8499994	402.71936666666676	404.9908333333333	17.35260333333333	16.959903333333333	401.37036666666677	17.25660333333333	800.0079666666666	101.225	0.09972335000000002	25.14032	25.068179999999995	999.9000000000002	0.0	0.0	10000.664666666667	0.0	0.00152894	-2.3067619999999995	409.80316666666664	411.9777666666667	0.4123956666666667	404.9908333333333	16.959903333333333	1.7585086666666672	1.7167646666666665	15.422783333333332	15.048846666666664	1000.0286	0.9599892000000001	0.04001067333333333	0.0	2.146	0.0	3504.944333333333	7947.108333333334	35.87886666666667	38.52266666666665	37.212266666666665	37.73516666666665	36.235166666666665	960.018	40.01033333333333	0.0	1750959071.9	0.0	1750959075.6	10:31:15	1750959075.6	1750959071.6	13	0.036	-0.006	1.349	0.096	405.0	17.0	0.39	0.13	-2.3047685365853656	0.017902787456440604	0.021254369486029486	1	0.41945704878048784	-0.11034589547038283	0.011972469533447464	0	1	2	1/2	3.4494	2.78065	0.0971502	0.0977546	0.0949187	0.0928339	27227.4	30980.4	29290.1	34922.3	30663.2	39318.7	36065.4	46216.7	2.42615	2.26098	0.0990368	0	23.4605	999.9	61.3	25	19.255	61.7846	25.6651	2	-0.313887	0	20.294	5.21085	11.968	4.9908	3.272	3113.2	9999.0	9999.0	999.9	4.97261	1.86264	1.86436	1.86279	1.86279	1.8634	1.85989	1.86266	0.0	0.0	0.0	0.0	11111111	oooooooo	on	on	on	on	0.0	100.0	100.0	1.349	0.096	1.5961609520457969	-0.0010337305037507979	9.120241388950126e-07	-2.246115299815222e-10	-0.09600660106495831	-0.01814858093373864	0.0020919599883593687	-1.9087170078860404e-05	2.0	2210.0	1.0	26.0	1.9	1.8	1.26465	2.36206	2.34741	2.73682	2.39868	2.2644	30.0718	16.0233	18	730.705	660.219	24.3694	23.4269	30.0001	23.283	23.2382	25.3568	19.5264	48.4571	-999.9	405	16.9358	100.58	100.924	
14	1750959175.6	1904.5999999046326	20250626 10:32:55	10:32:55	15	1750959167.5999994	0.0003771140426587347	0.37711404265873466	1.5543010762145697	403.7017096774193	301.13235332017274	30.511992331798314	40.9047494704586	0.026429270230782603	3.0	0.026300597177710095	0.016449381643659607	161.91363606242766	26.125013272700816	25.03598387096774	3.186505431560558	54.700530138701644	1.7691860865208273	3.234312504896722	1.4173193450397306	-16.6307292812502	40.44704322580702	2.85646839560985	188.58641840259432	1.5543010762145697	0.37711404265873466	1.4985132130007632	412.04382127119976	410.9006666666667	-0.00011855149906819798	66.9579366129495	0.407541334318999	17.191058160833748	17.48924303030303	0.0005277886803716794	79.21525194448618	68.0	8.0	1	0	53828.0	999.9896129032257	841.1909089542913	0.8411996465764268	0.16191531789250385	6.0	0.5	1: Needles	2.0	False	1750959167.5999994	403.7017096774193	404.98164516129026	17.460648387096775	17.18274516129032	402.3937096774193	17.352648387096774	799.9821935483872	101.22438709677421	0.09980472580645161	25.286064516129034	25.03598387096774	999.9000000000003	0.0	0.0	10003.364516129031	0.0	0.00152894	-1.2389709677419354	410.9198387096775	412.06209677419355	0.28311541935483875	404.98164516129026	17.18274516129032	1.7679709677419355	1.7393132258064514	15.506445161290323	15.251816129032258	999.9896129032257	0.9600097419354838	0.039990061290322586	0.0	1.3850000000000002	0.0	6175.856129032257	7946.866451612903	36.35254838709676	40.02196774193548	37.79016129032258	38.95132258064515	36.69535483870967	960.0003225806453	39.987741935483875	0.0	1750959193.1	0.0	1750959192.6	10:33:12	1750959191.6	1750959192.6	14	-0.041	0.004	1.308	0.108	405.0	17.0	0.21	0.14	-1.23831675	-0.07057564727954775	0.028017089729975513	1	0.27292182499999995	0.17595873545966295	0.01750123276070503	0	1	2	1/2	3.44969	2.78091	0.0973286	0.0977506	0.0953722	0.0937008	27221.4	30979.6	29289.5	34921.4	30647.7	39280.8	36065.4	46216.3	2.4294	2.25952	0.100452	0	23.4119	999.9	61.4	25.2	19.5166	61.8646	25.6571	2	-0.311987	0	20.2961	5.2098	11.968	4.9906	3.2717	3116.8	9999.0	9999.0	999.9	4.97261	1.86264	1.86435	1.86279	1.86279	1.8634	1.85989	1.8627	0.0	0.0	0.0	0.0	11111111	oooooooo	on	on	on	on	0.0	100.0	100.0	1.308	0.108	1.632001505292205	-0.0010337305037507979	9.120241388950126e-07	-2.246115299815222e-10	-0.1020402871493204	-0.01814858093373864	0.0020919599883593687	-1.9087170078860404e-05	2.0	2210.0	1.0	26.0	1.7	1.7	1.26465	2.35474	2.34741	2.73438	2.39868	2.29858	30.0932	16.0233	18	733.827	659.556	24.4248	23.4614	30.0002	23.3235	23.2788	25.3698	18.9274	52.0824	-999.9	405	17.2336	100.579	100.922	
15	1750959301.6	2030.5999999046326	20250626 10:35:01	10:35:01	15	1750959293.5999994	0.0008449962569129883	0.8449962569129883	4.968485318329402	401.01383870967743	258.9671215135916	26.23994514925746	40.632884477124044	0.059664108878292176	3.0	0.05901265470748395	0.036940846944016864	161.91186795442104	26.27090306607653	25.14643870967742	3.2075440260107335	54.55395536064308	1.7924733167322289	3.2856890116997364	1.4150707092785046	-37.264334929862784	65.47125452903204	4.632483466442014	194.75127102003228	4.968485318329402	0.8449962569129883	5.050945515220209	412.0265177697861	408.1772787878787	-0.0013677551934280201	66.95300849679792	0.8616580763872741	17.07610221752497	17.710383030303028	0.00012487183002236565	79.18712270522865	583.0	73.0	1	0	53775.0	999.9736451612903	841.1779003741777	0.8412000700663469	0.16191613522804948	6.0	0.5	1: Needles	2.0	False	1750959293.5999994	401.01383870967743	404.99425806451615	17.690267741935482	17.067745161290325	399.6728387096774	17.589267741935483	800.0172903225805	101.22529032258063	0.10010185806451613	25.55124193548387	25.14643870967742	999.9000000000003	0.0	0.0	10009.356774193548	0.0	0.00152894	-4.01216741935484	408.21367741935484	412.0266129032259	0.6477534516129031	404.99425806451615	17.067745161290325	1.7932567741935486	1.727687096774193	15.72811935483871	15.147461290322578	999.9736451612903	0.9599979354838708	0.04000249677419355	0.0	0.7291935483870967	0.0	8350.22806451613	7946.694516129033	37.7074193548387	41.73154838709675	39.17722580645161	41.21751612903224	38.04416129032258	959.9725806451613	40.001290322580644	0.0	1750959319.1	0.0	1750959325.1	10:35:25	1750959325.1	1750959319.1	15	0.033	-0.003	1.341	0.101	405.0	17.0	0.52	0.15	-4.00204825	-0.1934052157598406	0.03108563220263505	0	0.662704475	-0.3270915534709187	0.03343661035301538	0	0	2	0/2	3.44931	2.78017	0.0967946	0.0977395	0.0961708	0.0932533	27234	30975.9	29286.1	34917.2	30617.2	39295.5	36061.7	46210.6	1.33267	2.25738	0.0885502	0	23.7281	999.9	61.7	25.3	19.7297	61.6846	25.8534	2	-0.306202	0	20.2953	5.2098	11.968	4.98985	3.27132	3120.7	9999.0	9999.0	999.9	4.9726	1.86264	1.8644	1.86279	1.86279	1.8634	1.85989	1.86268	0.0	0.0	0.0	0.0	11111111	oooooooo	on	on	on	on	0.0	100.0	100.0	1.341	0.101	1.5909546814328372	-0.0010337305037507979	9.120241388950126e-07	-2.246115299815222e-10	-0.09789059550959237	-0.01814858093373864	0.0020919599883593687	-1.9087170078860404e-05	2.0	2210.0	1.0	26.0	1.8	1.8	1.26587	2.3584	2.34741	2.73071	2.39868	2.26929	30.179	16.0058	18	188.399	658.754	24.5818	23.5473	30.0004	23.4411	23.3537	25.3805	20.7157	56.1427	-999.9	405	17.2129	100.568	100.91	
16	1750959430.1	2159.0999999046326	20250626 10:37:10	10:37:10	15	1750959422.0999994	0.0008486468952402682	0.8486468952402682	5.058919359613293	400.9498064516129	253.26999805905467	25.661534959176745	40.62458070037235	0.05835175745786789	3.0	0.057728484959510266	0.03613574679335473	161.92038133571978	26.58056112039988	25.51890967741935	3.27938691084222	54.6027954816123	1.8274400939164317	3.346788525748337	1.4519468169257883	-37.42532808009583	55.478578374194676	3.938939387917635	183.91257101773627	5.058919359613293	0.8486468952402682	5.074891615445632	412.1802168755427	408.3076666666664	-0.0002843937081339876	66.95478621720125	0.8972948123453134	17.418413569376035	18.07866484848485	0.00013322670033311248	79.26435558613431	178.0	22.0	1	0	53694.0	1000.0311935483869	841.225893174115	0.8411996531720307	0.16191533062201943	6.0	0.5	1: Needles	2.0	False	1750959422.0999994	400.9498064516129	404.9990967741936	18.036167741935486	17.411177419354843	399.6068064516129	17.926167741935487	800.0193225806449	101.22051612903226	0.10034759677419355	25.861929032258068	25.51890967741935	999.9000000000003	0.0	0.0	9988.527096774193	0.0	0.00152894	-4.049764516129033	408.3244193548387	412.1755161290323	0.6506089032258064	404.9990967741936	17.411177419354843	1.8282238709677423	1.762368064516129	16.030216129032258	15.456948387096773	1000.0311935483869	0.9600119677419354	0.03998785161290324	0.0	2.627903225806452	0.0	7644.482258064517	7947.204516129031	36.35458064516129	39.22761290322581	37.73770967741936	38.45132258064515	36.78603225806451	960.0412903225807	39.98967741935484	0.0	1750959447.5	0.0	1750959452.1	10:37:32	1750959452.1	1750959447.1	16	0.002	-0.003	1.343	0.11	405.0	17.0	0.3	0.11	-4.033080731707317	-0.3446383275261346	0.03812092923586813	0	0.6509616585365854	0.005283491289198898	0.0027599842930779244	1	1	2	1/2	3.44973	2.78086	0.0967461	0.0976834	0.097553	0.0945503	27225.9	30968.2	29276.5	34907.3	30559.6	39227.9	36049.2	46196.9	2.24312	2.25213	0.0723451	0	24.3644	999.9	62.1	25.4	19.9778	62.1046	25.653	2	-0.289566	0	20.2939	5.2131	11.968	4.99105	3.272	3124.9	9999.0	9999.0	999.9	4.97261	1.86264	1.86444	1.86284	1.86285	1.86342	1.8599	1.86275	0.0	0.0	0.0	0.0	11111111	oooooooo	on	on	on	on	0.0	100.0	100.0	1.343	0.11	1.6242220376122023	-0.0010337305037507979	9.120241388950126e-07	-2.246115299815222e-10	-0.10133348636329134	-0.01814858093373864	0.0020919599883593687	-1.9087170078860404e-05	2.0	2210.0	1.0	26.0	1.8	1.9	1.26587	2.3645	2.34741	2.73071	2.39868	2.25708	30.3939	15.9795	18	600.445	656.881	24.905	23.7757	30.0006	23.5941	23.5431	25.3911	20.3666	59.919	-999.9	405	17.4039	100.534	100.881	
17	1750959557.6	2286.5999999046326	20250626 10:39:17	10:39:17	15	1750959549.8499994	0.0008798159542204075	0.8798159542204075	3.070132790014314	402.4216333333333	303.92021751863336	30.788336301868682	40.76692456780809	0.05539877227108628	3.0	0.05483665919122824	0.03432294020149843	161.91247845789883	26.842497350908094	26.346083333333336	3.443980606444664	54.7295501557484	1.8611872978682444	3.4006990603279403	1.5827933085764196	-38.79988358111997	-34.629294960000834	-2.472227117511273	86.01107279926676	3.070132790014314	0.8798159542204075	2.9110908467263497	412.307932579366	410.0642060606058	0.006157757286965791	66.95463986230796	0.9264509364323995	17.735344232610508	18.416541818181802	0.0002132540577199844	79.26481760598439	75.0	9.0	1	0	53613.0	999.9794999999999	841.1826505999475	0.8411998951977991	0.16191579773175235	6.0	0.5	1: Needles	2.0	False	1750959549.8499994	402.4216333333333	404.98983333333325	18.372296666666667	17.724543333333337	401.1116333333333	18.25129666666667	799.9820333333333	101.20393333333332	0.10007517666666667	26.13197333333333	26.346083333333336	999.9000000000002	0.0	0.0	9995.331666666667	0.0	0.00152894	-2.5346169999999995	409.9977333333334	412.2976333333333	0.6719699	404.98983333333325	17.724543333333337	1.8618006666666667	1.7937946666666669	16.31555666666667	15.732816666666666	999.9794999999999	0.9600030333333334	0.03999691000000001	0.0	2.0823333333333327	0.0	6859.571333333332	7946.763000000002	35.3164	38.78313333333334	36.77686666666666	37.570566666666664	35.870533333333334	959.9833333333333	39.99566666666667	0.0	1750959574.7	0.0	1750959575.6	10:39:35	1750959574.6	1750959575.6	17	-0.033	-0.0	1.31	0.121	405.0	18.0	0.23	0.07	-2.5437763414634147	0.12672794425086978	0.02879298489733283	0	0.6674788048780488	0.06905619512195021	0.0073326688124547785	1	1	2	1/2	3.4499	2.78116	0.0969769	0.0976239	0.098779	0.0956938	27211.8	30962.6	29269.6	34899.6	30510.3	39170	36040.4	46186.9	2.41062	2.24835	0.107959	0	24.6107	999.9	62.4	25.5	20.198	62.0947	25.5889	2	-0.275732	0	20.2955	5.2107	11.968	4.99095	3.2717	3128.8	9999.0	9999.0	999.9	4.97263	1.86265	1.86447	1.86293	1.86295	1.86354	1.85994	1.86279	0.0	0.0	0.0	0.0	11111111	oooooooo	on	on	on	on	0.0	100.0	100.0	1.31	0.121	1.6260065137862099	-0.0010337305037507979	9.120241388950126e-07	-2.246115299815222e-10	-0.10434898341474644	-0.01814858093373864	0.0020919599883593687	-1.9087170078860404e-05	2.0	2210.0	1.0	26.0	1.8	1.8	1.26587	2.36694	2.34863	2.72827	2.39868	2.25464	30.674	15.9708	18	725.099	656.226	25.2029	23.9873	30.0008	23.7839	23.7353	25.3977	19.8149	63.7307	-999.9	405	17.693	100.51	100.859	
18	1750959710.6	2439.5999999046326	20250626 10:41:50	10:41:50	15	1750959702.5999994	0.0002676813424882165	0.2676813424882165	2.163936102161173	403.30087096774184	196.51795739226148	19.908490046101793	40.85688392953775	0.017412744543586454	3.0	0.017356790544442537	0.01085300626618041	161.91740050009858	27.291345204637082	26.187564516129033	3.4118907033918555	54.63457702481435	1.8904043260827328	3.4600877851111296	1.5214863773091227	-11.804747203730349	38.428473599999506	2.745307594701648	191.28643449106937	2.163936102161173	0.2676813424882165	2.036560059738872	412.5993522135321	411.035678787879	0.002216032200617752	66.95497639942522	0.27675224602982346	18.4800244590776	18.682536969696958	0.00029111989189771617	79.25697654301176	15.0	2.0	1	0	53713.0	1000.0051612903226	841.2046343222975	0.8412002926433677	0.1619165648016996	6.0	0.5	1: Needles	2.0	False	1750959702.5999994	403.30087096774184	405.00477419354837	18.660299999999996	18.46328709677419	402.0518709677418	18.510299999999997	800.0074838709677	101.20616129032258	0.10005169032258063	26.42516451612903	26.187564516129033	999.9000000000003	0.0	0.0	9999.614193548387	0.0	0.00152894	-1.6425890322580643	411.0342903225806	412.62312903225813	0.20203154838709678	405.00477419354837	18.46328709677419	1.889046129032258	1.8685983870967742	16.543774193548387	16.37275806451613	1000.0051612903226	0.9599923870967741	0.040007783870967734	0.0	1.8908064516129035	0.0	6723.975161290322	7946.921612903223	37.24767741935483	41.91509677419354	38.902967741935484	40.87883870967742	37.75174193548386	959.9961290322582	40.01	0.0	1750959727.7	0.0	1750959729.6	10:42:09	1750959727.6	1750959729.6	18	-0.061	0.001	1.249	0.15	405.0	19.0	0.22	0.17	-1.6425819999999998	0.013092833020643102	0.014177917900735634	1	0.20747547500000002	-0.10041191369606034	0.011112090811335868	0	1	2	1/2	3.45032	2.78059	0.0970728	0.0975559	0.0997101	0.0984795	27194.9	30950.3	29255.4	34884.5	30463.8	39032.1	36022.4	46166.1	2.49478	2.2426	0.0819005	0	24.8649	999.9	62.9	25.7	20.6024	61.9447	25.4768	2	-0.252315	0	20.2957	5.2113	11.968	4.9911	3.272	3133.3	9999.0	9999.0	999.9	4.97263	1.86273	1.86447	1.86295	1.86295	1.86355	1.86004	1.86279	0.0	0.0	0.0	0.0	11111111	oooooooo	on	on	on	on	0.0	100.0	100.0	1.249	0.15	1.5930786832076393	-0.0010337305037507979	9.120241388950126e-07	-2.246115299815222e-10	-0.10475423414025958	-0.01814858093373864	0.0020919599883593687	-1.9087170078860404e-05	2.0	2210.0	1.0	26.0	2.3	2.2	1.26709	2.36694	2.34741	2.72949	2.39868	2.25586	31.0202	15.962	18	798.175	655.109	25.5201	24.2989	30.0007	24.0723	24.0198	25.4131	18.207	70.6807	-999.9	405	18.5491	100.46	100.814	
19	1750959838.6	2567.5999999046326	20250626 10:43:58	10:43:58	15	1750959830.5999994	-6.184585778484187e-05	-0.06184585778484187	0.4126971830548817	404.68880645161295	563.68680720333	57.10847533263923	41.000002883339825	-0.003849291609994934	3.0	-0.003852037621503821	-0.002407276638719257	161.9144287142828	27.41912778060872	26.539887096774198	3.4835712899972218	54.774945878769756	1.9001827669933604	3.4690728334062184	1.5833885230038613	2.7274023283115265	-11.442561135483878	-0.819074325099924	152.3801955820105	0.4126971830548817	-0.06184585778484187	0.5959562653981503	412.76093170220116	412.30517575757585	7.041146884775078e-05	66.95173536262106	0.040294982401837647	18.81690463732417	18.81685454545455	0.007372902105394394	79.32196867979445	19.0	2.0	1	0	53647.0	999.9933548387097	841.1941534438035	0.8411997433517755	0.1619155046689267	6.0	0.5	1: Needles	2.0	False	1750959830.5999994	404.68880645161295	404.97954838709677	18.75567419354839	18.801187096774193	403.48180645161295	18.59267419354839	800.0267096774195	101.21222580645163	0.10019556451612904	26.469138709677424	26.539887096774198	999.9000000000003	0.0	0.0	10001.251612903226	0.0	0.00152894	-0.2485813838709678	412.4654838709677	412.7395483870967	-0.04955606225806451	404.97954838709677	18.801187096774193	1.897895161290322	1.9029096774193546	16.61722258064516	16.658800000000003	999.9933548387097	0.9600054516129031	0.03999417096774193	0.0	1.7951612903225804	0.0	5949.9151612903215	7946.877741935485	35.86464516129031	38.8928387096774	37.185322580645156	38.046161290322566	36.33445161290322	959.9970967741936	39.990967741935485	0.0	1750959856.1	0.0	1750959860.6	10:44:20	1750959860.6	1750959850.6	19	-0.042	0.001	1.207	0.163	405.0	19.0	0.42	0.19	0.015728677500000003	-5.168984788367732	0.558571567478767	0	-0.06680469824999999	0.4502017592870546	0.043901600413252584	0	0	2	0/2	3.45039	2.7804	0.0972712	0.0975392	0.100181	0.0997243	27183.9	30946.5	29250.5	34880.2	30442.6	38973.7	36015.9	46160.5	2.48598	2.2393	0.11012	0	24.7607	999.9	63.3	25.9	20.9795	62.2247	25.3966	2	-0.243044	0	20.2933	5.20726	11.968	4.99	3.27122	3137.5	9999.0	9999.0	999.9	4.97263	1.86278	1.86449	1.86295	1.86295	1.86355	1.86004	1.86279	0.0	0.0	0.0	0.0	11111111	oooooooo	on	on	on	on	0.0	100.0	100.0	1.207	0.163	1.532542544801637	-0.0010337305037507979	9.120241388950126e-07	-2.246115299815222e-10	-0.10409486495985687	-0.01814858093373864	0.0020919599883593687	-1.9087170078860404e-05	2.0	2210.0	1.0	26.0	1.9	1.8	1.26709	2.36572	2.34741	2.72949	2.39868	2.29614	31.2374	15.9533	18	792.977	654.404	25.6737	24.4478	30.0005	24.2317	24.179	25.4208	17.9525	76.6302	-999.9	405	18.7898	100.443	100.802	
20	1750960004.1	2733.0999999046326	20250626 10:46:44	10:46:44	15	1750959996.3499994	-0.0049352620848953895	-4.935262084895389	-11.07279337587022	414.84399999999994	339.0025032073934	34.32978981341531	42.01003588650157	-0.2614911163519783	3.0	-0.274854380719542	-0.17052680861232947	161.91431456361104	28.652573802458228	25.699916666666663	3.3148045998888898	44.41105713054378	1.5400483161245668	3.4677137083174627	1.774756283764323	217.64505794388668	123.33609976000135	8.791201508049749	511.6866737755488	-11.07279337587022	-4.935262084895389	-10.996754404324504	412.79839891033737	421.2044666666665	0.00012310017412126006	66.95335281027106	-4.874389043737133	18.8586062636369	15.238064242424235	0.005032727287794175	79.28329672947228	799.0	100.0	1	0	53774.0	999.9894333333334	841.1911245200057	0.8412000132001451	0.16191602547628023	6.0	0.5	1: Needles	2.0	False	1750959996.3499994	414.84399999999994	405.0033666666667	15.207790000000001	18.85313666666667	413.6069999999999	15.171343333333335	799.9581000000001	101.22353333333334	0.04353546	26.462493333333338	25.699916666666663	999.9000000000002	0.0	0.0	9994.238666666668	0.0	0.0015349919999999998	9.807099999999998	421.2163666666668	412.78583333333336	-3.645335666666667	405.0033666666667	18.85313666666667	1.539388	1.9083826666666668	13.365086666666667	16.70400666666667	999.9894333333334	0.9599989333333336	0.04000071333333333	0.0	1.6196666666666666	0.0	4996.664666666667	7946.827000000001	35.99139999999999	40.05386666666665	37.47893333333332	38.88306666666666	36.5498	959.989	40.0	0.0	1750960021.1	0.0	1750960029.1	10:47:09	1750960029.1	1750959850.6	20	0.029	0.001	1.237	0.163	405.0	19.0	0.1	0.19	9.810436249999999	-0.1570535459662542	0.0347100671770813	0	-3.6624970000000006	0.2952643902439085	0.029676602922167488	0	0	2	0/2	3.45049	2.72542	0.0990259	0.0974912	0.0861839	0.099839	27121.9	30939.1	29241.3	34871	30915	38958.6	36005.5	46148.2	0.289	2.23353	0.0509992	0	24.9008	999.9	63.9	26.1	21.4273	61.8847	21.8069	2	-0.227119	0	20.296	5.21684	11.968	4.9918	3.272	3142.4	9999.0	9999.0	999.9	4.97265	1.86279	1.86453	1.86298	1.86296	1.86356	1.86005	1.86282	0.0	0.0	0.0	0.0	11111111	oooooooo	on	on	on	on	0.0	100.0	100.0	1.237	0.0375	1.490937069547424	-0.0010337305037507979	9.120241388950126e-07	-2.246115299815222e-10	-0.10305955406833167	-0.01814858093373864	0.0020919599883593687	-1.9087170078860404e-05	2.0	2210.0	1.0	26.0	2.4	2.6	1.26709	2.36206	2.34741	2.72827	2.39868	2.29126	31.477	15.9358	18	-1.84305	652.274	25.7913	24.6606	30.0004	24.6669	24.386	25.4251	19.6363	83.133	-999.9	405	18.7924	100.413	100.775	
21	1750960119.1	2848.0999999046326	20250626 10:48:39	10:48:39	15	1750960111.0999994	0.0006511480505585868	0.6511480505585868	3.7524496115468535	402.00112903225806	247.5283140591797	25.0823404995332	40.735255834906944	0.04132642984361111	3.0	0.041012748530342966	0.025660952236562697	161.91131718676937	27.37467002005929	26.498141935483872	3.4750100751367134	54.584754642969415	1.9089424750511441	3.4972081262199435	1.5660676000855693	-28.715629029633675	17.47635739354888	1.2515790703548515	151.92362462103944	3.7524496115468535	0.6511480505585868	3.7892798177600606	412.59225144319237	409.693612121212	0.001013941618098079	66.95042144326699	0.6696045493565167	18.37653174145194	18.867855151515148	0.00035198506259976383	79.34525683677295	0	0.0	1	0	53578.0	999.9744193548388	841.1782013035242	0.8411997197350645	0.16191545908867444	6.0	0.5	1: Needles	2.0	False	1750960111.0999994	402.00112903225806	405.01187096774197	18.838645161290323	18.359470967741935	400.74412903225806	18.697645161290325	799.977935483871	101.23135483870965	0.09984274516129034	26.606196774193553	26.498141935483872	999.9000000000003	0.0	0.0	9990.702580645162	0.0	0.00152894	-3.0296083870967743	409.7100322580646	412.5866774193548	0.5023558709677419	405.01187096774197	18.359470967741935	1.9094087096774193	1.8585541935483871	16.712461290322583	16.28815483870968	999.9744193548388	0.9600101612903227	0.039989641935483884	0.0	2.551451612903226	0.0	5921.172258064516	7946.745483870966	37.36664516129031	41.92516129032258	38.94738709677419	41.108645161290305	37.884774193548374	959.9858064516127	39.98967741935484	0.0	1750960136.3	0.0	1750960136.1	10:48:56	1750960136.1	1750960136.1	21	0.021	-0.008	1.257	0.141	405.0	18.0	0.23	0.18	-3.0252409756097567	-0.11045331010452616	0.024847437891659847	0	0.5100668780487805	-0.13690239721254363	0.016338140489164144	0	0	2	0/2	3.45026	2.78093	0.0967347	0.0974663	0.100302	0.0980189	27186.5	30935.6	29236.9	34866.6	30425	39033	35999	46142.8	2.53207	2.22968	0.0943989	0	24.9856	999.9	64.1	26.2	21.6212	61.8147	25.4888	2	-0.220234	0	20.2953	5.2113	11.968	4.9908	3.272	3145.9	9999.0	9999.0	999.9	4.97262	1.86279	1.8646	1.86299	1.86297	1.86356	1.86005	1.86286	0.0	0.0	0.0	0.0	11111111	oooooooo	on	on	on	on	0.0	100.0	100.0	1.257	0.141	1.5201967172374975	-0.0010337305037507979	9.120241388950126e-07	-2.246115299815222e-10	-0.10305955406833167	-0.01814858093373864	0.0020919599883593687	-1.9087170078860404e-05	2.0	2210.0	1.0	26.0	1.5	4.5	1.26709	2.3645	2.34741	2.72583	2.39868	2.29248	31.6298	15.927	18	837.743	650.489	25.8855	24.7624	30.0004	24.5474	24.4945	25.4205	22.1864	84.6509	-999.9	405	18.476	100.396	100.763	
22	1750960235.1	2964.0999999046326	20250626 10:50:35	10:50:35	15	1750960227.0999994	0.0014919568496686313	1.4919568496686313	7.7347306970965395	398.7743548387096	265.7480180732879	26.92855052679287	40.40826133311739	0.10056997434030263	3.0	0.09873384780770489	0.06187083137245329	161.91201027846418	27.170603526395706	26.17395483870968	3.4091478275732556	54.817432967678506	1.9181939682557487	3.4992407787259134	1.490953859317507	-65.79529707038664	71.50452905806469	5.112783525861043	172.73402579200325	7.7347306970965395	1.4919568496686313	7.8259195095799665	412.361655483322	406.4250242424241	-0.0115905479137175	66.94981470596784	1.4687234402957006	17.831989410240684	18.912999999999993	-7.367551747272179e-05	79.36039857887343	109.0	14.0	1	0	53646.0	999.968129032258	841.17379672125	0.8412006065986475	0.16191717073538955	6.0	0.5	1: Needles	2.0	False	1750960227.0999994	398.7743548387096	405.02164516129034	18.929954838709673	17.832164516129033	397.5193548387096	18.770751612903226	799.9965806451615	101.23083870967739	0.10030468709677419	26.616061290322584	26.17395483870968	999.9000000000003	0.0	0.0	9980.86193548387	0.0	0.00152894	-6.242198709677419	406.4740322580644	412.37512903225803	1.0977848387096774	405.02164516129034	17.832164516129033	1.916296129032258	1.8051658064516127	16.769148387096774	15.831590322580643	999.968129032258	0.9599821612903227	0.040017538709677405	0.0	2.5082258064516134	0.0	7772.789032258062	7946.602580645162	36.112645161290324	39.09048387096774	37.42322580645161	38.35058064516129	36.59848387096774	959.9512903225807	40.01903225806451	0.0	1750960252.1	0.0	1750960252.1	10:50:52	1750960252.1	1750960136.1	22	-0.002	-0.008	1.255	0.141	405.0	18.0	0.23	0.18	-6.24012625	-0.09260746716695967	0.023133718971179208	1	1.11199275	-0.2862133958724224	0.028570081815379886	0	1	2	1/2	3.44998	2.78066	0.0961159	0.0974427	0.100473	0.0958865	27203.6	30934.1	29235.5	34864.3	30417.9	39123.4	35997.4	46140.3	2.34302	2.2264	0.0802055	0	24.8737	999.9	64.2	26.3	21.7817	62.0347	25.5329	2	-0.216329	0	20.2937	5.21085	11.968	4.991	3.272	3149.5	9999.0	9999.0	999.9	4.97262	1.86279	1.86461	1.86304	1.86298	1.86356	1.86005	1.86291	0.0	0.0	0.0	0.0	11111111	oooooooo	on	on	on	on	0.0	100.0	100.0	1.255	0.1585	1.5409394102977745	-0.0010337305037507979	9.120241388950126e-07	-2.246115299815222e-10	-0.11097183977662872	-0.01814858093373864	0.0020919599883593687	-1.9087170078860404e-05	2.0	2210.0	1.0	26.0	1.6	1.6	1.26709	2.37305	2.34741	2.72705	2.39868	2.26562	31.7611	15.9007	18	683.663	648.756	25.9377	24.8239	30.0001	24.6282	24.5693	25.413	25.621	85.7112	-999.9	405	17.9035	100.391	100.757	
23	1750960334.6	3063.5999999046326	20250626 10:52:14	10:52:14	15	1750960326.8499994	0.0005324900260565605	0.5324900260565605	2.224638614441071	403.14736666666676	290.7812637757917	29.464620546912276	40.85058311211993	0.034495337951541666	3.0	0.03427649018496158	0.021442353073629468	161.906793897179	27.257573343713627	26.27351666666667	3.4292579451262757	54.70088503916719	1.8964633435961056	3.4669701271527704	1.53279460153017	-23.482810149094316	29.976150240000013	2.142762747580227	170.54289673566493	2.224638614441071	0.5324900260565605	2.192054536149548	412.5522309119566	410.87392727272726	0.0010465994227813673	66.94903896587532	0.6126049605089224	18.329230468858636	18.76818606060605	0.002946011272909699	79.37774040279179	124.0	15.0	1	0	53865.0	999.9470333333334	841.1551180399891	0.8411996735826999	0.16191537001461076	6.0	0.5	1: Needles	2.0	False	1750960326.8499994	403.14736666666676	404.97686666666664	18.71587	18.323973333333335	401.91836666666677	18.57487	799.9925333333334	101.22913333333331	0.10002441333333333	26.45885666666667	26.27351666666667	999.9000000000002	0.0	0.0	10003.022333333332	0.0	0.00152894	-1.8027236666666662	410.8682333333333	412.5361666666666	0.4022764666666666	404.97686666666664	18.323973333333335	1.8956410000000001	1.8549196666666667	16.598556666666664	16.257443333333335	999.9470333333334	0.9600095333333333	0.03999022666666666	0.0	1.2576666666666663	0.0	4860.644666666666	7946.529333333334	35.25393333333333	38.383066666666664	36.606033333333336	37.39556666666666	35.83516666666666	959.9600000000003	39.987	0.0	1750960351.7	0.0	1750960354.6	10:52:34	1750960350.6	1750960354.6	23	-0.026	0.004	1.229	0.141	405.0	18.0	0.25	0.19	-1.7615119999999997	-0.6002613883677276	0.06848523900082411	0	0.374126775	0.46390344090056296	0.04552348375426001	0	0	2	0/2	3.45041	2.78126	0.0969269	0.0974502	0.0999375	0.0977928	27180.5	30935.7	29236.8	34866.3	30438.1	39043.2	35999.6	46143.1	2.31842	2.2262	0.100601	0	24.6283	999.9	64.2	26.4	21.9121	61.4047	25.5048	2	-0.21765	0	20.2961	5.2122	11.968	4.99115	3.272	3152.7	9999.0	9999.0	999.9	4.97263	1.86279	1.86462	1.86309	1.86299	1.86356	1.86005	1.86285	0.0	0.0	0.0	0.0	11111111	oooooooo	on	on	on	on	0.0	100.0	100.0	1.229	0.141	1.5386500957945033	-0.0010337305037507979	9.120241388950126e-07	-2.246115299815222e-10	-0.11097183977662872	-0.01814858093373864	0.0020919599883593687	-1.9087170078860404e-05	2.0	2210.0	1.0	26.0	1.4	3.3	1.26831	2.37183	2.34741	2.72461	2.39868	2.2583	31.8488	15.892	18	665.456	648.747	25.9208	24.8194	29.9999	24.6406	24.5817	25.4258	23.6836	85.7806	-999.9	405	18.3299	100.397	100.763	
24	1750960467.1	3196.0999999046326	20250626 10:54:27	10:54:27	15	1750960459.3499994	0.0007253368572777483	0.7253368572777483	4.316064178638761	401.5307666666667	237.7354702523651	24.088408643880207	40.68487205670125	0.04474024971788793	3.0	0.04437285243990768	0.027765790348220135	161.91719379445368	27.15796354393828	26.642339999999997	3.5046607254691247	54.74928128472383	1.8924821266373895	3.456633735145361	1.6121785988317352	-31.987355405948698	-37.86347583999925	-2.710884261860475	89.35547828664524	4.316064178638761	0.7253368572777483	4.278069941971217	412.502184610696	409.2314000000001	0.0008505254252431379	66.95233510195983	0.7608020605500692	18.147896489748387	18.707601212121208	5.723007378199975e-05	79.2976903118087	48.0	6.0	1	0	53781.0	1000.0024000000001	841.2024360800277	0.8412004171990264	0.1619168051941212	6.0	0.5	1: Needles	2.0	False	1750960459.3499994	401.5307666666667	404.98629999999986	18.67745333333333	18.14360333333333	400.3237666666667	18.54445333333333	799.9880999999999	101.22436666666665	0.10005336333333334	26.408233333333335	26.642339999999997	999.9000000000002	0.0	0.0	10000.160666666668	0.0	0.00152894	-3.4321333333333333	409.2057000000001	412.4699333333334	0.5549891	404.98629999999986	18.14360333333333	1.8927526666666663	1.836575	16.574596666666665	16.10159333333333	1000.0024000000001	0.9599872333333335	0.04001302666666665	0.0	0.6501666666666668	0.0	5451.362999999999	7946.890666666667	36.862199999999994	41.11219999999998	38.32066666666666	40.27893333333332	37.37886666666666	959.9883333333335	40.014	0.0	1750960484.3	0.0	1750960489.1	10:54:49	1750960484.1	1750960489.1	24	-0.022	-0.001	1.207	0.133	405.0	18.0	0.27	0.21	-3.43574	-0.005386620209062638	0.024170374932761054	1	0.552834975609756	0.03406285714285796	0.0035330282008070374	1	2	2	2/2	3.45009	2.78044	0.096643	0.0974502	0.0996978	0.0970997	27194.3	30940.7	29242.2	34871.6	30452.2	39079.9	36006.8	46151.1	2.43727	2.2268	0.132062	0	24.4882	999.9	64.2	26.5	22.0429	61.7547	25.5569	2	-0.224062	0	20.2956	5.20935	11.968	4.9903	3.27132	3156.6	9999.0	9999.0	999.9	4.97263	1.86279	1.86461	1.86306	1.86301	1.86357	1.86005	1.86286	0.0	0.0	0.0	0.0	11111111	oooooooo	on	on	on	on	0.0	100.0	100.0	1.207	0.133	1.5124420156049034	-0.0010337305037507979	9.120241388950126e-07	-2.246115299815222e-10	-0.10700457449533657	-0.01814858093373864	0.0020919599883593687	-1.9087170078860404e-05	2.0	2210.0	1.0	26.0	1.9	1.9	1.26831	2.37549	2.34741	2.72095	2.39868	2.27295	31.8707	15.8745	18	757.32	648.706	25.8617	24.7489	29.9997	24.5896	24.5385	25.4296	24.9906	85.7806	-999.9	405	18.1059	100.416	100.779	
25	1750960569.6	3298.5999999046326	20250626 10:56:09	10:56:09	15	1750960561.8499994	0.001767065813601176	1.7670658136011759	3.343170072368022	401.9752333333333	348.08344662575416	35.267703938261434	40.72800260150216	0.12121323031700489	3.0	0.11855669528905131	0.07433176450206497	161.91881907266753	26.82713661868699	25.94783	3.3638558966956995	54.973724927771364	1.8928799569374528	3.443244858201735	1.4709759397582467	-77.92760237981186	63.82641679999969	4.552358857296602	152.36999235015196	3.343170072368022	1.7670658136011759	3.4080041972345283	412.1708883054613	409.5710000000001	-0.00038669893698182534	66.95197169461062	1.7483514969207272	17.37978462631021	18.6667606060606	-4.8584540815820425e-05	79.30436502227397	22.0	3.0	1	0	53702.0	1000.0164666666667	841.2139309599314	0.8412000791986273	0.16191615285335054	6.0	0.5	1: Needles	2.0	False	1750960561.8499994	401.9752333333333	405.0153333333334	18.682253333333332	17.381720000000005	400.7362333333333	18.530096666666665	800.0039666666667	101.21956666666665	0.10011480666666668	26.34246333333333	25.94783	999.9000000000002	0.0	0.0	10000.914333333332	0.0	0.00152894	-3.071131	409.5964333333333	412.1796999999999	1.300529	405.0153333333334	17.381720000000005	1.891009	1.7593706666666662	16.560093333333334	15.430413333333336	1000.0164666666667	0.9599968333333332	0.04000319666666667	0.0	1.9034999999999997	0.0	5401.444666666666	7947.039333333334	37.50393333333333	41.17896666666665	38.943499999999986	40.68309999999998	37.8456	960.014	40.00333333333334	0.0	1750960586.9	0.0	1750960586.6	10:56:26	1750960586.6	1750960489.1	25	0.032	-0.001	1.239	0.133	405.0	18.0	0.4	0.21	-3.054251219512195	-0.3106496864111476	0.03466957182758265	0	1.3253531707317072	-0.39096292682927003	0.04128125136592525	0	0	2	0/2	3.44978	2.78144	0.0967212	0.0974502	0.0995563	0.0941486	27195.1	30943.9	29245.5	34875	30461	39212.7	36011.7	46157	2.47633	2.22525	0.0867844	0	24.5755	999.9	64.1	26.6	22.1371	61.5447	25.641	2	-0.229634	0	20.2943	5.2116	11.968	4.99125	3.272	3159.8	9999.0	9999.0	999.9	4.97264	1.86279	1.86461	1.86307	1.86305	1.86356	1.86005	1.86286	0.0	0.0	0.0	0.0	11111111	oooooooo	on	on	on	on	0.0	100.0	100.0	1.239	0.1515	1.4903024566613785	-0.0010337305037507979	9.120241388950126e-07	-2.246115299815222e-10	-0.10840782806901131	-0.01814858093373864	0.0020919599883593687	-1.9087170078860404e-05	2.0	2210.0	1.0	26.0	1.4	1.3	1.26709	2.37183	2.34741	2.71729	2.39868	2.29004	31.8927	15.8569	18	789.105	646.88	25.8399	24.6733	30.0001	24.5339	24.4911	25.418	28.2212	85.4077	-999.9	405	17.3861	100.429	100.791	
26	1750960706.6	3435.5999999046326	20250626 10:58:26	10:58:26	15	1750960698.5999994	-3.76184039697661e-05	-0.037618403969766095	-0.34080399904759107	405.25716129032253	171.17410569292662	17.343032159698794	41.059878494792315	-0.00240264969224402	3.0	-0.00240371922944969	-0.0015022283876176172	161.9106658323481	27.48101752513847	26.407706451612903	3.4565262968373274	54.92071906350932	1.9129059877445056	3.4830315778139322	1.5436203090928218	1.658971615066685	20.953159664516473	1.4993749916561234	186.02217210358737	-0.34080399904759107	-0.037618403969766095	-0.4584883462001902	412.83097685907745	413.18782424242414	-0.0018707839363638892	66.95054250457783	0.012992930809533072	18.918134539358498	18.915323030303036	0.003071188412548815	79.33052507436726	29.0	4.0	1	0	53404.0	999.9701935483871	841.174663586876	0.8411997367661267	0.16191549195862454	6.0	0.5	1: Needles	2.0	False	1750960698.5999994	405.25716129032253	404.9901290322581	18.880203225806454	18.907883870967744	404.0751612903225	18.713203225806453	800.0137419354838	101.21829032258067	0.09979216129032259	26.53725806451613	26.407706451612903	999.9000000000003	0.0	0.0	10009.2	0.0	0.00152894	0.32370203225806443	413.1104193548387	412.7951935483871	-0.035221274193548396	404.9901290322581	18.907883870967744	1.9102590322580641	1.9138235483870967	16.719461290322577	16.748838709677422	999.9701935483871	0.9600077419354842	0.039992461290322585	0.0	1.5217741935483875	0.0	4229.508387096775	7946.704193548386	35.62064516129031	38.310322580645156	36.892838709677406	37.49970967741935	36.07645161290322	959.9793548387097	39.99	0.0	1750960723.7	0.0	1750960722.1	10:58:42	1750960722.1	1750960721.6	26	-0.056	0.005	1.182	0.167	405.0	19.0	0.38	0.2	0.321818625	0.13687550093808598	0.029190357210633365	0	-0.053671197500000004	0.403162461163227	0.04049715016417968	0	0	2	0/2	3.45047	2.7802	0.0973502	0.0974588	0.100488	0.10002	27174.8	30941.2	29244	34872.2	30427.9	38955.7	36010.3	46154	2.46665	2.22652	0.104651	0	24.7703	999.9	64.1	26.7	22.2685	61.5547	25.5649	2	-0.227205	0	20.2938	5.20756	11.968	4.98895	3.27125	3164.0	9999.0	9999.0	999.9	4.97264	1.86279	1.86462	1.86308	1.86309	1.86359	1.86005	1.86291	0.0	0.0	0.0	0.0	11111111	oooooooo	on	on	on	on	0.0	100.0	100.0	1.182	0.167	1.5222932978851738	-0.0010337305037507979	9.120241388950126e-07	-2.246115299815222e-10	-0.10840782806901131	-0.01814858093373864	0.0020919599883593687	-1.9087170078860404e-05	2.0	2210.0	1.0	26.0	2.0	3.6	1.26953	2.37183	2.34741	2.71606	2.39868	2.28027	32.0024	15.8307	18	781.079	648.063	25.8625	24.6847	30.0002	24.5441	24.504	25.4548	22.1649	85.041	-999.9	405	18.8493	100.424	100.784	
27	1750960829.6	3558.5999999046326	20250626 11:00:29	11:00:29	15	1750960821.8499994	0.0012122420136123043	1.2122420136123042	5.120800267027093	400.7901999999999	286.4665007676135	29.025035659427942	40.60841255706231	0.0784604956693696	3.0	0.07733808598158227	0.04843581013919791	161.917163369053	27.15725622255225	26.406213333333334	3.456221845668456	54.859332584805955	1.9101172904720423	3.481845659568005	1.5461045551964137	-53.45987280030262	20.26012959999971	1.449730050693876	130.16715021944395	5.120800267027093	1.2122420136123042	5.128068483274613	412.3849099707909	408.47075757575766	-0.0006606124875635495	66.94868866963951	1.2722367229531055	17.956055353803347	18.89227818181818	-1.7344776170563634e-05	79.38531131170049	3.0	0.0	1	0	53670.0	1000.0001666666667	841.2007289995092	0.8412005887994111	0.1619171363828636	6.0	0.5	1: Needles	2.0	False	1750960821.8499994	400.7901999999999	404.99519999999995	18.85216	17.960116666666668	399.58719999999994	18.73016	799.9983333333332	101.2209666666667	0.09990534333333335	26.53148	26.406213333333334	999.9000000000002	0.0	0.0	9999.689666666667	0.0	0.00152894	-4.223851999999999	408.48999999999995	412.4020666666667	0.9353793333333333	404.99519999999995	17.960116666666668	1.9126183333333335	1.817938	16.738913333333333	15.94189	1000.0001666666667	0.9599815	0.040018216666666655	0.0	3.146166666666666	0.0	6740.108666666667	7946.851666666668	36.43736666666667	40.32466666666665	37.87469999999999	39.32056666666666	36.94769999999999	959.9813333333335	40.019666666666666	0.0	1750960846.7	0.0	1750960848.1	11:00:48	1750960848.1	1750960846.6	27	0.021	-0.007	1.203	0.122	405.0	18.0	0.41	0.09	-4.20733775	-0.2860616510318924	0.03219674482672899	0	0.93674605	-0.024393050656660396	0.0033950618326475356	1	1	2	1/2	3.45004	2.78085	0.0965042	0.0974438	0.100373	0.0963549	27198.1	30939.5	29241.8	34870	30429.6	39112.7	36007.5	46151.7	2.5028	2.22272	0.097096	0	24.8235	999.9	64.1	26.8	22.4003	61.8547	25.5889	2	-0.223999	0	20.2962	5.2131	11.968	4.9909	3.272	3167.9	9999.0	9999.0	999.9	4.9726	1.86279	1.86462	1.86309	1.8631	1.86357	1.86006	1.86292	0.0	0.0	0.0	0.0	11111111	oooooooo	on	on	on	on	0.0	100.0	100.0	1.203	0.122	1.465944455913358	-0.0010337305037507979	9.120241388950126e-07	-2.246115299815222e-10	-0.10321910817591146	-0.01814858093373864	0.0020919599883593687	-1.9087170078860404e-05	2.0	2210.0	1.0	26.0	1.8	1.8	1.26831	2.36816	2.34741	2.71606	2.39868	2.28149	32.0684	15.8219	18	812.425	645.328	25.9028	24.7303	30.0001	24.5759	24.5305	25.4418	26.7995	85.0409	-999.9	405	17.9017	100.417	100.778	
28	1750961011	3740	20250626 11:03:31	11:03:31	15	1750961003.25	0.0010066661234848127	1.0066661234848127	5.584456986134168	400.4949333333332	259.14985797358406	26.256240515381297	40.57687462002573	0.06769168083882189	3.0	0.06685445909323205	0.04185839516195797	161.9126345922845	27.21858434232419	26.07055666666667	3.3883719167638526	54.61489436996402	1.9026208677689702	3.4837032822594542	1.4857510489948824	-44.39397604568024	76.01160703999922	5.430182380965743	198.96044796756922	5.584456986134168	1.0066661234848127	5.551889277226811	412.4456114160567	408.20579393939374	-0.00015930408738732544	66.95020694242453	1.0667289931729838	18.06522006578878	18.834591515151516	0.0038741004623450786	79.29136669819368	316.0	39.0	1	0	53542.0	999.9785666666667	841.1820246799401	0.8412000544011061	0.16191610499413486	6.0	0.5	1: Needles	2.0	False	1750961003.25	400.4949333333332	404.9855999999999	18.77892333333333	18.03811	399.33293333333324	18.645923333333332	800.0088333333334	101.21666666666667	0.10015720000000002	26.540529999999997	26.07055666666667	999.9000000000002	0.0	0.0	10000.517	0.0	0.0015356286666666666	-4.447380666666666	408.2128666666667	412.4250333333333	0.7624267333333333	404.9855999999999	18.03811	1.9029303333333332	1.8257606666666668	16.658973333333332	16.009083333333333	999.9785666666667	0.9599980666666666	0.04000198	0.0	0.5183333333333334	0.0	5308.968999999999	7946.743666666667	36.97893333333333	40.00393333333333	38.320533333333316	39.45806666666667	37.3622	959.9786666666668	40.001	0.0	1750961028.5	0.0	1750961031.5	11:03:51	1750961031.5	1750961030	28	-0.041	0.006	1.162	0.133	405.0	18.0	0.47	0.08	-4.4407765	-0.18319857410879392	0.02951546946518035	0	0.7647788	-0.07191102439024477	0.010888390668964815	1	1	2	1/2	3.45021	2.78088	0.0964655	0.0974491	0.100196	0.0968009	27202.8	30942.6	29245.4	34873.4	30440.2	39098.1	36013.1	46157.5	1.9778	2.2236	0.0943057	0	24.5441	999.9	63.7	26.9	22.3925	62.0448	25.7572	2	-0.229093	0	20.2945	5.211	11.968	4.99115	3.272	3173.4	9999.0	9999.0	999.9	4.97262	1.86279	1.86461	1.86305	1.86304	1.86356	1.86005	1.86292	0.0	0.0	0.0	0.0	11111111	oooooooo	on	on	on	on	0.0	100.0	100.0	1.162	0.133	1.486923076021082	-0.0010337305037507979	9.120241388950126e-07	-2.246115299815222e-10	-0.11055230042664499	-0.01814858093373864	0.0020919599883593687	-1.9087170078860404e-05	2.0	2210.0	1.0	26.0	2.7	2.7	1.26953	2.37549	2.34741	2.71851	2.39868	2.28027	31.9365	15.7869	18	448.872	645.511	25.838	24.6705	30	24.5424	24.4876	25.4579	26.0776	84.6688	-999.9	405	18.1118	100.431	100.789	
29	1750961164.5	3893.5	20250626 11:06:04	11:06:04	15	1750961156.5	0.0002886515873032734	0.2886515873032734	3.9557371425857792	401.9339032258065	91.742707326631	9.292679736353232	40.71215191592244	0.020840262476357903	3.0	0.020760167259995955	0.012982275011183559	161.9120200726396	26.96586863010457	25.315532258064522	3.2399868154694986	54.992508169992064	1.8671355722613507	3.3952544344580318	1.3728512432081479	-12.729535000074357	127.66448554838661	9.065901071117375	285.9128716920692	3.9557371425857792	0.2886515873032734	3.8425839167352844	412.4920321123822	409.550624242424	0.001605491377667485	66.95280814069686	0.26984386810690897	18.21833388181004	18.417260606060598	-5.8599905430273243e-05	79.24560463236672	799.0	100.0	1	0	53772.0	999.9750645161291	841.1790540774165	0.8412000298071919	0.16191605752788052	6.0	0.5	1: Needles	2.0	False	1750961156.5	401.9339032258065	404.9882580645161	18.433441935483867	18.2209064516129	400.7919032258065	18.29244193548387	799.859129032258	101.21058064516124	0.08008329032258063	26.104870967741938	25.315532258064522	999.9000000000003	0.0	0.0	9998.975483870969	0.0	0.00152894	-3.0327580645161287	409.5062580645162	412.5044516129033	0.21780500000000003	404.9882580645161	18.2209064516129	1.8661938709677417	1.8441499999999995	16.35253870967742	16.166112903225805	999.9750645161291	0.9599989354838712	0.040000958064516125	0.0	1.9538709677419352	0.0	5570.934516129033	7946.7148387096795	35.743677419354825	39.09051612903226	37.120774193548385	37.900967741935474	36.22348387096773	959.9751612903225	40.0	0.0	1750961182.1	0.0	1750961184.5	11:06:24	1750961184.5	1750961182.5	29	-0.021	0.003	1.142	0.141	405.0	18.0	0.25	0.25	-3.0733163414634146	0.7345532404181123	0.07682079024225393	0	0.22632685365853658	-0.14466917770034798	0.014293840564248124	0	0	2	0/2	3.45016	2.76195	0.096724	0.0974669	0.0985785	0.097382	27199.4	30946.5	29249.9	34878	30501	39078.6	36019.4	46164.4	0.288125	2.2257	0.0702292	0	24.2232	999.9	63.5	26.9	22.3251	61.7448	24.7957	2	-0.236118	0	20.2968	5.21519	11.968	4.9914	3.272	3178.3	9999.0	9999.0	999.9	4.97261	1.86278	1.86455	1.86297	1.86301	1.86356	1.86005	1.86287	0.0	0.0	0.0	0.0	11111111	oooooooo	on	on	on	on	0.0	100.0	100.0	1.142	0.141	1.4458577063988092	-0.0010337305037507979	9.120241388950126e-07	-2.246115299815222e-10	-0.10491185962303778	-0.01814858093373864	0.0020919599883593687	-1.9087170078860404e-05	2.0	2210.0	1.0	26.0	2.2	2.2	1.26953	2.37427	2.34741	2.71362	2.39868	2.28149	31.7611	15.7694	18	-1.94559	646.158	25.6866	24.5816	29.9997	24.6082	24.4018	25.4693	25.404	84.2981	-999.9	405	18.2769	100.447	100.804	
30	1750961304.5	4033.5	20250626 11:08:24	11:08:24	15	1750961296.5	0.0037508672270681683	3.750867227068168	9.979423451459974	396.40058064516137	330.34974113095905	33.4655775837756	40.156757321554714	0.28722493081887923	3.0	0.27277528544348695	0.17172219939955152	161.91235964928532	26.25813590453302	25.296693548387093	3.2363582302111884	54.763756049048595	1.8785252841288653	3.4302345559467895	1.357832946082323	-165.41324471370623	158.76736180645239	11.283392539112732	166.5498692811442	9.979423451459974	3.750867227068168	10.06762877973612	411.4634164525642	403.7895090909091	0.0006167601285581605	66.95069523464511	3.76636129969507	15.777019698636767	18.549179393939394	5.3719757853461435e-05	79.3289895324523	312.0	39.0	1	0	53760.0	999.9804516129034	841.1833097029559	0.8411997538013688	0.1619155248366418	6.0	0.5	1: Needles	2.0	False	1750961296.5	396.40058064516137	405.0002903225806	18.543541935483873	15.782554838709677	395.15358064516136	18.39037096774193	799.9992903225805	101.20345161290324	0.10002593548387097	26.27833870967742	25.296693548387093	999.9000000000003	0.0	0.0	10003.18129032258	0.0	0.0015536000000000002	-8.701327096774193	403.78654838709684	411.4947096774194	2.76098	405.0002903225806	15.782554838709677	1.8766674193548394	1.5972483870967744	16.440454838709673	13.932277419354842	999.9804516129034	0.9600066451612904	0.0399935193548387	0.0	1.6441935483870962	0.0	10875.116129032263	7946.784838709677	37.306290322580644	41.403032258064506	38.76990322580645	40.70741935483869	37.75167741935483	959.9883870967742	39.990967741935485	0.0	1750961321.9	0.0	1750961323.5	11:08:43	1750961323.5	1750961182.5	30	0.106	0.003	1.247	0.141	405.0	18.0	0.17	0.25	-8.68290575	-0.24851583489680437	0.04061836585139166	0	2.75837075	0.07687170731707303	0.01166428553052007	1	1	2	1/2	3.44903	2.78083	0.0957228	0.097459	0.0991256	0.0879142	27235.4	30954	29255.8	34885.8	30488.9	39499.6	36027.8	46176.8	1.98765	2.2217	0.0680909	0	24.2283	999.9	63.6	26.9	22.3603	61.7848	26.0256	2	-0.245086	0	20.2963	5.21175	11.968	4.9908	3.27163	3182.4	9999.0	9999.0	999.9	4.97263	1.86276	1.86455	1.86298	1.86298	1.86356	1.86005	1.8629	0.0	0.0	0.0	0.0	11111111	oooooooo	on	on	on	on	0.0	100.0	100.0	1.247	0.1534	1.4252868064745785	-0.0010337305037507979	9.120241388950126e-07	-2.246115299815222e-10	-0.10185547103459758	-0.01814858093373864	0.0020919599883593687	-1.9087170078860404e-05	2.0	2210.0	1.0	26.0	2.0	2.0	1.26831	2.37915	2.34863	2.71851	2.39868	2.28271	31.6298	15.7431	18	452.686	641.712	25.6288	24.4594	30	24.3475	24.2993	25.4326	34.4302	82.574	-999.9	405	15.8974	100.469	100.829	
31	1750961427.5	4156.5	20250626 11:10:27	11:10:27	15	1750961419.5	0.0006407900196340561	0.6407900196340561	3.4645730976568143	402.19451612903225	258.5843147899484	26.195856906822964	40.74427330127672	0.04122607091498353	3.0	0.04091390505759971	0.025599040342515512	161.91902887926662	27.16361191923416	26.30658064516129	3.4359592879008987	54.75903902850921	1.8910463872281105	3.453395860806788	1.5449129006727882	-28.258839865861876	13.871731509676918	0.9914163873246225	148.52333691040627	3.4645730976568143	0.6407900196340561	3.3762607068625177	412.5120891426145	409.9270606060605	0.0017396060294246022	66.94881721122889	0.6649306382129032	18.20283832268177	18.691640606060606	0.00014191775452062914	79.36401775985884	62.0	8.0	1	0	53538.0	1000.0175806451613	841.2148832902768	0.8412000944499066	0.16191618228831994	6.0	0.5	1: Needles	2.0	False	1750961419.5	402.19451612903225	404.9862258064516	18.666880645161292	18.195261290322584	401.00051612903223	18.522880645161294	800.0033870967742	101.20500000000001	0.09989518709677418	26.39234838709677	26.30658064516129	999.9000000000003	0.0	0.0	10003.030322580646	0.0	0.00152894	-2.737136774193548	409.90670967741937	412.4916129032258	0.4860443870967742	404.9862258064516	18.195261290322584	1.89063935483871	1.8414496774193547	16.557038709677418	16.14315483870968	1000.0175806451613	0.959997451612903	0.04000268064516128	0.0	2.1298387096774194	0.0	5329.2451612903205	7947.040645161292	36.87477419354838	39.739677419354834	38.177161290322566	39.146935483870955	37.249709677419354	960.0141935483872	40.00387096774193	0.0	1750961444.9	0.0	1750961447	11:10:47	1750961444.5	1750961447	31	-0.054	0.004	1.194	0.144	405.0	18.0	0.38	0.16	-2.7479039024390244	0.005316167247386266	0.03891356700388815	1	0.4793436097560976	0.09688471777003442	0.014387937245803277	1	2	2	2/2	3.45013	2.78107	0.0968164	0.0974887	0.0996638	0.0973539	27200	30949.4	29253.2	34881.6	30467.7	39085.2	36024.5	46170.9	2.42158	2.22675	0.1017	0	24.6438	999.9	63.7	26.9	22.396	61.7848	25.7532	2	-0.243333	0	20.2945	5.2113	11.968	4.9909	3.27192	3186.3	9999.0	9999.0	999.9	4.97258	1.86277	1.86455	1.86297	1.86298	1.86356	1.86005	1.86282	0.0	0.0	0.0	0.0	11111111	oooooooo	on	on	on	on	0.0	100.0	100.0	1.194	0.144	1.5309473481794942	-0.0010337305037507979	9.120241388950126e-07	-2.246115299815222e-10	-0.10185547103459758	-0.01814858093373864	0.0020919599883593687	-1.9087170078860404e-05	2.0	2210.0	1.0	26.0	1.7	4.1	1.27075	2.37427	2.34863	2.7124	2.39868	2.24976	31.6736	15.7169	18	741.14	645.7	25.6782	24.4676	30.0002	24.3353	24.2948	25.4836	25.6666	81.4546	-999.9	405	18.133	100.46	100.816	
32	1750961588	4317	20250626 11:13:08	11:13:08	15	1750961580.0	0.0021629767902291703	2.1629767902291706	8.637590551968637	397.8784193548387	302.22340716400447	30.61591531516313	40.30598459267698	0.16115119402001618	3.0	0.15649192434783266	0.0982148487316539	161.91702393757416	26.52122216454359	25.289077419354836	3.2348922709862085	54.97171766383306	1.8700067845787012	3.4017616040566514	1.3648854864075073	-95.38727644910641	137.1813448258074	9.742019324676356	213.4531116389515	8.637590551968637	2.1629767902291706	8.509670435917089	411.9418219594948	405.4333818181819	0.00479043520242419	66.94949289468046	2.1567263534898578	16.86875452999762	18.456649090909092	-2.7408919636959686e-05	79.35592609414978	350.0	44.0	1	0	53758.0	1000.0126129032259	841.2100823611031	0.8411994723935642	0.1619149817195789	6.0	0.5	1: Needles	2.0	False	1750961580.0	397.8784193548387	405.00248387096764	18.459674193548384	16.8672935483871	396.7194193548387	18.30575161290323	799.9528064516129	101.20206451612903	0.10019927096774194	26.137258064516132	25.289077419354836	999.9000000000003	0.0	0.0	10000.406774193549	0.0	0.00152894	-7.085876451612903	405.40009677419357	411.9508064516129	1.5923800000000004	405.00248387096764	16.8672935483871	1.8681570967741936	1.7070054838709676	16.369058064516125	14.960274193548385	1000.0126129032259	0.9600160322580645	0.03998352258064517	0.0	0.7508064516129034	0.0	7728.71064516129	7947.065806451612	36.084451612903216	39.62883870967742	37.51390322580645	38.33045161290322	36.54203225806451	960.0293548387098	39.98290322580645	0.0	1750961605.1	0.0	1750961605	11:13:25	1750961605	1750961447	32	-0.035	0.004	1.159	0.144	405.0	18.0	0.16	0.16	-7.08042375	0.009603489681049564	0.027179560766088552	1	1.5905402499999999	0.01175178236397437	0.004385454074266422	1	2	2	2/2	3.44939	2.78167	0.0960464	0.097502	0.0987854	0.0922135	27229	30956.5	29259.1	34889.8	30504.8	39318.3	36033	46183.1	1.91085	2.22555	0.0625737	0	24.233	999.9	63.8	27	22.5638	61.9148	26.0016	2	-0.252152	0	20.2963	5.2125	11.968	4.991	3.272	3191.1	9999.0	9999.0	999.9	4.97261	1.86279	1.86459	1.86301	1.863	1.86356	1.86005	1.8629	0.0	0.0	0.0	0.0	11111111	oooooooo	on	on	on	on	0.0	100.0	100.0	1.159	0.1538	1.4776822487302281	-0.0010337305037507979	9.120241388950126e-07	-2.246115299815222e-10	-0.09778401839919948	-0.01814858093373864	0.0020919599883593687	-1.9087170078860404e-05	2.0	2210.0	1.0	26.0	2.4	2.4	1.26953	2.38281	2.34741	2.7124	2.39868	2.29614	31.8049	15.6993	18	412.012	643.472	25.5321	24.3637	29.9996	24.248	24.1906	25.4526	30.77	79.9494	-999.9	405	16.9058	100.483	100.842	
33	1750961745.5	4474.5	20250626 11:15:45	11:15:45	15	1750961737.75	0.0008430141936567036	0.8430141936567036	0.36337847583147276	404.4820666666667	384.9291334488878	38.992001620997314	40.97264672543995	0.057481803334921144	3.0	0.056876872857414634	0.03560186552281597	161.91045020555546	26.8327514609891	25.76942	3.328492856913696	54.92115002067334	1.8655941581244466	3.3968592380571097	1.4628986987892492	-37.17692594026063	55.54715095999997	3.9537476918976404	184.23442291719243	0.36337847583147276	0.8430141936567036	0.3900692425417132	412.3699937721463	412.07062424242434	0.00044651908831557847	66.94931726986734	0.8664743159736434	17.795275439676246	18.433178181818175	-8.003811060069213e-06	79.35399242848078	541.0	68.0	1	0	53542.0	999.9616	841.1680439199769	0.8412003460132638	0.1619166678055992	6.0	0.5	1: Needles	2.0	False	1750961737.75	404.4820666666667	405.01033333333334	18.41715	17.79654	403.3000666666667	18.28715	800.008	101.19656666666668	0.1000051766666667	26.112863333333333	25.76942	999.9000000000002	0.0	0.0	10006.373333333331	0.0	0.00152894	-0.5512787333333333	412.05770000000007	412.3487666666667	0.6438117	405.01033333333334	17.79654	1.8660983333333332	1.8009469999999999	16.351733333333332	15.795006666666668	999.9616	0.9599882666666666	0.04001200999999999	0.0	3.6391666666666667	0.0	5483.434000000002	7946.568666666667	37.74136666666666	41.73303333333332	39.141433333333325	41.09349999999998	38.114366666666655	959.9516666666666	40.01	0.0	1750961762.9	0.0	1750961763	11:16:03	1750961763	1750961762.5	33	0.024	0.0	1.182	0.13	405.0	18.0	0.33	0.15	-0.5599670975609756	0.10370931010452897	0.02556320750496114	0	0.6235342195121951	0.25702877351916437	0.0414430315714218	0	0	2	0/2	3.45	2.78078	0.0972709	0.0975302	0.0987119	0.0958217	27196.8	30958.2	29263.7	34892.2	30512.6	39165	36039.5	46187	1.45425	2.2287	0.106327	0	24.0463	999.9	63.7	27	22.5295	62.1448	26.0296	2	-0.260066	0	20.2963	5.21325	11.968	4.99155	3.272	3196.0	9999.0	9999.0	999.9	4.97262	1.86279	1.8646	1.86297	1.86298	1.86356	1.86005	1.86287	0.0	0.0	0.0	0.0	11111111	oooooooo	on	on	on	on	0.0	100.0	100.0	1.182	0.13	1.4423299901456026	-0.0010337305037507979	9.120241388950126e-07	-2.246115299815222e-10	-0.09778401839919948	-0.01814858093373864	0.0020919599883593687	-1.9087170078860404e-05	2.0	2210.0	1.0	26.0	2.3	5.0	1.26953	2.38159	2.34741	2.71118	2.39868	2.24854	31.783	15.6643	18	226.902	644.776	25.3964	24.2413	30	24.1566	24.0906	25.4659	27.2937	78.077	-999.9	405	17.7884	100.5	100.849	
34	1750961906.5	4635.5	20250626 11:18:26	11:18:26	15	1750961898.75	0.00042067424033628533	0.4206742403362853	0.13071236068482583	404.77616666666665	388.039286661056	39.307266971437265	41.00266492021273	0.028566166613221436	3.0	0.028415908926389986	0.017773377108688145	161.91334669999995	26.951465578139526	25.70213	3.315239743151428	54.54016943651432	1.8538810259708056	3.399111233287888	1.4613587171806224	-18.551733998830183	68.24342696000083	4.856080193247232	216.46111985441786	0.13071236068482583	0.4206742403362853	0.025524711175842065	412.40553986027663	412.38458181818163	0.0004294338352818999	66.95261585393672	0.42286977820225446	17.99202798345985	18.303473333333326	-1.6377395568398843e-05	79.24782740164032	799.0	100.0	1	0	53514.0	999.9883333333332	841.1897899999998	0.8411996039953799	0.16191523571108327	6.0	0.5	1: Needles	2.0	False	1750961898.75	404.77616666666665	405.0019333333332	18.301416666666665	17.991653333333335	403.6331666666667	18.162416666666665	799.9177333333334	101.19046666666668	0.10666566666666667	26.12407333333334	25.70213	999.9000000000002	0.0	0.0	9998.919333333331	0.0	0.00152894	-0.18607990000000002	412.3667666666667	412.4220666666666	0.3195453999999999	405.0019333333332	17.991653333333335	1.8529203333333333	1.8205856666666667	16.240516666666668	15.96465	999.9883333333332	0.9600126666666667	0.03998733333333335	0.0	1.443166666666667	0.0	4583.105666666666	7946.864	35.76226666666666	38.34349999999999	37.04973333333332	37.54973333333332	36.20806666666666	960.002	39.98633333333333	0.0	1750961923.7	0.0	1750961925	11:18:45	1750961925	1750961922.5	34	-0.04	0.002	1.143	0.139	405.0	18.0	0.27	0.16	-0.205423725	0.3413299024390246	0.03948191948473852	0	0.32426875	-0.0935234746716703	0.009127222514954916	1	1	2	1/2	3.44995	2.7883	0.0973114	0.0975423	0.0981936	0.0965717	27196.1	30957.9	29264.1	34892.2	30531	39133.1	36040.3	46187.8	0.288	2.2295	0.092186	0	24.1719	999.9	63.5	27.1	22.5931	62.0948	26.4904	2	-0.261458	0	20.2944	5.21444	11.968	4.9914	3.272	3201.2	9999.0	9999.0	999.9	4.97261	1.86279	1.8646	1.86296	1.86296	1.86356	1.86005	1.8628	0.0	0.0	0.0	0.0	11111111	oooooooo	on	on	on	on	0.0	100.0	100.0	1.143	0.139	1.4660070943309682	-0.0010337305037507979	9.120241388950126e-07	-2.246115299815222e-10	-0.09731380958000713	-0.01814858093373864	0.0020919599883593687	-1.9087170078860404e-05	2.0	2210.0	1.0	26.0	2.4	2.4	1.26953	2.37183	2.34741	2.7124	2.39868	2.29126	31.7611	15.6381	18	-1.96041	644.846	25.3815	24.21	30.0001	24.2357	24.0438	25.4735	26.7093	76.9492	-999.9	405	17.9394	100.501	100.85	
35	1750962025	4754	20250626 11:20:25	11:20:25	15	1750962017.0	0.001926448327127667	1.9264483271276671	8.304375783184101	398.1930967741936	294.7083712702749	29.851908651395956	40.33419172751756	0.1418289474257076	3.0	0.13820647700049454	0.0866968064754024	161.91532403225804	26.548051315833597	25.280909677419356	3.233320781594121	54.69368014091499	1.8568815761206703	3.395056926753742	1.3764392054734507	-84.95637122633012	133.1050758967748	9.450567862846986	219.5145965655497	8.304375783184101	1.9264483271276671	8.433571256063031	412.0001016580725	405.5694969696968	-0.0010083081633590052	66.9492508424384	1.9490554988344024	16.913650113964742	18.347704848484835	0.00022918551271290774	79.3597549719736	293.0	37.0	1	0	53597.0	1000.0029032258063	841.2018483870967	0.8411994061952723	0.1619148539568756	6.0	0.5	1: Needles	2.0	False	1750962017.0	398.1930967741936	404.99674193548384	18.33177741935484	16.913419354838712	396.9550967741936	18.179929032258066	799.9953548387097	101.19309677419356	0.0999493741935484	26.103887096774198	25.280909677419356	999.9000000000003	0.0	0.0	10006.194838709678	0.0	0.00152894	-6.8960648387096795	405.53477419354846	411.9643548387097	1.4183612903225802	404.99674193548384	16.913419354838712	1.8550483870967744	1.7115212903225807	16.258529032258064	15.001316129032258	1000.0029032258063	0.9600181612903226	0.039981822580645164	0.0	1.8069354838709675	0.0	8074.697096774192	7947.000322580646	36.42522580645161	40.14896774193548	37.91309677419355	39.0360322580645	36.85651612903225	960.0225806451612	39.980322580645165	0.0	1750962042.5	0.0	1750962042	11:20:42	1750962042	1750961922.5	35	0.095	0.002	1.238	0.139	405.0	18.0	0.17	0.16	-6.8990279999999995	0.05913951219513313	0.02767016093194978	1	1.422004	0.00047279549718279453	0.019118175095965615	1	2	2	2/2	3.44946	2.78043	0.0961124	0.097534	0.0983892	0.0924153	27229.4	30956.9	29261.3	34890.9	30521.1	39312.5	36036.6	46186.7	2.02752	2.22605	0.0698455	0	24.1766	999.9	63.5	27.1	22.589	61.6848	25.9415	2	-0.258491	0	20.2953	5.20741	11.968	4.99015	3.27125	3204.8	9999.0	9999.0	999.9	4.97265	1.86279	1.86462	1.86302	1.86302	1.86356	1.86005	1.86292	0.0	0.0	0.0	0.0	11111111	oooooooo	on	on	on	on	0.0	100.0	100.0	1.238	0.1525	1.4261522187628168	-0.0010337305037507979	9.120241388950126e-07	-2.246115299815222e-10	-0.09492967932025378	-0.01814858093373864	0.0020919599883593687	-1.9087170078860404e-05	2.0	2210.0	1.0	26.0	1.7	1.7	1.26953	2.36938	2.34741	2.71118	2.39868	2.2998	31.8269	15.6293	18	472.692	642.287	25.3754	24.2384	30.0003	24.1093	24.0603	25.4506	30.5434	75.7881	-999.9	405	16.973	100.491	100.848	
36	1750962146.5	4875.5	20250626 11:22:26	11:22:26	15	1750962138.75	0.0008326369955837366	0.8326369955837366	4.851932347151316	401.0957666666667	262.03233098673377	26.542109113148744	40.62829790354267	0.05955723152664066	3.0	0.058908095491609476	0.03687529231201024	161.91605933883136	26.953218168288707	25.43696666666667	3.263462113940701	54.61021972801654	1.8679969589147283	3.4205996024520564	1.3954651550259727	-36.719291505242786	128.37741087999896	9.127853438474618	262.7020321520622	4.851932347151316	0.8326369955837366	4.646647491777512	412.3530767928947	408.70810909090915	0.028408800634405287	66.94650721111294	0.8951628198659506	17.827991519409586	18.485232121212125	0.0004290869750015932	79.50968221450414	6.0	1.0	1	0	53452.0	999.9967333333333	841.1975568802235	0.8412003048012192	0.16191658826635305	6.0	0.5	1: Needles	2.0	False	1750962138.75	401.0957666666667	404.9852666666667	18.441473333333334	17.828500000000002	399.9007666666667	18.307473333333334	799.9844999999999	101.19333333333333	0.09992698	26.23071333333333	25.43696666666667	999.9000000000002	0.0	0.0	9993.682333333334	0.0	0.00152894	-3.845192333333333	408.6862333333333	412.3366999999999	0.6358152333333333	404.9852666666667	17.828500000000002	1.8684640000000001	1.8041243333333334	16.371623333333336	15.822566666666667	999.9967333333333	0.9599888999999998	0.040011349999999994	0.0	1.5313333333333332	0.0	4251.827666666667	7946.849333333333	37.764266666666664	41.84769999999999	39.308166666666665	41.12466666666665	38.13309999999999	959.986	40.01	0.0	1750962163.7	0.0	1750962170	11:22:50	1750962170	1750962165	36	-0.042	-0.0	1.195	0.134	405.0	18.0	0.27	0.11	-3.8317324999999998	-0.3161921200750363	0.04294815658151117	0	0.631188325	0.13924544465290709	0.01576891458754771	0	0	2	0/2	3.44993	2.78093	0.0966476	0.0975314	0.0989028	0.0959548	27210.7	30953.9	29258.6	34887.7	30500.7	39155.6	36033.1	46182.7	2.50605	2.22675	0.067994	0	24.3857	999.9	63.5	27.2	22.7242	61.8548	25.9014	2	-0.254799	0	20.2959	5.2122	11.968	4.9911	3.272	3208.3	9999.0	9999.0	999.9	4.97263	1.86279	1.86462	1.86307	1.86307	1.86357	1.86006	1.86293	0.0	0.0	0.0	0.0	11111111	oooooooo	on	on	on	on	0.0	100.0	100.0	1.195	0.134	1.521241913836142	-0.0010337305037507979	9.120241388950126e-07	-2.246115299815222e-10	-0.09492967932025378	-0.01814858093373864	0.0020919599883593687	-1.9087170078860404e-05	2.0	2210.0	1.0	26.0	1.7	3.7	1.26953	2.37793	2.34741	2.71851	2.39868	2.26074	31.9805	15.603	18	808.869	643.313	25.4388	24.2973	30.0002	24.1414	24.0986	25.469	27.3159	74.6749	-999.9	405	17.8855	100.482	100.839	
37	1750962267.5	4996.5	20250626 11:24:27	11:24:27	15	1750962259.75	0.0019260868568905238	1.9260868568905238	5.838916402617925	400.06749999999994	317.6159322698428	32.171859549812694	40.523519486137445	0.12931239192200872	3.0	0.12629375325169948	0.07919893939604285	161.91638463643682	26.722547252839675	26.06146333333334	3.3865500844472836	54.863314064557365	1.8819401305428134	3.430234142123359	1.5046099539044702	-84.9404303888721	35.07622543999866	2.5023989644173854	114.55457865198076	5.838916402617925	1.9260868568905238	5.880924390728754	412.04160524366534	407.5573030303028	-0.0009900711367637112	66.94682093104859	1.9207165982933982	17.15561046171246	18.57018848484847	-0.00019908960070191793	79.50333790879932	0	0.0	1	0	53535.0	1000.0029	841.202395480019	0.8411999560001467	0.16191591508028308	6.0	0.5	1: Needles	2.0	False	1750962259.75	400.06749999999994	405.0245666666666	18.57941	17.161696666666664	398.8444999999999	18.418386666666667	800.0071333333333	101.19160000000001	0.10010574000000001	26.278336666666664	26.06146333333334	999.9000000000002	0.0	0.0	9992.514666666666	0.0	0.00152894	-4.982659666666667	407.61513333333335	412.09673333333336	1.4177103333333332	405.0245666666666	17.161696666666664	1.8800793333333334	1.7366196666666667	16.468980000000002	15.227676666666666	1000.0029	0.9600014000000001	0.03999851333333335	0.0	2.0615000000000006	0.0	5786.751666666666	7946.940000000001	36.26846666666666	39.04559999999999	37.62893333333333	38.13513333333333	36.66853333333332	960.0046666666668	39.998666666666665	0.0	1750962284.9	0.0	1750962284.5	11:24:44	1750962284.5	1750962165	37	0.028	-0.0	1.223	0.134	405.0	18.0	0.38	0.11	-4.959069024390244	-0.353680766550523	0.04657181408685797	0	1.426582195121951	-0.1403692682926832	0.015906577027833973	0	0	2	0/2	3.44954	2.78091	0.0964319	0.0975028	0.0992107	0.0933312	27216.9	30953.7	29258.4	34886.5	30490.1	39268.9	36033	46182	2.52385	2.22385	0.0979677	0	24.4953	999.9	63.5	27.2	22.7265	62.1148	25.8654	2	-0.253338	0	20.2941	5.2113	11.968	4.9909	3.272	3212.1	9999.0	9999.0	999.9	4.97265	1.86279	1.86462	1.8631	1.8631	1.86359	1.86006	1.86294	0.0	0.0	0.0	0.0	11111111	oooooooo	on	on	on	on	0.0	100.0	100.0	1.223	0.1607	1.4788975151974264	-0.0010337305037507979	9.120241388950126e-07	-2.246115299815222e-10	-0.09510902760134801	-0.01814858093373864	0.0020919599883593687	-1.9087170078860404e-05	2.0	2210.0	1.0	26.0	1.6	1.7	1.26831	2.37061	2.34741	2.71118	2.39868	2.2644	32.1124	15.5768	18	824.779	641.37	25.5032	24.3213	30.0003	24.1691	24.1294	25.4548	30.3906	73.5491	-999.9	405	17.177	100.481	100.836	
